url_length,domain_length,path_length,query_length,fragment_length,qty_dot,qty_hyphen,qty_slash,qty_questionmark,qty_equal,qty_and,qty_percent,qty_special_chars,qty_digits,qty_letters,qty_subdomains,has_at_symbol,has_hash_symbol,has_percent_symbol,has_double_slash_redirect,excessive_hyphens,excessive_special_chars,has_consecutive_special_chars,is_https,is_http,is_ip_address,is_suspicious_port,is_shortened,qty_suspicious_keywords,has_suspicious_keywords,digit_ratio,special_char_ratio,hyphen_ratio,letter_ratio,url_entropy,max_consecutive_digits,suspicious_pattern_count,is_numeric_heavy_domain,high_subdomain_count,is_suspicious_tld,domain_entropy,domain_vowel_count,target_label
37,23,6,0,0,2,0,3,0,0,0,0,6,0,31,1,0,0,0,0,0,1,1,1,0,0,0,0,0,0,0.0,0.1622,0.0,0.8378,3.8952,0,2,0,0,0,3.3931,8,0
66,15,26,17,0,4,1,4,1,1,0,0,13,18,35,0,0,0,0,0,0,1,1,0,1,1,0,0,1,1,0.2727,0.197,0.0152,0.5303,4.6727,6,3,1,0,0,2.6389,0,1
55,15,6,25,0,2,0,3,1,3,2,0,12,5,38,1,0,0,0,0,0,1,1,1,0,0,0,0,0,0,0.0909,0.2182,0.0,0.6909,4.6081,5,2,0,0,0,2.7899,5,0
69,15,29,17,0,4,1,4,1,1,0,0,13,18,38,0,0,0,0,0,0,1,1,0,1,1,0,0,2,1,0.2609,0.1884,0.0145,0.5507,4.6315,6,3,1,0,0,2.2892,0,1
30,21,1,0,0,2,0,3,0,0,0,0,6,0,24,1,0,0,0,0,0,1,1,1,0,0,0,0,0,0,0.0,0.2,0.0,0.8,4.0062,0,2,0,0,0,3.5226,8,0
37,11,18,0,0,1,0,6,0,0,0,0,8,6,23,0,0,0,0,0,0,1,1,1,0,0,0,0,0,0,0.1622,0.2162,0.0,0.6216,4.0468,4,2,0,0,0,3.0958,4,0
29,13,8,0,0,2,0,3,0,0,0,0,6,0,23,1,0,0,0,0,0,1,1,1,0,0,0,0,0,0,0.0,0.2069,0.0,0.7931,3.6335,0,2,0,0,0,3.2389,5,0
27,13,6,0,0,3,0,3,0,0,0,0,7,0,20,2,0,0,0,0,0,1,1,1,0,0,0,0,0,0,0.0,0.2593,0.0,0.7407,3.7542,0,2,0,0,0,2.6612,3,0
35,19,8,0,0,2,0,3,0,0,0,0,6,0,29,1,0,0,0,0,0,1,1,1,0,0,0,0,0,0,0.0,0.1714,0.0,0.8286,3.9317,0,2,0,0,0,3.6819,6,0
57,40,10,0,0,4,2,3,0,0,0,0,10,0,47,2,0,0,0,0,0,1,1,0,1,0,0,0,2,1,0.0,0.1754,0.0351,0.8246,4.3303,0,2,0,0,1,4.0348,13,1
30,17,5,0,0,1,0,3,0,0,0,0,5,0,25,0,0,0,0,0,0,0,1,1,0,0,0,0,0,0,0.0,0.1667,0.0,0.8333,4.0062,0,1,0,0,0,3.6901,5,0
62,14,23,17,0,4,1,4,1,1,0,0,13,17,32,0,0,0,0,0,0,1,1,0,1,1,0,0,2,1,0.2742,0.2097,0.0161,0.5161,4.6955,6,3,1,0,0,2.6106,0,1
61,41,13,0,0,4,2,3,0,0,0,0,10,0,51,2,0,0,0,0,0,1,1,0,1,0,0,0,2,1,0.0,0.1639,0.0328,0.8361,4.3223,0,2,0,0,1,4.046,14,1
56,18,5,24,0,2,0,3,1,3,2,0,12,4,40,1,0,0,0,0,0,1,1,1,0,0,0,0,1,1,0.0714,0.2143,0.0,0.7143,4.5479,4,2,0,0,0,3.5033,6,0
54,36,11,0,0,2,4,3,0,0,0,0,10,0,44,0,0,0,0,0,1,1,1,0,1,0,0,0,3,1,0.0,0.1852,0.0741,0.8148,4.357,0,3,0,0,1,4.0515,11,1
31,17,6,0,0,3,0,3,0,0,0,0,7,0,24,2,0,0,0,0,0,1,1,1,0,0,0,0,1,1,0.0,0.2258,0.0,0.7742,3.76,0,2,0,0,0,3.3372,5,0
72,14,24,25,0,3,0,6,1,3,2,0,16,11,45,2,0,0,0,0,0,1,1,1,0,0,0,0,0,0,0.1528,0.2222,0.0,0.625,4.8137,5,2,0,0,0,2.9852,4,0
40,14,18,0,0,2,0,5,0,0,0,0,8,0,32,1,0,0,0,0,0,1,1,1,0,0,0,0,0,0,0.0,0.2,0.0,0.8,4.0939,0,2,0,0,0,3.3249,3,0
62,12,16,25,0,2,0,4,1,3,2,0,13,5,44,1,0,0,0,0,0,1,1,1,0,0,0,0,0,0,0.0806,0.2097,0.0,0.7097,4.603,5,2,0,0,0,3.4183,4,0
71,13,33,17,0,4,2,4,1,1,0,0,14,16,41,0,0,0,0,0,0,1,1,0,1,1,0,0,2,1,0.2254,0.1972,0.0282,0.5775,4.8345,6,3,1,0,0,3.027,0,1
46,11,28,0,0,3,2,5,0,0,0,0,11,8,27,0,0,0,0,0,0,1,1,0,1,1,0,0,3,1,0.1739,0.2391,0.0435,0.587,4.5698,3,3,1,0,0,2.6635,0,1
23,14,1,0,0,2,0,3,0,0,0,0,6,0,17,1,0,0,0,0,0,1,1,1,0,0,0,0,0,0,0.0,0.2609,0.0,0.7391,3.6753,0,2,0,0,0,2.8963,4,0
20,5,8,0,0,1,0,3,0,0,0,0,5,0,15,0,0,0,0,0,0,0,1,0,1,0,0,1,0,0,0.0,0.25,0.0,0.75,3.8842,0,2,0,0,0,2.3219,0,1
46,20,18,0,0,2,0,5,0,0,0,0,8,1,37,1,0,0,0,0,0,1,1,1,0,0,0,0,0,0,0.0217,0.1739,0.0,0.8043,4.1085,1,2,0,0,0,3.3842,5,0
31,15,8,0,0,2,0,3,0,0,0,0,6,0,25,1,0,0,0,0,0,1,1,1,0,0,0,0,0,0,0.0,0.1935,0.0,0.8065,4.1069,0,2,0,0,0,3.3232,5,0
27,13,6,0,0,2,0,3,0,0,0,0,6,0,21,1,0,0,0,0,0,1,1,1,0,0,0,0,0,0,0.0,0.2222,0.0,0.7778,3.9303,0,2,0,0,0,3.0851,4,0
56,36,13,0,0,4,2,3,0,0,0,0,10,0,46,2,0,0,0,0,0,1,1,0,1,0,0,0,2,1,0.0,0.1786,0.0357,0.8214,4.1537,0,2,0,0,1,3.6151,13,1
44,27,10,0,0,1,2,3,0,0,0,0,7,2,35,0,0,0,0,0,0,1,1,0,1,0,0,0,2,1,0.0455,0.1591,0.0455,0.7955,4.1187,2,2,0,0,0,3.8101,8,1
62,44,11,0,0,2,5,3,0,0,0,0,11,0,51,0,0,0,0,0,1,1,1,0,1,0,0,0,3,1,0.0,0.1774,0.0806,0.8226,4.4178,0,3,0,0,1,4.1209,15,1
60,31,11,10,0,4,1,3,1,1,0,0,11,5,44,2,0,0,0,0,0,1,1,0,1,0,0,0,1,1,0.0833,0.1833,0.0167,0.7333,4.4964,5,2,0,0,1,3.889,9,1
64,46,11,0,0,2,5,3,0,0,0,0,11,0,53,0,0,0,0,0,1,1,1,0,1,0,0,0,2,1,0.0,0.1719,0.0781,0.8281,4.3339,0,3,0,0,1,4.1085,14,1
66,15,26,17,0,4,1,4,1,1,0,0,13,18,35,0,0,0,0,0,0,1,1,0,1,1,0,0,3,1,0.2727,0.197,0.0152,0.5303,4.6273,6,3,1,0,0,2.7899,0,1
69,15,29,17,0,4,1,4,1,1,0,0,13,18,38,0,0,0,0,0,0,1,1,0,1,1,0,0,2,1,0.2609,0.1884,0.0145,0.5507,4.6513,6,3,1,0,0,2.4226,0,1
25,9,8,0,0,1,0,3,0,0,0,0,5,0,20,0,0,0,0,0,0,0,1,1,0,0,0,0,0,0,0.0,0.2,0.0,0.8,3.4937,0,1,0,0,0,2.9477,3,0
58,38,13,0,0,4,2,3,0,0,0,0,10,0,48,2,0,0,0,0,0,1,1,0,1,0,0,0,3,1,0.0,0.1724,0.0345,0.8276,4.1789,0,2,0,0,1,3.8854,12,1
65,45,13,0,0,4,3,3,0,0,0,0,11,0,54,2,0,0,0,0,0,1,1,0,1,0,0,0,3,1,0.0,0.1692,0.0462,0.8308,4.1161,0,2,0,0,1,3.6656,14,1
71,42,11,10,0,4,2,3,1,1,0,0,12,5,54,2,0,0,0,0,0,1,1,0,1,0,0,0,5,1,0.0704,0.169,0.0282,0.7606,4.602,5,2,0,0,1,3.9964,13,1
25,9,8,0,0,2,0,3,0,0,0,0,6,0,19,1,0,0,0,0,0,1,1,1,0,0,0,0,0,0,0.0,0.24,0.0,0.76,3.8635,0,2,0,0,0,2.5033,3,0
67,49,11,0,0,2,6,3,0,0,0,0,12,0,55,0,0,0,0,0,1,1,1,0,1,0,0,0,4,1,0.0,0.1791,0.0896,0.8209,4.2102,0,3,0,0,1,3.931,14,1
71,16,22,24,0,2,0,4,1,3,2,0,13,4,54,1,0,0,0,0,0,1,1,1,0,0,0,0,0,0,0.0563,0.1831,0.0,0.7606,4.6408,4,2,0,0,0,3.5778,4,0
62,20,9,25,0,2,2,5,1,1,0,0,13,0,49,0,0,0,0,1,0,1,1,0,1,0,0,0,2,1,0.0,0.2097,0.0323,0.7903,4.4658,0,3,0,0,1,3.8219,5,1
50,24,18,0,0,2,0,5,0,0,0,0,8,0,42,1,0,0,0,0,0,1,1,1,0,0,0,0,1,1,0.0,0.16,0.0,0.84,4.2371,0,2,0,0,0,3.7516,9,0
51,8,9,25,0,1,0,3,1,3,2,0,11,5,35,0,0,0,0,0,0,1,1,1,0,0,0,0,0,0,0.098,0.2157,0.0,0.6863,4.5472,5,2,0,0,0,2.75,3,0
52,32,13,0,0,4,2,3,0,0,0,0,10,0,42,2,0,0,0,0,0,1,1,0,1,0,0,0,3,1,0.0,0.1923,0.0385,0.8077,4.3731,0,2,0,0,1,3.9445,11,1
70,41,11,10,0,4,2,3,1,1,0,0,12,5,53,2,0,0,0,0,0,1,1,0,1,0,0,0,4,1,0.0714,0.1714,0.0286,0.7571,4.6134,5,2,0,0,1,3.9764,12,1
20,5,8,0,0,1,0,3,0,0,0,0,5,2,13,0,0,0,0,0,0,0,1,0,1,0,0,1,0,0,0.1,0.25,0.0,0.65,3.8842,2,2,0,0,0,2.3219,0,1
69,13,22,25,0,1,0,4,1,3,2,0,12,6,51,0,0,0,0,0,0,1,1,1,0,0,0,0,0,0,0.087,0.1739,0.0,0.7391,4.5753,5,2,0,0,0,3.027,3,0
69,51,11,0,0,2,5,3,0,0,0,0,11,0,58,0,0,0,0,0,1,1,1,0,1,0,0,0,3,1,0.0,0.1594,0.0725,0.8406,4.3706,0,3,0,0,1,4.1292,16,1
26,11,8,0,0,1,0,3,0,0,0,0,5,0,21,0,0,0,0,0,0,0,1,0,1,0,0,1,0,0,0.0,0.1923,0.0,0.8077,3.9172,0,2,0,0,0,3.0958,3,1
74,23,17,25,0,2,0,4,1,3,2,0,13,5,56,1,0,0,0,0,0,1,1,1,0,0,0,0,0,0,0.0676,0.1757,0.0,0.7568,4.6098,5,2,0,0,0,3.6425,10,0
74,56,11,0,0,2,6,3,0,0,0,0,12,0,62,0,0,0,0,0,1,1,1,0,1,0,0,0,5,1,0.0,0.1622,0.0811,0.8378,4.3204,0,3,0,0,1,4.0501,17,1
36,12,16,0,0,2,0,4,0,0,0,0,7,0,29,1,0,0,0,0,0,1,1,1,0,0,0,0,0,0,0.0,0.1944,0.0,0.8056,4.2045,0,2,0,0,0,3.085,3,0
60,18,8,25,0,3,0,3,1,3,2,0,13,5,42,2,0,0,0,0,0,1,1,1,0,0,0,0,0,0,0.0833,0.2167,0.0,0.7,4.7937,5,2,0,0,0,3.5305,7,0
49,31,11,0,0,2,4,3,0,0,0,0,10,0,39,0,0,0,0,0,1,1,1,0,1,0,0,0,2,1,0.0,0.2041,0.0816,0.7959,4.3112,0,3,0,0,1,4.0023,10,1
32,16,8,0,0,2,0,3,0,0,0,0,6,0,26,1,0,0,0,0,0,1,1,1,0,0,0,0,0,0,0.0,0.1875,0.0,0.8125,4.007,0,2,0,0,0,3.25,5,0
53,15,7,22,0,2,0,3,1,2,1,0,10,0,43,1,0,0,0,0,0,1,1,1,0,0,0,0,0,0,0.0,0.1887,0.0,0.8113,4.1404,0,2,0,0,0,3.4566,3,0
65,47,11,0,0,2,5,3,0,0,0,0,11,0,54,0,0,0,0,0,1,1,1,0,1,0,0,0,3,1,0.0,0.1692,0.0769,0.8308,4.2586,0,3,0,0,1,4.0176,14,1
40,16,16,0,0,2,0,4,0,0,0,0,7,0,33,1,0,0,0,0,0,1,1,1,0,0,0,0,0,0,0.0,0.175,0.0,0.825,4.1964,0,2,0,0,0,3.4528,4,0
30,13,9,0,0,2,0,3,0,0,0,0,6,0,24,1,0,0,0,0,0,1,1,1,0,0,0,0,0,0,0.0,0.2,0.0,0.8,3.8729,0,2,0,0,0,3.3927,5,0
59,13,21,17,0,4,0,4,1,1,0,0,12,16,31,0,0,0,0,0,0,1,1,0,1,1,0,0,1,1,0.2712,0.2034,0.0,0.5254,4.6244,6,3,1,0,0,2.9689,0,1
26,11,8,0,0,1,0,3,0,0,0,0,5,1,20,0,0,0,0,0,0,0,1,0,1,0,0,1,0,0,0.0385,0.1923,0.0,0.7692,3.9022,1,2,0,0,0,3.0958,3,1
44,18,18,0,0,2,0,5,0,0,0,0,8,0,36,1,0,0,0,0,0,1,1,1,0,0,0,0,0,0,0.0,0.1818,0.0,0.8182,4.133,0,2,0,0,0,3.3921,5,0
45,15,22,0,0,2,0,4,0,0,0,0,7,0,38,1,0,0,0,0,0,1,1,1,0,0,0,0,0,0,0.0,0.1556,0.0,0.8444,4.0389,0,2,0,0,0,3.5069,4,0
44,22,14,0,0,2,0,5,0,0,0,0,8,1,35,1,0,0,0,0,0,1,1,1,0,0,0,0,0,0,0.0227,0.1818,0.0,0.7955,4.2327,1,2,0,0,0,3.8231,6,0
54,24,22,0,0,2,0,4,0,0,0,0,7,0,47,1,0,0,0,0,0,1,1,1,0,0,0,0,0,0,0.0,0.1296,0.0,0.8704,4.032,0,2,0,0,0,3.7406,7,0
40,10,22,0,0,1,0,4,0,0,0,0,6,0,34,0,0,0,0,0,0,1,1,1,0,0,0,0,0,0,0.0,0.15,0.0,0.85,3.9062,0,2,0,0,0,2.9219,3,0
64,35,11,10,0,4,2,3,1,1,0,0,12,5,47,2,0,0,0,0,0,1,1,0,1,0,0,0,3,1,0.0781,0.1875,0.0312,0.7344,4.5633,5,2,0,0,1,3.9002,11,1
75,13,32,17,0,4,1,4,1,1,0,0,14,20,41,0,0,0,0,0,0,1,1,0,1,1,1,0,1,1,0.2667,0.1867,0.0133,0.5467,4.8822,6,4,1,0,0,2.8731,0,1
57,28,11,10,0,4,1,3,1,1,0,0,11,5,41,2,0,0,0,0,0,1,1,0,1,0,0,0,3,1,0.0877,0.193,0.0175,0.7193,4.4671,5,2,0,0,1,3.744,8,1
57,39,11,0,0,2,5,3,0,0,0,0,11,0,46,0,0,0,0,0,1,1,1,0,1,0,0,0,4,1,0.0,0.193,0.0877,0.807,4.3901,0,3,0,0,1,4.0485,15,1
59,15,36,0,0,3,3,5,0,0,0,0,12,9,38,1,0,0,0,0,0,1,1,1,0,0,0,0,0,0,0.1525,0.2034,0.0508,0.6441,4.5649,7,2,0,0,0,3.3232,3,0
29,13,8,0,0,2,0,3,0,0,0,0,6,0,23,1,0,0,0,0,0,1,1,1,0,0,0,0,0,0,0.0,0.2069,0.0,0.7931,3.6244,0,2,0,0,0,3.0851,4,0
34,18,8,0,0,2,0,3,0,0,0,0,6,0,28,1,0,0,0,0,0,1,1,1,0,0,0,0,1,1,0.0,0.1765,0.0,0.8235,3.9764,0,2,0,0,0,3.4613,5,0
70,18,18,25,0,2,0,6,1,3,2,0,15,11,44,1,0,0,0,0,0,1,1,1,0,0,0,0,1,1,0.1571,0.2143,0.0,0.6286,4.7109,5,2,0,0,0,3.4613,5,0
55,42,6,0,0,4,2,4,0,0,0,0,11,0,44,3,0,0,0,0,0,1,1,0,1,0,0,0,3,1,0.0,0.2,0.0364,0.8,4.1836,0,2,0,1,0,3.8919,15,1
74,18,22,25,0,2,0,4,1,3,2,0,13,5,56,1,0,0,0,0,0,1,1,1,0,0,0,0,0,0,0.0676,0.1757,0.0,0.7568,4.6067,5,2,0,0,0,3.5724,7,0
86,22,7,48,0,2,0,3,2,5,3,0,16,5,65,1,0,0,0,0,0,1,1,1,0,0,0,0,1,1,0.0581,0.186,0.0,0.7558,4.6207,5,2,0,0,0,3.6635,8,0
71,14,32,17,0,4,1,4,1,1,0,0,13,17,41,0,0,0,0,0,0,1,1,0,1,1,0,0,1,1,0.2394,0.1831,0.0141,0.5775,4.8696,6,3,1,0,0,2.8963,0,1
56,18,7,22,0,2,0,3,1,2,1,0,10,0,46,1,0,0,0,0,0,1,1,1,0,0,0,0,1,1,0.0,0.1786,0.0,0.8214,4.2819,0,2,0,0,0,3.6144,5,0
47,15,24,0,0,2,0,6,0,0,0,0,9,6,32,1,0,0,0,0,0,1,1,1,0,0,0,0,0,0,0.1277,0.1915,0.0,0.6809,4.3623,4,2,0,0,0,3.5069,4,0
61,32,11,10,0,4,2,3,1,1,0,0,12,5,44,2,0,0,0,0,0,1,1,0,1,0,0,0,2,1,0.082,0.1967,0.0328,0.7213,4.3955,5,2,0,0,1,3.4536,11,1
31,14,9,0,0,2,0,3,0,0,0,0,6,0,25,1,0,0,0,0,0,1,1,1,0,0,0,0,0,0,0.0,0.1935,0.0,0.8065,4.0266,0,2,0,0,0,3.5216,5,0
30,13,10,0,0,4,0,3,0,0,0,0,8,10,12,0,0,0,0,0,0,1,1,0,1,1,0,0,1,1,0.3333,0.2667,0.0,0.4,3.9232,3,3,1,0,0,2.7193,0,1
69,14,25,17,0,4,0,4,1,1,0,0,13,21,35,0,0,0,0,0,0,1,1,0,1,1,1,0,2,1,0.3043,0.1884,0.0,0.5072,4.73,6,4,1,0,0,2.8424,0,1
64,11,23,17,0,4,1,4,1,1,0,0,14,18,32,0,0,0,0,0,0,1,1,0,1,1,1,0,3,1,0.2812,0.2188,0.0156,0.5,4.7074,6,4,1,0,0,2.2999,0,1
47,17,22,0,0,2,0,4,0,0,0,0,7,0,40,1,0,0,0,0,0,1,1,1,0,0,0,0,0,0,0.0,0.1489,0.0,0.8511,3.9304,0,2,0,0,0,3.2639,8,0
78,21,24,24,0,2,0,6,1,3,2,0,15,10,53,1,0,0,0,0,0,1,1,1,0,0,0,0,0,0,0.1282,0.1923,0.0,0.6795,4.7981,4,2,0,0,0,3.8802,7,0
65,14,26,17,0,4,1,4,1,1,0,0,13,17,35,0,0,0,0,0,0,1,1,0,1,1,0,0,2,1,0.2615,0.2,0.0154,0.5385,4.8394,6,3,1,0,0,2.7885,0,1
59,39,13,0,0,4,2,3,0,0,0,0,10,0,49,2,0,0,0,0,0,1,1,0,1,0,0,0,3,1,0.0,0.1695,0.0339,0.8305,4.2387,0,2,0,0,1,3.814,13,1
37,15,14,0,0,2,0,5,0,0,0,0,8,1,28,1,0,0,0,0,0,1,1,1,0,0,0,0,0,0,0.027,0.2162,0.0,0.7568,3.9669,1,2,0,0,0,3.3736,4,0
62,44,11,0,0,2,5,3,0,0,0,0,11,0,51,0,0,0,0,0,1,1,1,0,1,0,0,0,2,1,0.0,0.1774,0.0806,0.8226,4.4342,0,3,0,0,1,4.1701,14,1
26,17,1,0,0,2,0,3,0,0,0,0,6,0,20,1,0,0,0,0,0,1,1,1,0,0,0,0,0,0,0.0,0.2308,0.0,0.7692,3.7672,0,2,0,0,0,3.3372,5,0
34,18,8,0,0,2,0,3,0,0,0,0,6,0,28,1,0,0,0,0,0,1,1,1,0,0,0,0,1,1,0.0,0.1765,0.0,0.8235,4.0353,0,2,0,0,0,3.4613,5,0
44,20,16,0,0,2,0,4,0,0,0,0,7,0,37,1,0,0,0,0,0,1,1,1,0,0,0,0,0,0,0.0,0.1591,0.0,0.8409,4.0212,0,2,0,0,0,3.6219,8,0
57,39,11,0,0,2,5,3,0,0,0,0,11,0,46,0,0,0,0,0,1,1,1,0,1,0,0,0,4,1,0.0,0.193,0.0877,0.807,4.4269,0,3,0,0,1,4.1411,13,1
71,51,13,0,0,4,2,3,0,0,0,0,10,0,61,2,0,0,0,0,0,1,1,0,1,0,0,0,3,1,0.0,0.1408,0.0282,0.8592,4.3235,0,2,0,0,1,4.0379,20,1
30,18,4,0,0,2,0,3,0,0,0,0,6,0,24,1,0,0,0,0,0,1,1,1,0,0,0,0,0,0,0.0,0.2,0.0,0.8,3.7614,0,2,0,0,0,3.1972,6,0
26,11,8,0,0,1,0,3,0,0,0,0,5,1,20,0,0,0,0,0,0,0,1,0,1,0,0,1,0,0,0.0385,0.1923,0.0,0.7692,3.9791,1,2,0,0,0,3.0958,3,1
56,18,4,25,0,2,0,3,1,3,2,0,12,6,38,1,0,0,0,0,0,1,1,1,0,0,0,0,0,0,0.1071,0.2143,0.0,0.6786,4.7334,5,2,0,0,0,3.281,4,0
59,30,11,10,0,4,1,3,1,1,0,0,11,5,43,2,0,0,0,0,0,1,1,0,1,0,0,0,2,1,0.0847,0.1864,0.0169,0.7288,4.4293,5,2,0,0,1,3.6729,9,1
45,15,22,0,0,2,0,4,0,0,0,0,7,0,38,1,0,0,0,0,0,1,1,1,0,0,0,0,0,0,0.0,0.1556,0.0,0.8444,3.9726,0,2,0,0,0,3.4566,3,0
59,21,4,25,0,2,0,3,1,3,2,0,12,5,42,1,0,0,0,0,0,1,1,1,0,0,0,0,0,0,0.0847,0.2034,0.0,0.7119,4.7339,5,2,0,0,0,3.5945,5,0
74,16,24,25,0,2,0,6,1,3,2,0,15,11,48,1,0,0,0,0,0,1,1,1,0,0,0,0,0,0,0.1486,0.2027,0.0,0.6486,4.7867,5,2,0,0,0,3.3278,4,0
69,51,11,0,0,2,5,3,0,0,0,0,11,0,58,0,0,0,0,0,1,1,1,0,1,0,0,0,3,1,0.0,0.1594,0.0725,0.8406,4.3148,0,3,0,0,1,4.0676,17,1
73,15,33,17,0,4,2,4,1,1,0,0,14,18,41,0,0,0,0,0,0,1,1,0,1,1,0,0,3,1,0.2466,0.1918,0.0274,0.5616,4.7152,6,3,1,0,0,2.6892,0,1
28,11,9,0,0,2,0,3,0,0,0,0,6,0,22,1,0,0,0,0,0,1,1,1,0,0,0,0,0,0,0.0,0.2143,0.0,0.7857,3.7534,0,2,0,0,0,3.0958,5,0
41,15,18,0,0,2,0,4,0,0,0,0,7,0,34,1,0,0,0,0,0,1,1,1,0,0,0,0,0,0,0.0,0.1707,0.0,0.8293,4.0644,0,2,0,0,0,3.6402,4,0
56,36,13,0,0,4,2,3,0,0,0,0,10,0,46,2,0,0,0,0,0,1,1,0,1,0,0,0,4,1,0.0,0.1786,0.0357,0.8214,4.2469,0,2,0,0,1,3.9404,13,1
30,14,8,0,0,2,0,3,0,0,0,0,6,0,24,1,0,0,0,0,0,1,1,1,0,0,0,0,0,0,0.0,0.2,0.0,0.8,3.6682,0,2,0,0,0,3.0391,5,0
66,48,11,0,0,2,5,3,0,0,0,0,11,0,55,0,0,0,0,0,1,1,1,0,1,0,0,0,2,1,0.0,0.1667,0.0758,0.8333,4.3983,0,3,0,0,1,4.0404,15,1
65,47,11,0,0,2,5,3,0,0,0,0,11,0,54,0,0,0,0,0,1,1,1,0,1,0,0,0,5,1,0.0,0.1692,0.0769,0.8308,4.4059,0,3,0,0,1,4.1188,16,1
64,12,18,25,0,1,0,6,1,3,2,0,14,11,39,0,0,0,0,0,0,1,1,1,0,0,0,0,0,0,0.1719,0.2188,0.0,0.6094,4.7299,5,2,0,0,0,3.4183,4,0
66,37,11,10,0,4,3,3,1,1,0,0,13,5,48,2,0,0,0,0,0,1,1,0,1,0,0,0,4,1,0.0758,0.197,0.0455,0.7273,4.6876,5,2,0,0,1,4.1885,10,1
66,37,11,10,0,4,2,3,1,1,0,0,12,5,49,2,0,0,0,0,0,1,1,0,1,0,0,0,4,1,0.0758,0.1818,0.0303,0.7424,4.444,5,2,0,0,1,3.9519,13,1
61,18,9,25,0,3,0,3,1,3,2,0,13,5,43,2,0,0,0,0,0,1,1,1,0,0,0,0,0,0,0.082,0.2131,0.0,0.7049,4.5858,5,2,0,0,0,3.5305,7,0
58,16,8,25,0,3,0,3,1,3,2,0,13,5,40,2,0,0,0,0,0,1,1,1,0,0,0,0,0,0,0.0862,0.2241,0.0,0.6897,4.6504,5,2,0,0,0,2.9056,5,0
63,34,11,10,0,4,2,3,1,1,0,0,12,5,46,2,0,0,0,0,0,1,1,0,1,0,0,0,4,1,0.0794,0.1905,0.0317,0.7302,4.5329,5,2,0,0,1,3.8588,11,1
29,13,8,0,0,1,0,3,0,0,0,0,5,0,24,0,0,0,0,0,0,0,1,1,0,0,0,0,0,0,0.0,0.1724,0.0,0.8276,3.8573,0,1,0,0,0,3.027,4,0
21,6,8,0,0,1,0,3,0,0,0,0,5,1,15,0,0,0,0,0,0,0,1,0,1,0,0,1,0,0,0.0476,0.2381,0.0,0.7143,3.749,1,2,0,0,0,2.585,1,1
40,17,15,0,0,2,0,5,0,0,0,0,8,9,23,1,0,0,0,0,0,1,1,1,0,0,0,0,0,0,0.225,0.2,0.0,0.575,4.5439,9,2,0,0,0,3.4548,4,0
35,10,17,0,0,1,0,4,0,0,0,0,6,0,29,0,0,0,0,0,0,1,1,1,0,0,0,0,0,0,0.0,0.1714,0.0,0.8286,4.0004,0,2,0,0,0,3.1219,3,0
69,40,11,10,0,4,3,3,1,1,0,0,13,5,51,2,0,0,0,0,0,1,1,0,1,0,0,0,4,1,0.0725,0.1884,0.0435,0.7391,4.5703,5,2,0,0,1,3.9062,12,1
26,11,8,0,0,1,0,3,0,0,0,0,5,1,20,0,0,0,0,0,0,0,1,0,1,0,0,1,0,0,0.0385,0.1923,0.0,0.7692,4.2578,1,2,0,0,0,3.4594,3,1
21,12,1,0,0,2,0,3,0,0,0,0,6,0,15,1,0,0,0,0,0,1,1,1,0,0,0,0,0,0,0.0,0.2857,0.0,0.7143,3.749,0,2,0,0,0,3.0221,2,0
61,12,24,17,0,4,1,4,1,1,0,0,13,15,33,0,0,0,0,0,0,1,1,0,1,1,0,0,2,1,0.2459,0.2131,0.0164,0.541,4.7789,6,3,1,0,0,2.8554,0,1
19,4,8,0,0,1,0,3,0,0,0,0,5,2,12,0,0,0,0,0,0,0,1,0,1,0,0,1,0,0,0.1053,0.2632,0.0,0.6316,3.6421,1,2,0,0,0,2.0,1,1
73,15,33,17,0,4,1,4,1,1,0,0,13,18,42,0,0,0,0,0,0,1,1,0,1,1,0,0,3,1,0.2466,0.1781,0.0137,0.5753,4.7772,6,3,1,0,0,2.4729,0,1
46,20,18,0,0,2,0,4,0,0,0,0,7,0,39,1,0,0,0,0,0,1,1,1,0,0,0,0,0,0,0.0,0.1522,0.0,0.8478,3.9957,0,2,0,0,0,3.2219,8,0
63,34,11,10,0,4,2,3,1,1,0,0,12,5,46,2,0,0,0,0,0,1,1,0,1,0,0,0,3,1,0.0794,0.1905,0.0317,0.7302,4.6735,5,2,0,0,1,3.9369,11,1
73,15,33,17,0,4,2,4,1,1,0,0,14,18,41,0,0,0,0,0,0,1,1,0,1,1,0,0,2,1,0.2466,0.1918,0.0274,0.5616,4.7255,6,3,1,0,0,2.5493,0,1
26,11,8,0,0,1,0,3,0,0,0,0,5,1,20,0,0,0,0,0,0,0,1,0,1,0,0,1,0,0,0.0385,0.1923,0.0,0.7692,4.1039,1,2,0,0,0,3.4594,3,1
41,17,16,0,0,2,0,4,0,0,0,0,7,0,34,1,0,0,0,0,0,1,1,1,0,0,0,0,0,0,0.0,0.1707,0.0,0.8293,4.0251,0,2,0,0,0,3.1751,4,0
21,6,8,0,0,1,0,3,0,0,0,0,5,1,15,0,0,0,0,0,0,0,1,0,1,0,0,1,0,0,0.0476,0.2381,0.0,0.7143,3.8442,1,2,0,0,0,2.585,1,1
19,4,8,0,0,1,0,3,0,0,0,0,5,1,13,0,0,0,0,0,0,0,1,0,1,0,0,1,0,0,0.0526,0.2632,0.0,0.6842,3.6421,1,2,0,0,0,2.0,1,1
36,12,16,0,0,1,0,4,0,0,0,0,6,0,30,0,0,0,0,0,0,1,1,1,0,0,0,0,0,0,0.0,0.1667,0.0,0.8333,4.0095,0,2,0,0,0,3.4183,4,0
49,14,1,25,0,2,0,3,1,3,2,0,12,5,32,1,0,0,0,0,0,1,1,1,0,0,0,0,0,0,0.102,0.2449,0.0,0.6531,4.6143,5,2,0,0,0,2.8424,4,0
38,16,14,0,0,2,0,4,0,0,0,0,7,0,31,1,0,0,0,0,0,1,1,1,0,0,0,0,0,0,0.0,0.1842,0.0,0.8158,3.9214,0,2,0,0,0,3.4528,7,0
26,11,8,0,0,1,0,3,0,0,0,0,5,1,20,0,0,0,0,0,0,0,1,0,1,0,0,1,0,0,0.0385,0.1923,0.0,0.7692,4.056,1,2,0,0,0,3.0958,3,1
63,14,24,17,0,4,1,4,1,1,0,0,13,17,33,0,0,0,0,0,0,1,1,0,1,1,0,0,2,1,0.2698,0.2063,0.0159,0.5238,4.6537,6,3,1,0,0,2.4677,0,1
64,22,8,25,0,2,0,3,1,3,2,0,12,5,47,1,0,0,0,0,0,1,1,1,0,0,0,0,0,0,0.0781,0.1875,0.0,0.7344,4.6298,5,2,0,0,0,3.6412,8,0
26,11,8,0,0,1,0,3,0,0,0,0,5,0,21,0,0,0,0,0,0,0,1,0,1,0,0,1,0,0,0.0,0.1923,0.0,0.8077,4.3347,0,2,0,0,0,3.4594,3,1
36,12,16,0,0,2,0,4,0,0,0,0,7,0,29,1,0,0,0,0,0,1,1,1,0,0,0,0,0,0,0.0,0.1944,0.0,0.8056,3.9376,0,2,0,0,0,3.0221,5,0
26,11,8,0,0,1,0,3,0,0,0,0,5,0,21,0,0,0,0,0,0,0,1,0,1,0,0,1,0,0,0.0,0.1923,0.0,0.8077,3.9022,0,2,0,0,0,3.0958,3,1
66,24,8,25,0,2,0,3,1,3,2,0,12,5,49,1,0,0,0,0,0,1,1,1,0,0,0,0,0,0,0.0758,0.1818,0.0,0.7424,4.5896,5,2,0,0,0,3.7202,9,0
60,20,6,25,0,2,0,3,1,3,2,0,12,5,43,1,0,0,0,0,0,1,1,1,0,0,0,0,0,0,0.0833,0.2,0.0,0.7167,4.5705,5,2,0,0,0,3.5464,8,0
60,31,11,10,0,4,1,3,1,1,0,0,11,5,44,2,0,0,0,0,0,1,1,0,1,0,0,0,2,1,0.0833,0.1833,0.0167,0.7333,4.4029,5,2,0,0,1,3.76,10,1
61,43,11,0,0,2,4,3,0,0,0,0,10,0,51,0,0,0,0,0,1,1,1,0,1,0,0,0,3,1,0.0,0.1639,0.0656,0.8361,4.339,0,3,0,0,1,3.9698,15,1
65,45,13,0,0,4,2,3,0,0,0,0,10,0,55,2,0,0,0,0,0,1,1,0,1,0,0,0,2,1,0.0,0.1538,0.0308,0.8462,4.2894,0,2,0,0,1,3.969,15,1
64,35,11,10,0,4,2,3,1,1,0,0,12,5,47,2,0,0,0,0,0,1,1,0,1,0,0,0,4,1,0.0781,0.1875,0.0312,0.7344,4.6213,5,2,0,0,1,4.0144,10,1
70,18,18,25,0,2,0,4,1,3,2,0,13,5,52,1,0,0,0,0,0,1,1,1,0,0,0,0,1,1,0.0714,0.1857,0.0,0.7429,4.6559,5,2,0,0,0,3.4613,5,0
72,12,35,17,0,4,1,4,1,1,0,0,13,15,44,0,0,0,0,0,0,1,1,0,1,1,0,0,2,1,0.2083,0.1806,0.0139,0.6111,4.7145,6,3,1,0,0,2.1258,0,1
59,39,13,0,0,4,2,3,0,0,0,0,10,0,49,2,0,0,0,0,0,1,1,0,1,0,0,0,2,1,0.0,0.1695,0.0339,0.8305,4.2114,0,2,0,0,1,3.8746,14,1
21,6,8,0,0,1,0,3,0,0,0,0,5,0,16,0,0,0,0,0,0,0,1,0,1,0,0,1,0,0,0.0,0.2381,0.0,0.7619,3.749,0,2,0,0,0,2.585,1,1
69,14,30,17,0,4,1,4,1,1,0,0,13,17,39,0,0,0,0,0,0,1,1,0,1,1,0,0,1,1,0.2464,0.1884,0.0145,0.5652,4.8131,6,3,1,0,0,2.6385,0,1
57,15,17,17,0,4,0,4,1,1,0,0,12,18,27,0,0,0,0,0,0,1,1,0,1,1,0,0,1,1,0.3158,0.2105,0.0,0.4737,4.6242,6,3,1,0,0,2.3656,0,1
40,14,18,0,0,1,0,5,0,0,0,0,7,0,33,0,0,0,0,0,0,1,1,1,0,0,0,0,0,0,0.0,0.175,0.0,0.825,4.0848,0,2,0,0,0,3.3788,5,0
61,12,24,17,0,4,1,4,1,1,0,0,13,15,33,0,0,0,0,0,0,1,1,0,1,1,0,0,2,1,0.2459,0.2131,0.0164,0.541,4.6009,6,3,1,0,0,2.3962,0,1
59,39,13,0,0,4,2,3,0,0,0,0,10,0,49,2,0,0,0,0,0,1,1,0,1,0,0,0,3,1,0.0,0.1695,0.0339,0.8305,4.1903,0,2,0,0,1,3.7921,12,1
60,18,8,25,0,2,0,3,1,3,2,0,12,5,43,1,0,0,0,0,0,1,1,1,0,0,0,0,1,1,0.0833,0.2,0.0,0.7167,4.6396,5,2,0,0,0,3.6144,5,0
20,5,8,0,0,1,0,3,0,0,0,0,5,2,13,0,0,0,0,0,0,0,1,0,1,0,0,1,0,0,0.1,0.25,0.0,0.65,3.7842,2,2,0,0,0,2.3219,1,1
65,47,11,0,0,2,5,3,0,0,0,0,11,0,54,0,0,0,0,0,1,1,1,0,1,0,0,0,3,1,0.0,0.1692,0.0769,0.8308,4.3359,0,3,0,0,1,4.0762,16,1
39,17,14,0,0,2,0,5,0,0,0,0,8,2,29,1,0,0,0,0,0,1,1,1,0,0,0,0,0,0,0.0513,0.2051,0.0,0.7436,3.914,1,2,0,0,0,3.4548,5,0
56,27,11,10,0,4,1,3,1,1,0,0,11,5,40,2,0,0,0,0,0,1,1,0,1,0,0,0,1,1,0.0893,0.1964,0.0179,0.7143,4.4565,5,2,0,0,1,3.708,8,1
38,24,6,0,0,2,0,3,0,0,0,0,6,0,32,1,0,0,0,0,0,1,1,1,0,0,0,0,1,1,0.0,0.1579,0.0,0.8421,4.0079,0,2,0,0,0,3.7516,9,0
44,18,18,0,0,2,0,6,0,0,0,0,9,6,29,1,0,0,0,0,0,1,1,1,0,0,0,0,0,0,0.1364,0.2045,0.0,0.6591,4.0555,4,2,0,0,0,3.3921,5,0
20,5,8,0,0,1,0,3,0,0,0,0,5,0,15,0,0,0,0,0,0,0,1,0,1,0,0,1,0,0,0.0,0.25,0.0,0.75,3.7842,0,2,0,0,0,2.3219,1,1
42,18,16,0,0,2,0,4,0,0,0,0,7,0,35,1,0,0,0,0,0,1,1,1,0,0,0,0,0,0,0.0,0.1667,0.0,0.8333,4.0167,0,2,0,0,0,3.281,5,0
64,12,27,17,0,4,1,4,1,1,0,0,13,15,36,0,0,0,0,0,0,1,1,0,1,1,0,0,1,1,0.2344,0.2031,0.0156,0.5625,4.7284,6,3,1,0,0,2.4591,0,1
50,8,8,25,0,1,0,3,1,3,2,0,11,5,34,0,0,0,0,0,0,1,1,1,0,0,0,0,0,0,0.1,0.22,0.0,0.68,4.5435,5,2,0,0,0,2.75,3,0
20,11,1,0,0,2,0,3,0,0,0,0,6,0,14,1,0,0,0,0,0,1,1,1,0,0,0,0,0,0,0.0,0.3,0.0,0.7,3.5087,0,2,0,0,0,2.8454,3,0
71,42,11,10,0,4,2,3,1,1,0,0,12,5,54,2,0,0,0,0,0,1,1,0,1,0,0,0,3,1,0.0704,0.169,0.0282,0.7606,4.5772,5,2,0,0,1,3.8559,14,1
60,17,9,25,0,2,0,3,1,3,2,0,12,5,43,1,0,0,0,0,0,1,1,1,0,0,0,0,0,0,0.0833,0.2,0.0,0.7167,4.6018,5,2,0,0,0,3.7345,5,0
65,45,13,0,0,4,2,3,0,0,0,0,10,0,55,2,0,0,0,0,0,1,1,0,1,0,0,0,3,1,0.0,0.1538,0.0308,0.8462,4.2162,0,2,0,0,1,3.9332,17,1
62,15,17,17,0,4,0,4,1,1,0,0,13,22,27,0,0,0,0,0,0,1,1,0,1,1,1,0,1,1,0.3548,0.2097,0.0,0.4355,4.7278,6,4,1,0,0,2.7396,0,1
19,4,8,0,0,1,0,3,0,0,0,0,5,2,12,0,0,0,0,0,0,0,1,0,1,0,0,1,0,0,0.1053,0.2632,0.0,0.6316,3.6421,1,2,0,0,0,2.0,1,1
74,14,35,17,0,4,1,4,1,1,0,0,13,17,44,0,0,0,0,0,0,1,1,0,1,1,0,0,2,1,0.2297,0.1757,0.0135,0.5946,4.8203,6,3,1,0,0,2.8424,0,1
62,33,11,10,0,4,2,3,1,1,0,0,12,5,45,2,0,0,0,0,0,1,1,0,1,0,0,0,2,1,0.0806,0.1935,0.0323,0.7258,4.4866,5,2,0,0,1,4.0667,9,1
60,31,11,10,0,4,2,3,1,1,0,0,12,5,43,2,0,0,0,0,0,1,1,0,1,0,0,0,3,1,0.0833,0.2,0.0333,0.7167,4.6505,5,2,0,0,1,3.7726,10,1
60,42,11,0,0,2,5,3,0,0,0,0,11,0,49,0,0,0,0,0,1,1,1,0,1,0,0,0,2,1,0.0,0.1833,0.0833,0.8167,4.3903,0,3,0,0,1,4.2048,13,1
26,11,8,0,0,1,0,3,0,0,0,0,5,1,20,0,0,0,0,0,0,0,1,0,1,0,0,1,0,0,0.0385,0.1923,0.0,0.7692,4.2578,1,2,0,0,0,3.4594,3,1
57,42,8,0,0,3,3,3,0,0,0,0,10,0,47,1,0,0,0,0,0,1,1,0,1,0,0,0,0,0,0.0,0.1754,0.0526,0.8246,4.1899,0,2,0,0,1,3.8715,14,1
62,42,13,0,0,4,2,3,0,0,0,0,10,0,52,2,0,0,0,0,0,1,1,0,1,0,0,0,4,1,0.0,0.1613,0.0323,0.8387,4.3005,0,2,0,0,1,4.0736,16,1
41,15,18,0,0,2,0,4,0,0,0,0,7,0,34,1,0,0,0,0,0,1,1,1,0,0,0,0,0,0,0.0,0.1707,0.0,0.8293,4.15,0,2,0,0,0,3.3232,3,0
51,19,24,0,0,2,0,6,0,0,0,0,9,6,36,1,0,0,0,0,0,1,1,1,0,0,0,0,0,0,0.1176,0.1765,0.0,0.7059,4.3364,4,2,0,0,0,3.6819,6,0
44,18,18,0,0,2,0,6,0,0,0,0,9,6,29,1,0,0,0,0,0,1,1,1,0,0,0,0,0,0,0.1364,0.2045,0.0,0.6591,4.2656,4,2,0,0,0,3.5724,7,0
68,39,11,10,0,4,2,3,1,1,0,0,12,5,51,2,0,0,0,0,0,1,1,0,1,0,0,0,2,1,0.0735,0.1765,0.0294,0.75,4.5521,5,2,0,0,1,3.7502,13,1
64,46,11,0,0,2,5,3,0,0,0,0,11,0,53,0,0,0,0,0,1,1,1,0,1,0,0,0,3,1,0.0,0.1719,0.0781,0.8281,4.2559,0,3,0,0,1,3.978,15,1
21,5,8,0,0,1,0,3,0,0,0,0,5,0,16,0,0,0,0,0,0,0,1,1,0,0,0,0,0,0,0.0,0.2381,0.0,0.7619,3.6897,0,1,0,0,0,2.3219,1,0
23,7,8,0,0,1,0,3,0,0,0,0,5,0,18,0,0,0,0,0,0,0,1,1,0,0,0,0,0,0,0.0,0.2174,0.0,0.7826,3.9362,0,1,0,0,0,2.8074,3,0
20,5,8,0,0,1,0,3,0,0,0,0,5,2,13,0,0,0,0,0,0,0,1,0,1,0,0,1,0,0,0.1,0.25,0.0,0.65,3.9842,1,2,0,0,0,2.3219,1,1
62,33,11,10,0,4,2,3,1,1,0,0,12,5,45,2,0,0,0,0,0,1,1,0,1,0,0,0,4,1,0.0806,0.1935,0.0323,0.7258,4.6452,5,2,0,0,1,4.0667,10,1
64,46,11,0,0,2,5,3,0,0,0,0,11,0,53,0,0,0,0,0,1,1,1,0,1,0,0,0,3,1,0.0,0.1719,0.0781,0.8281,4.2045,0,3,0,0,1,3.8933,14,1
56,16,32,0,0,2,0,4,0,0,0,0,7,5,44,1,0,0,0,0,0,1,1,1,0,0,0,0,0,0,0.0893,0.125,0.0,0.7857,4.8518,2,2,0,0,0,3.4528,5,0
27,14,5,0,0,3,0,3,0,0,0,0,7,0,20,2,0,0,0,0,0,1,1,1,0,0,0,0,0,0,0.0,0.2593,0.0,0.7407,3.634,0,2,0,0,0,2.9852,4,0
57,28,11,10,0,4,1,3,1,1,0,0,11,5,41,2,0,0,0,0,0,1,1,0,1,0,0,0,2,1,0.0877,0.193,0.0175,0.7193,4.462,5,2,0,0,1,3.7979,8,1
62,33,11,10,0,4,1,3,1,1,0,0,11,5,46,2,0,0,0,0,0,1,1,0,1,0,0,0,2,1,0.0806,0.1774,0.0161,0.7419,4.5908,5,2,0,0,1,3.9077,12,1
36,19,9,0,0,2,0,3,0,0,0,0,6,0,30,1,0,0,0,0,0,1,1,1,0,0,0,0,0,0,0.0,0.1667,0.0,0.8333,3.6661,0,2,0,0,0,3.3264,6,0
38,19,11,0,0,2,0,3,0,0,0,0,6,0,32,1,0,0,0,0,0,1,1,1,0,0,0,0,0,0,0.0,0.1579,0.0,0.8421,4.2211,0,2,0,0,0,3.7871,6,0
65,45,13,0,0,4,2,3,0,0,0,0,10,0,55,2,0,0,0,0,0,1,1,0,1,0,0,0,3,1,0.0,0.1538,0.0308,0.8462,4.1971,0,2,0,0,1,3.8888,16,1
78,15,7,47,0,2,0,3,2,5,3,0,16,4,58,1,0,0,0,0,0,1,1,1,0,0,0,0,0,0,0.0513,0.2051,0.0,0.7436,4.5064,4,2,0,0,0,3.3736,5,0
48,16,24,0,0,2,1,4,0,0,0,0,8,0,40,1,0,0,0,0,0,1,1,1,0,0,0,0,1,1,0.0,0.1667,0.0208,0.8333,4.2802,0,2,0,0,0,3.3278,4,0
31,15,8,0,0,2,0,3,0,0,0,0,6,0,25,1,0,0,0,0,0,1,1,1,0,0,0,0,0,0,0.0,0.1935,0.0,0.8065,4.0424,0,2,0,0,0,3.0566,5,0
54,14,6,25,0,2,0,3,1,3,2,0,12,5,37,1,0,0,0,0,0,1,1,1,0,0,0,0,0,0,0.0926,0.2222,0.0,0.6852,4.583,5,2,0,0,0,3.2359,4,0
65,15,16,25,0,2,0,4,1,3,2,0,13,5,47,1,0,0,0,0,0,1,1,1,0,0,0,0,0,0,0.0769,0.2,0.0,0.7231,4.6184,5,2,0,0,0,3.3736,5,0
65,47,11,0,0,2,5,3,0,0,0,0,11,0,54,0,0,0,0,0,1,1,1,0,1,0,0,0,3,1,0.0,0.1692,0.0769,0.8308,4.2762,0,3,0,0,1,3.9429,16,1
65,13,27,17,0,4,1,4,1,1,0,0,13,16,36,0,0,0,0,0,0,1,1,0,1,1,0,0,3,1,0.2462,0.2,0.0154,0.5538,4.5427,6,3,1,0,0,2.4493,0,1
62,14,23,17,0,4,1,4,1,1,0,0,13,17,32,0,0,0,0,0,0,1,1,0,1,1,0,0,2,1,0.2742,0.2097,0.0161,0.5161,4.8045,6,3,1,0,0,2.8424,0,1
66,14,27,17,0,4,1,4,1,1,0,0,13,17,36,0,0,0,0,0,0,1,1,0,1,1,0,0,3,1,0.2576,0.197,0.0152,0.5455,4.6706,6,3,1,0,0,2.217,0,1
45,19,18,0,0,2,0,6,0,0,0,0,9,6,30,1,0,0,0,0,0,1,1,1,0,0,0,0,0,0,0.1333,0.2,0.0,0.6667,4.208,4,2,0,0,0,3.5111,7,0
51,33,11,0,0,2,4,3,0,0,0,0,10,0,41,0,0,0,0,0,1,1,1,0,1,0,0,0,3,1,0.0,0.1961,0.0784,0.8039,4.2875,0,3,0,0,1,4.0289,11,1
38,14,16,0,0,2,0,4,0,0,0,0,7,0,31,1,0,0,0,0,0,1,1,1,0,0,0,0,0,0,0.0,0.1842,0.0,0.8158,3.9381,0,2,0,0,0,3.182,4,0
64,21,9,25,0,2,0,3,1,3,2,0,12,5,47,1,0,0,0,0,0,1,1,1,0,0,0,0,1,1,0.0781,0.1875,0.0,0.7344,4.611,5,2,0,0,0,3.5352,6,0
36,10,18,0,0,1,0,6,0,0,0,0,8,6,22,0,0,0,0,0,0,1,1,1,0,0,0,0,0,0,0.1667,0.2222,0.0,0.6111,4.0095,4,2,0,0,0,3.3219,3,0
21,6,8,0,0,1,0,3,0,0,0,0,5,1,15,0,0,0,0,0,0,0,1,0,1,0,0,1,0,0,0.0476,0.2381,0.0,0.7143,3.8442,1,2,0,0,0,2.585,1,1
33,17,8,0,0,2,0,3,0,0,0,0,6,0,27,1,0,0,0,0,0,1,1,1,0,0,0,0,0,0,0.0,0.1818,0.0,0.8182,4.1502,0,2,0,0,0,3.6169,5,0
58,40,11,0,0,2,5,3,0,0,0,0,11,0,47,0,0,0,0,0,1,1,1,0,1,0,0,0,4,1,0.0,0.1897,0.0862,0.8103,4.4158,0,3,0,0,1,4.2373,12,1
66,37,11,10,0,4,2,3,1,1,0,0,12,5,49,2,0,0,0,0,0,1,1,0,1,0,0,0,4,1,0.0758,0.1818,0.0303,0.7424,4.6483,5,2,0,0,1,4.1008,10,1
64,46,11,0,0,2,5,3,0,0,0,0,11,0,53,0,0,0,0,0,1,1,1,0,1,0,0,0,3,1,0.0,0.1719,0.0781,0.8281,4.2303,0,3,0,0,1,4.0358,13,1
55,13,8,25,0,1,0,3,1,3,2,0,11,5,39,0,0,0,0,0,0,1,1,1,0,0,0,0,0,0,0.0909,0.2,0.0,0.7091,4.5944,5,2,0,0,0,3.027,4,0
62,44,11,0,0,2,5,3,0,0,0,0,11,0,51,0,0,0,0,0,1,1,1,0,1,0,0,0,3,1,0.0,0.1774,0.0806,0.8226,4.2078,0,3,0,0,1,3.9451,15,1
64,12,27,17,0,4,1,4,1,1,0,0,13,15,36,0,0,0,0,0,0,1,1,0,1,1,0,0,2,1,0.2344,0.2031,0.0156,0.5625,4.6796,6,3,1,0,0,2.6258,0,1
26,11,8,0,0,1,0,3,0,0,0,0,5,0,21,0,0,0,0,0,0,0,1,0,1,0,0,1,0,0,0.0,0.1923,0.0,0.8077,3.9791,0,2,0,0,0,3.0958,3,1
46,20,18,0,0,2,0,5,0,0,0,0,8,0,38,1,0,0,0,0,0,1,1,1,0,0,0,0,1,1,0.0,0.1739,0.0,0.8261,4.0051,0,2,0,0,0,3.5219,6,0
43,17,18,0,0,2,0,6,0,0,0,0,9,6,28,1,0,0,0,0,0,1,1,1,0,0,0,0,0,0,0.1395,0.2093,0.0,0.6512,3.9964,4,2,0,0,0,3.3372,6,0
52,14,7,22,0,2,0,3,1,2,1,0,10,0,42,1,0,0,0,0,0,1,1,1,0,0,0,0,0,0,0.0,0.1923,0.0,0.8077,4.1593,0,2,0,0,0,3.3788,5,0
73,55,11,0,0,2,5,3,0,0,0,0,11,0,62,0,0,0,0,0,1,1,1,0,1,0,0,0,4,1,0.0,0.1507,0.0685,0.8493,4.3837,0,3,0,0,1,4.0313,21,1
53,18,1,25,0,2,0,3,1,3,2,0,12,6,35,1,0,0,0,0,0,1,1,1,0,0,0,0,0,0,0.1132,0.2264,0.0,0.6604,4.6075,5,2,0,0,0,3.086,4,0
39,14,17,0,0,2,0,4,0,0,0,0,7,0,32,1,0,0,0,0,0,1,1,1,0,0,0,0,0,0,0.0,0.1795,0.0,0.8205,3.9259,0,2,0,0,0,3.3788,4,0
33,19,6,0,0,2,0,3,0,0,0,0,6,0,27,1,0,0,0,0,0,1,1,1,0,0,0,0,0,0,0.0,0.1818,0.0,0.8182,4.1044,0,2,0,0,0,3.5369,6,0
45,13,24,0,0,1,0,6,0,0,0,0,8,6,31,0,0,0,0,0,0,1,1,1,0,0,0,0,0,0,0.1333,0.1778,0.0,0.6889,4.3858,4,2,0,0,0,3.3347,6,0
61,13,14,25,0,1,0,5,1,3,2,0,13,6,42,0,0,0,0,0,0,1,1,1,0,0,0,0,0,0,0.0984,0.2131,0.0,0.6885,4.6605,5,2,0,0,0,3.3347,6,0
35,18,9,0,0,2,0,3,0,0,0,0,6,0,29,1,0,0,0,0,0,1,1,1,0,0,0,0,0,0,0.0,0.1714,0.0,0.8286,3.604,0,2,0,0,0,3.1972,6,0
43,13,22,0,0,1,0,4,0,0,0,0,6,0,37,0,0,0,0,0,0,1,1,1,0,0,0,0,0,0,0.0,0.1395,0.0,0.8605,3.9294,0,2,0,0,0,3.3347,6,0
59,41,11,0,0,2,5,3,0,0,0,0,11,0,48,0,0,0,0,0,1,1,1,0,1,0,0,0,5,1,0.0,0.1864,0.0847,0.8136,4.3338,0,3,0,0,1,4.1322,13,1
45,20,17,0,0,2,0,4,0,0,0,0,7,0,38,1,0,0,0,0,0,1,1,1,0,0,0,0,0,0,0.0,0.1556,0.0,0.8444,4.1001,0,2,0,0,0,3.4842,7,0
70,18,18,25,0,2,0,5,1,3,2,0,14,5,51,1,0,0,0,0,0,1,1,1,0,0,0,0,1,1,0.0714,0.2,0.0,0.7286,4.4949,5,2,0,0,0,3.4613,6,0
72,21,18,24,0,2,0,6,1,3,2,0,15,10,47,1,0,0,0,0,0,1,1,1,0,0,0,0,0,0,0.1389,0.2083,0.0,0.6528,4.7873,4,2,0,0,0,3.8802,7,0
76,20,22,25,0,2,0,4,1,3,2,0,13,5,58,1,0,0,0,0,0,1,1,1,0,0,0,0,0,0,0.0658,0.1711,0.0,0.7632,4.5034,5,2,0,0,0,3.6219,8,0
40,16,16,0,0,2,0,4,0,0,0,0,7,0,33,1,0,0,0,0,0,1,1,1,0,0,0,0,0,0,0.0,0.175,0.0,0.825,3.9873,0,2,0,0,0,3.625,6,0
72,20,18,25,0,2,0,6,1,3,2,0,15,11,46,1,0,0,0,0,0,1,1,1,0,0,0,0,0,0,0.1528,0.2083,0.0,0.6389,4.7408,5,2,0,0,0,3.6842,8,0
66,14,18,25,0,2,0,6,1,3,2,0,15,11,40,1,0,0,0,0,0,1,1,1,0,0,0,0,0,0,0.1667,0.2273,0.0,0.6061,4.8014,5,2,0,0,0,3.3249,3,0
36,14,14,0,0,2,0,5,0,0,0,0,8,1,27,1,0,0,0,0,0,1,1,1,0,0,0,0,0,0,0.0278,0.2222,0.0,0.75,3.7608,1,2,0,0,0,3.3788,5,0
54,12,8,25,0,2,0,3,1,3,2,0,12,5,37,1,0,0,0,0,0,1,1,1,0,0,0,0,0,0,0.0926,0.2222,0.0,0.6852,4.6109,5,2,0,0,0,3.2516,4,0
19,4,8,0,0,1,0,3,0,0,0,0,5,2,12,0,0,0,0,0,0,0,1,0,1,0,0,1,0,0,0.1053,0.2632,0.0,0.6316,3.6421,1,2,0,0,0,2.0,1,1
53,15,7,22,0,3,0,3,1,2,1,0,11,0,42,2,0,0,0,0,0,1,1,1,0,0,0,0,0,0,0.0,0.2075,0.0,0.7925,4.1562,0,2,0,0,0,3.0566,5,0
19,4,8,0,0,1,0,3,0,0,0,0,5,1,13,0,0,0,0,0,0,0,1,0,1,0,0,1,0,0,0.0526,0.2632,0.0,0.6842,3.6421,1,2,0,0,0,2.0,1,1
62,20,8,25,0,2,0,3,1,3,2,0,12,5,45,1,0,0,0,0,0,1,1,1,0,0,0,0,0,0,0.0806,0.1935,0.0,0.7258,4.5382,5,2,0,0,0,3.5219,7,0
66,24,8,25,0,2,0,3,1,3,2,0,12,5,49,1,0,0,0,0,0,1,1,1,0,0,0,0,1,1,0.0758,0.1818,0.0,0.7424,4.7671,5,2,0,0,0,3.7516,9,0
60,31,11,10,0,4,1,3,1,1,0,0,11,5,44,2,0,0,0,0,0,1,1,0,1,0,0,0,1,1,0.0833,0.1833,0.0167,0.7333,4.3427,5,2,0,0,1,3.6711,9,1
65,36,11,10,0,4,2,3,1,1,0,0,12,5,48,2,0,0,0,0,0,1,1,0,1,0,0,0,4,1,0.0769,0.1846,0.0308,0.7385,4.5756,5,2,0,0,1,3.933,11,1
59,17,8,25,0,2,0,3,1,3,2,0,12,5,42,1,0,0,0,0,0,1,1,1,0,0,0,0,0,0,0.0847,0.2034,0.0,0.7119,4.5811,5,2,0,0,0,3.3372,6,0
60,20,6,25,0,2,0,3,1,3,2,0,12,5,43,1,0,0,0,0,0,1,1,1,0,0,0,0,1,1,0.0833,0.2,0.0,0.7167,4.6964,5,2,0,0,0,3.8219,6,0
19,4,8,0,0,1,0,3,0,0,0,0,5,0,14,0,0,0,0,0,0,0,1,0,1,0,0,1,0,0,0.0,0.2632,0.0,0.7368,3.4972,0,2,0,0,0,2.0,1,1
60,18,9,24,0,2,0,3,1,3,2,0,12,4,44,1,0,0,0,0,0,1,1,1,0,0,0,0,1,1,0.0667,0.2,0.0,0.7333,4.5461,4,2,0,0,0,3.3921,6,0
19,4,8,0,0,1,0,3,0,0,0,0,5,1,13,0,0,0,0,0,0,0,1,0,1,0,0,1,0,0,0.0526,0.2632,0.0,0.6842,3.3661,1,2,0,0,0,2.0,1,1
60,40,13,0,0,4,2,3,0,0,0,0,10,0,50,2,0,0,0,0,0,1,1,0,1,0,0,0,3,1,0.0,0.1667,0.0333,0.8333,4.2383,0,2,0,0,1,3.8062,14,1
20,7,5,0,0,1,0,3,0,0,0,0,5,0,15,0,0,0,0,0,0,0,1,1,0,0,0,0,0,0,0.0,0.25,0.0,0.75,3.6464,0,1,0,0,0,2.5216,3,0
67,12,25,17,0,4,1,4,1,1,0,0,14,19,34,0,0,0,0,0,0,1,1,0,1,1,1,0,1,1,0.2836,0.209,0.0149,0.5075,4.7222,6,4,1,0,0,2.8554,0,1
64,35,11,10,0,4,2,3,1,1,0,0,12,5,47,2,0,0,0,0,0,1,1,0,1,0,0,0,3,1,0.0781,0.1875,0.0312,0.7344,4.5664,5,2,0,0,1,3.9684,12,1
59,39,13,0,0,4,2,3,0,0,0,0,10,0,49,2,0,0,0,0,0,1,1,0,1,0,0,0,3,1,0.0,0.1695,0.0339,0.8305,4.1937,0,2,0,0,1,3.9553,14,1
71,42,11,10,0,4,2,3,1,1,0,0,12,5,54,2,0,0,0,0,0,1,1,0,1,0,0,0,3,1,0.0704,0.169,0.0282,0.7606,4.6834,5,2,0,0,1,4.0416,12,1
61,12,24,17,0,4,1,4,1,1,0,0,13,15,33,0,0,0,0,0,0,1,1,0,1,1,0,0,2,1,0.2459,0.2131,0.0164,0.541,4.7337,6,3,1,0,0,2.8554,0,1
69,27,8,25,0,2,0,3,1,3,2,0,12,5,52,1,0,0,0,0,0,1,1,1,0,0,0,0,1,1,0.0725,0.1739,0.0,0.7536,4.6386,5,2,0,0,0,3.8101,11,0
56,36,13,0,0,4,2,3,0,0,0,0,10,0,46,2,0,0,0,0,0,1,1,0,1,0,0,0,4,1,0.0,0.1786,0.0357,0.8214,4.3476,0,2,0,0,1,4.0231,12,1
20,5,8,0,0,1,0,3,0,0,0,0,5,1,14,0,0,0,0,0,0,0,1,0,1,0,0,1,0,0,0.05,0.25,0.0,0.7,3.8464,1,2,0,0,0,2.3219,0,1
61,32,11,10,0,4,1,3,1,1,0,0,11,5,45,2,0,0,0,0,0,1,1,0,1,0,0,0,1,1,0.082,0.1803,0.0164,0.7377,4.689,5,2,0,0,1,4.0931,8,1
64,44,13,0,0,4,2,3,0,0,0,0,10,0,54,2,0,0,0,0,0,1,1,0,1,0,0,0,2,1,0.0,0.1562,0.0312,0.8438,4.3359,0,2,0,0,1,4.0383,13,1
58,38,13,0,0,4,2,3,0,0,0,0,10,0,48,2,0,0,0,0,0,1,1,0,1,0,0,0,3,1,0.0,0.1724,0.0345,0.8276,4.3236,0,2,0,0,1,3.9682,12,1
58,13,20,17,0,4,0,4,1,1,0,0,12,16,30,0,0,0,0,0,0,1,1,0,1,1,0,0,1,1,0.2759,0.2069,0.0,0.5172,4.612,6,3,1,0,0,2.6612,0,1
44,19,17,0,0,2,0,4,0,0,0,0,7,0,37,1,0,0,0,0,0,1,1,1,0,0,0,0,0,0,0.0,0.1591,0.0,0.8409,3.8793,0,2,0,0,0,3.3264,6,0
55,35,13,0,0,4,2,3,0,0,0,0,10,0,45,2,0,0,0,0,0,1,1,0,1,0,0,0,2,1,0.0,0.1818,0.0364,0.8182,4.3016,0,2,0,0,1,3.8926,11,1
65,10,47,0,0,1,5,4,0,0,0,0,12,0,53,0,1,0,0,0,1,1,1,1,0,0,0,0,1,1,0.0,0.1846,0.0769,0.8154,4.3399,0,4,0,0,0,2.8464,4,0
50,12,5,24,0,2,0,3,1,3,2,0,12,4,34,1,0,0,0,0,0,1,1,1,0,0,0,0,0,0,0.08,0.24,0.0,0.68,4.5933,4,2,0,0,0,3.085,3,0
24,8,8,0,0,2,0,3,0,0,0,0,6,0,18,1,0,0,0,0,0,1,1,1,0,0,0,0,0,0,0.0,0.25,0.0,0.75,3.9702,0,2,0,0,0,2.75,3,0
61,43,11,0,0,2,5,3,0,0,0,0,11,0,50,0,0,0,0,0,1,1,1,0,1,0,0,0,2,1,0.0,0.1803,0.082,0.8197,4.3267,0,3,0,0,1,4.0338,14,1
20,5,8,0,0,1,0,3,0,0,0,0,5,1,14,0,0,0,0,0,0,0,1,0,1,0,0,1,0,0,0.05,0.25,0.0,0.7,3.8464,1,2,0,0,0,2.3219,1,1
71,19,18,25,0,2,0,4,1,3,2,0,13,5,53,1,0,0,0,0,0,1,1,1,0,0,0,0,1,1,0.0704,0.1831,0.0,0.7465,4.6603,5,2,0,0,0,3.5766,6,0
54,25,11,10,0,4,1,3,1,1,0,0,11,5,38,2,0,0,0,0,0,1,1,0,1,0,0,0,3,1,0.0926,0.2037,0.0185,0.7037,4.5319,5,2,0,0,1,3.9133,8,1
66,14,27,17,0,4,1,4,1,1,0,0,13,17,36,0,0,0,0,0,0,1,1,0,1,1,0,0,3,1,0.2576,0.197,0.0152,0.5455,4.7068,6,3,1,0,0,2.3599,0,1
66,37,11,10,0,4,2,3,1,1,0,0,12,5,49,2,0,0,0,0,0,1,1,0,1,0,0,0,4,1,0.0758,0.1818,0.0303,0.7424,4.5937,5,2,0,0,1,4.006,12,1
45,20,17,0,0,2,0,4,0,0,0,0,7,1,37,1,0,0,0,0,0,1,1,1,0,0,0,0,0,0,0.0222,0.1556,0.0,0.8222,3.8611,1,2,0,0,0,3.3842,5,0
46,20,18,0,0,2,0,4,0,0,0,0,7,0,39,1,0,0,0,0,0,1,1,1,0,0,0,0,0,0,0.0,0.1522,0.0,0.8478,4.0471,0,2,0,0,0,3.4842,7,0
43,27,9,0,0,1,2,3,0,0,0,0,7,1,35,0,0,0,0,0,0,1,1,0,1,0,0,0,1,1,0.0233,0.1628,0.0465,0.814,4.1734,1,2,0,0,0,3.8562,7,1
42,16,18,0,0,2,0,5,0,0,0,0,8,0,34,1,0,0,0,0,0,1,1,1,0,0,0,0,0,0,0.0,0.1905,0.0,0.8095,3.9557,0,2,0,0,0,3.2028,5,0
31,15,8,0,0,2,0,3,0,0,0,0,6,0,25,1,0,0,0,0,0,1,1,1,0,0,0,0,0,0,0.0,0.1935,0.0,0.8065,3.797,0,2,0,0,0,3.1899,4,0
62,13,24,17,0,4,1,4,1,1,0,0,13,16,33,0,0,0,0,0,0,1,1,0,1,1,0,0,2,1,0.2581,0.2097,0.0161,0.5323,4.869,6,3,1,0,0,2.8731,0,1
61,43,11,0,0,2,5,3,0,0,0,0,11,0,50,0,0,0,0,0,1,1,1,0,1,0,0,0,4,1,0.0,0.1803,0.082,0.8197,4.2159,0,3,0,0,1,4.078,13,1
72,21,17,25,0,2,0,4,1,3,2,0,13,5,54,1,0,0,0,0,0,1,1,1,0,0,0,0,0,0,0.0694,0.1806,0.0,0.75,4.585,5,2,0,0,0,3.4226,8,0
84,17,59,0,0,1,6,5,0,0,0,0,13,8,63,0,0,0,0,0,1,1,1,1,0,0,0,0,0,0,0.0952,0.1548,0.0714,0.75,4.5958,8,3,0,0,0,3.6901,5,0
56,13,9,25,0,2,0,3,1,3,2,0,12,5,39,1,0,0,0,0,0,1,1,1,0,0,0,0,0,0,0.0893,0.2143,0.0,0.6964,4.5701,5,2,0,0,0,3.2389,5,0
21,6,8,0,0,1,0,3,0,0,0,0,5,2,14,0,0,0,0,0,0,0,1,0,1,0,0,1,0,0,0.0952,0.2381,0.0,0.6667,3.7849,1,2,0,0,0,2.585,1,1
26,11,8,0,0,1,0,3,0,0,0,0,5,2,19,0,0,0,0,0,0,0,1,0,1,0,0,1,0,0,0.0769,0.1923,0.0,0.7308,4.056,1,2,0,0,0,3.0958,3,1
62,44,11,0,0,2,5,3,0,0,0,0,11,0,51,0,0,0,0,0,1,1,1,0,1,0,0,0,3,1,0.0,0.1774,0.0806,0.8226,4.214,0,3,0,0,1,3.9995,13,1
26,11,8,0,0,1,0,3,0,0,0,0,5,0,21,0,0,0,0,0,0,0,1,0,1,0,0,1,0,0,0.0,0.1923,0.0,0.8077,4.1808,0,2,0,0,0,3.4594,3,1
43,18,17,0,0,2,0,4,0,0,0,0,7,0,36,1,0,0,0,0,0,1,1,1,0,0,0,0,1,1,0.0,0.1628,0.0,0.8372,3.8104,0,2,0,0,0,3.4613,6,0
43,17,18,0,0,2,0,6,0,0,0,0,9,6,28,1,0,0,0,0,0,1,1,1,0,0,0,0,0,0,0.1395,0.2093,0.0,0.6512,4.0362,4,2,0,0,0,3.4548,5,0
55,26,11,10,0,4,1,3,1,1,0,0,11,5,39,2,0,0,0,0,0,1,1,0,1,0,0,0,2,1,0.0909,0.2,0.0182,0.7091,4.4107,5,2,0,0,1,3.6612,9,1
75,17,24,25,0,2,0,6,1,3,2,0,15,11,49,1,0,0,0,0,0,1,1,1,0,0,0,0,0,0,0.1467,0.2,0.0,0.6533,4.72,5,2,0,0,0,3.4548,5,0
58,40,11,0,0,2,5,3,0,0,0,0,11,0,47,0,0,0,0,0,1,1,1,0,1,0,0,0,3,1,0.0,0.1897,0.0862,0.8103,4.3771,0,3,0,0,1,4.0628,13,1
26,11,8,0,0,1,0,3,0,0,0,0,5,2,19,0,0,0,0,0,0,0,1,0,1,0,0,1,0,0,0.0769,0.1923,0.0,0.7308,3.9501,1,2,0,0,0,3.0958,3,1
60,42,11,0,0,2,4,3,0,0,0,0,10,0,50,0,0,0,0,0,1,1,1,0,1,0,0,0,4,1,0.0,0.1667,0.0667,0.8333,4.4396,0,3,0,0,1,4.1548,14,1
34,18,8,0,0,2,0,3,0,0,0,0,6,1,27,1,0,0,0,0,0,1,1,1,0,0,0,0,0,0,0.0294,0.1765,0.0,0.7941,4.1385,1,2,0,0,0,3.281,4,0
70,15,30,17,0,4,1,4,1,1,0,0,13,18,39,0,0,0,0,0,0,1,1,0,1,1,0,0,1,1,0.2571,0.1857,0.0143,0.5571,4.7145,6,3,1,0,0,2.2826,0,1
51,29,14,0,0,2,0,5,0,0,0,0,8,1,42,1,0,0,0,0,0,1,1,1,0,0,0,0,0,0,0.0196,0.1569,0.0,0.8235,4.2116,1,2,0,0,0,3.8404,12,0
26,11,8,0,0,1,0,3,0,0,0,0,5,1,20,0,0,0,0,0,0,0,1,0,1,0,0,1,0,0,0.0385,0.1923,0.0,0.7692,4.056,1,2,0,0,0,3.0958,3,1
62,42,13,0,0,4,2,3,0,0,0,0,10,0,52,2,0,0,0,0,0,1,1,0,1,0,0,0,2,1,0.0,0.1613,0.0323,0.8387,4.1739,0,2,0,0,1,3.8856,14,1
49,7,8,25,0,1,0,3,1,3,2,0,11,5,33,0,0,0,0,0,0,1,1,1,0,0,0,0,0,0,0.102,0.2245,0.0,0.6735,4.5152,5,2,0,0,0,2.8074,3,0
43,17,18,0,0,2,0,5,0,0,0,0,8,0,35,1,0,0,0,0,0,1,1,1,0,0,0,0,0,0,0.0,0.186,0.0,0.814,4.1359,0,2,0,0,0,3.4548,6,0
60,42,11,0,0,2,5,3,0,0,0,0,11,0,49,0,0,0,0,0,1,1,1,0,1,0,0,0,5,1,0.0,0.1833,0.0833,0.8167,4.3859,0,3,0,0,1,4.0916,15,1
49,17,24,0,0,2,0,6,0,0,0,0,9,7,33,1,0,0,0,0,0,1,1,1,0,0,0,0,0,0,0.1429,0.1837,0.0,0.6735,4.2824,4,2,0,0,0,2.9842,3,0
40,14,18,0,0,2,0,4,0,0,0,0,7,0,33,1,0,0,0,0,0,1,1,1,0,0,0,0,0,0,0.0,0.175,0.0,0.825,3.9153,0,2,0,0,0,3.3249,3,0
70,15,30,17,0,4,1,4,1,1,0,0,13,18,39,0,0,0,0,0,0,1,1,0,1,1,0,0,2,1,0.2571,0.1857,0.0143,0.5571,4.8594,6,3,1,0,0,3.0062,0,1
67,16,17,25,0,2,0,4,1,3,2,0,13,5,49,1,0,0,0,0,0,1,1,1,0,0,0,0,0,0,0.0746,0.194,0.0,0.7313,4.6884,5,2,0,0,0,3.5778,4,0
66,37,11,10,0,4,2,3,1,1,0,0,12,5,49,2,0,0,0,0,0,1,1,0,1,0,0,0,4,1,0.0758,0.1818,0.0303,0.7424,4.543,5,2,0,0,1,3.9288,12,1
19,4,8,0,0,1,0,3,0,0,0,0,5,1,13,0,0,0,0,0,0,0,1,0,1,0,0,1,0,0,0.0526,0.2632,0.0,0.6842,3.7474,1,2,0,0,0,2.0,1,1
62,42,13,0,0,4,2,3,0,0,0,0,10,0,52,2,0,0,0,0,0,1,1,0,1,0,0,0,4,1,0.0,0.1613,0.0323,0.8387,4.3437,0,2,0,0,1,3.9988,15,1
26,11,8,0,0,1,0,3,0,0,0,0,5,0,21,0,0,0,0,0,0,0,1,0,1,0,0,1,0,0,0.0,0.1923,0.0,0.8077,4.2099,0,2,0,0,0,3.4594,3,1
66,48,11,0,0,2,5,3,0,0,0,0,11,0,55,0,0,0,0,0,1,1,1,0,1,0,0,0,5,1,0.0,0.1667,0.0758,0.8333,4.3859,0,3,0,0,1,4.0643,17,1
42,16,18,0,0,2,0,6,0,0,0,0,9,6,27,1,0,0,0,0,0,1,1,1,0,0,0,0,0,0,0.1429,0.2143,0.0,0.6429,4.044,4,2,0,0,0,3.1556,5,0
48,22,18,0,0,2,0,6,0,0,0,0,9,6,33,1,0,0,0,0,0,1,1,1,0,0,0,0,0,0,0.125,0.1875,0.0,0.6875,4.2823,4,2,0,0,0,3.8231,6,0
61,41,13,0,0,4,2,3,0,0,0,0,10,0,51,2,0,0,0,0,0,1,1,0,1,0,0,0,3,1,0.0,0.1639,0.0328,0.8361,4.1249,0,2,0,0,1,3.8509,15,1
68,17,17,25,0,2,0,4,1,3,2,0,13,5,50,1,0,0,0,0,0,1,1,1,0,0,0,0,0,0,0.0735,0.1912,0.0,0.7353,4.5428,5,2,0,0,0,3.3372,6,0
63,14,24,17,0,4,1,4,1,1,0,0,13,17,33,0,0,0,0,0,0,1,1,0,1,1,0,0,2,1,0.2698,0.2063,0.0159,0.5238,4.8005,6,3,1,0,0,2.7534,0,1
33,17,8,0,0,1,0,3,0,0,0,0,5,0,28,0,0,0,0,0,0,0,1,1,0,0,0,0,1,1,0.0,0.1515,0.0,0.8485,4.1502,0,1,0,0,0,3.4548,7,0
28,14,6,0,0,2,0,3,0,0,0,0,6,0,22,1,0,0,0,0,0,1,1,1,0,0,0,0,0,0,0.0,0.2143,0.0,0.7857,3.9947,0,2,0,0,0,3.3249,5,0
61,41,13,0,0,4,2,3,0,0,0,0,10,0,51,2,0,0,0,0,0,1,1,0,1,0,0,0,3,1,0.0,0.1639,0.0328,0.8361,4.138,0,2,0,0,1,3.7788,15,1
55,35,13,0,0,4,2,3,0,0,0,0,10,0,45,2,0,0,0,0,0,1,1,0,1,0,0,0,2,1,0.0,0.1818,0.0364,0.8182,4.295,0,2,0,0,1,3.8214,12,1
58,18,6,25,0,2,0,3,1,3,2,0,12,5,41,1,0,0,0,0,0,1,1,1,0,0,0,0,0,0,0.0862,0.2069,0.0,0.7069,4.6159,5,2,0,0,0,3.128,5,0
24,10,6,0,0,1,0,3,0,0,0,0,5,0,19,0,0,0,0,0,0,0,1,1,0,0,0,0,0,0,0.0,0.2083,0.0,0.7917,3.9073,0,1,0,0,0,2.9219,3,0
52,10,8,25,0,1,0,3,1,3,2,0,11,5,36,0,0,0,0,0,0,1,1,1,0,0,0,0,0,0,0.0962,0.2115,0.0,0.6923,4.5894,5,2,0,0,0,3.1219,4,0
19,4,8,0,0,1,0,3,0,0,0,0,5,1,13,0,0,0,0,0,0,0,1,0,1,0,0,1,0,0,0.0526,0.2632,0.0,0.6842,3.6421,1,2,0,0,0,2.0,1,1
65,23,8,25,0,2,0,3,1,3,2,0,12,5,48,1,0,0,0,0,0,1,1,1,0,0,0,0,0,0,0.0769,0.1846,0.0,0.7385,4.5694,5,2,0,0,0,3.3931,8,0
62,42,13,0,0,4,2,3,0,0,0,0,10,0,52,2,0,0,0,0,0,1,1,0,1,0,0,0,3,1,0.0,0.1613,0.0323,0.8387,4.3253,0,2,0,0,1,4.044,14,1
33,11,14,0,0,2,0,5,0,0,0,0,8,1,24,1,0,0,0,0,0,1,1,1,0,0,0,0,0,0,0.0303,0.2424,0.0,0.7273,3.7984,1,2,0,0,0,2.8454,2,0
43,18,17,0,0,3,0,4,0,0,0,0,8,0,35,2,0,0,0,0,0,1,1,1,0,0,0,0,0,0,0.0,0.186,0.0,0.814,4.0827,0,2,0,0,0,3.5305,7,0
68,13,30,17,0,4,1,4,1,1,0,0,13,16,39,0,0,0,0,0,0,1,1,0,1,1,0,0,1,1,0.2353,0.1912,0.0147,0.5735,4.758,6,3,1,0,0,2.6612,0,1
49,8,8,24,0,2,0,3,1,3,2,0,12,4,33,1,0,0,0,0,0,1,1,1,0,0,0,0,0,0,0.0816,0.2449,0.0,0.6735,4.6497,4,2,0,0,0,2.75,3,0
31,18,5,0,0,2,0,3,0,0,0,0,6,0,25,1,0,0,0,0,0,1,1,1,0,0,0,0,1,1,0.0,0.1935,0.0,0.8065,3.6797,0,2,0,0,0,3.3502,5,0
67,38,11,10,0,4,2,3,1,1,0,0,12,5,50,2,0,0,0,0,0,1,1,0,1,0,0,0,3,1,0.0746,0.1791,0.0299,0.7463,4.6065,5,2,0,0,1,3.9881,10,1
69,51,11,0,0,2,5,3,0,0,0,0,11,0,58,0,0,0,0,0,1,1,1,0,1,0,0,0,3,1,0.0,0.1594,0.0725,0.8406,4.4243,0,3,0,0,1,4.1359,18,1
26,11,8,0,0,1,0,3,0,0,0,0,5,1,20,0,0,0,0,0,0,0,1,0,1,0,0,1,0,0,0.0385,0.1923,0.0,0.7692,4.1808,1,2,0,0,0,3.4594,3,1
50,32,11,0,0,2,4,3,0,0,0,0,10,0,40,0,0,0,0,0,1,1,1,0,1,0,0,0,3,1,0.0,0.2,0.08,0.8,4.1913,0,3,0,0,1,3.8903,12,1
60,42,11,0,0,2,5,3,0,0,0,0,11,0,49,0,0,0,0,0,1,1,1,0,1,0,0,0,2,1,0.0,0.1833,0.0833,0.8167,4.1343,0,3,0,0,1,3.8511,14,1
41,9,24,0,0,1,1,4,0,0,0,0,8,0,33,0,0,0,0,0,0,1,1,1,0,0,0,0,0,0,0.0,0.1951,0.0244,0.8049,3.8788,0,2,0,0,0,2.7255,6,0
45,19,18,0,0,2,0,4,0,0,0,0,7,0,38,1,0,0,0,0,0,1,1,1,0,0,0,0,1,1,0.0,0.1556,0.0,0.8444,3.9288,0,2,0,0,0,3.2608,6,0
56,14,8,25,0,2,0,3,1,3,2,0,12,5,39,1,0,0,0,0,0,1,1,1,0,0,0,0,0,0,0.0893,0.2143,0.0,0.6964,4.7844,5,2,0,0,0,2.8963,4,0
63,43,13,0,0,4,2,3,0,0,0,0,10,0,53,2,0,0,0,0,0,1,1,0,1,0,0,0,2,1,0.0,0.1587,0.0317,0.8413,4.243,0,2,0,0,1,3.9233,14,1
42,17,17,0,0,2,0,4,0,0,0,0,7,0,35,1,0,0,0,0,0,1,1,1,0,0,0,0,0,0,0.0,0.1667,0.0,0.8333,4.062,0,2,0,0,0,3.4548,6,0
64,35,11,10,0,4,2,3,1,1,0,0,12,5,47,2,0,0,0,0,0,1,1,0,1,0,0,0,3,1,0.0781,0.1875,0.0312,0.7344,4.6034,5,2,0,0,1,3.9217,10,1
66,16,16,25,0,2,0,4,1,3,2,0,13,5,48,1,0,0,0,0,0,1,1,1,0,0,0,0,0,0,0.0758,0.197,0.0,0.7273,4.5401,5,2,0,0,0,3.375,5,0
63,14,24,17,0,4,0,4,1,1,0,0,12,17,34,0,0,0,0,0,0,1,1,0,1,1,0,0,2,1,0.2698,0.1905,0.0,0.5397,4.838,6,3,1,0,0,2.9852,0,1
54,11,9,25,0,1,0,3,1,3,2,0,11,5,38,0,0,0,0,0,0,1,1,1,0,0,0,0,0,0,0.0926,0.2037,0.0,0.7037,4.5342,5,2,0,0,0,3.0958,4,0
42,16,18,0,0,2,0,5,0,0,0,0,8,0,34,1,0,0,0,0,0,1,1,1,0,0,0,0,0,0,0.0,0.1905,0.0,0.8095,4.1072,0,2,0,0,0,3.5778,6,0
34,22,4,0,0,2,0,3,0,0,0,0,6,0,28,1,0,0,0,0,0,1,1,1,0,0,0,0,1,1,0.0,0.1765,0.0,0.8235,4.1385,0,2,0,0,0,3.6292,8,0
66,48,11,0,0,2,5,3,0,0,0,0,11,0,55,0,0,0,0,0,1,1,1,0,1,0,0,0,3,1,0.0,0.1667,0.0758,0.8333,4.4248,0,3,0,0,1,4.0923,16,1
65,15,25,17,0,4,1,4,1,1,0,0,13,18,34,0,0,0,0,0,0,1,1,0,1,1,0,0,2,1,0.2769,0.2,0.0154,0.5231,4.7411,6,3,1,0,0,2.9559,0,1
61,43,11,0,0,2,5,3,0,0,0,0,11,0,50,0,0,0,0,0,1,1,1,0,1,0,0,0,3,1,0.0,0.1803,0.082,0.8197,4.3407,0,3,0,0,1,4.014,14,1
48,22,18,0,0,2,0,4,0,0,0,0,7,0,41,1,0,0,0,0,0,1,1,1,0,0,0,0,0,0,0.0,0.1458,0.0,0.8542,4.071,0,2,0,0,0,3.6412,8,0
68,12,31,17,0,4,1,4,1,1,0,0,13,15,40,0,0,0,0,0,0,1,1,0,1,1,0,0,1,1,0.2206,0.1912,0.0147,0.5882,4.637,6,3,1,0,0,2.7925,0,1
66,15,26,17,0,4,1,4,1,1,0,0,13,18,35,0,0,0,0,0,0,1,1,0,1,1,0,0,2,1,0.2727,0.197,0.0152,0.5303,4.7909,6,3,1,0,0,2.6826,0,1
54,19,1,25,0,3,0,3,1,3,2,0,13,5,36,2,0,0,0,0,0,1,1,1,0,0,0,0,0,0,0.0926,0.2407,0.0,0.6667,4.708,5,2,0,0,0,3.5369,7,0
55,20,1,25,0,2,0,3,1,3,2,0,12,5,38,1,0,0,0,0,0,1,1,1,0,0,0,0,0,0,0.0909,0.2182,0.0,0.6909,4.7035,5,2,0,0,0,3.8842,7,0
69,49,13,0,0,4,2,3,0,0,0,0,10,0,59,2,0,0,0,0,0,1,1,0,1,0,0,0,3,1,0.0,0.1449,0.029,0.8551,4.2631,0,2,0,0,1,3.9751,19,1
48,18,22,0,0,2,0,4,0,0,0,0,7,0,41,1,0,0,0,0,0,1,1,1,0,0,0,0,1,1,0.0,0.1458,0.0,0.8542,3.8934,0,2,0,0,0,3.4613,5,0
21,6,8,0,0,1,0,3,0,0,0,0,5,2,14,0,0,0,0,0,0,0,1,0,1,0,0,1,0,0,0.0952,0.2381,0.0,0.6667,3.8442,1,2,0,0,0,2.585,1,1
43,29,6,0,0,2,0,3,0,0,0,0,6,0,37,1,0,0,0,0,0,1,1,1,0,0,0,0,0,0,0.0,0.1395,0.0,0.8605,4.2108,0,2,0,0,0,3.8404,12,0
19,4,8,0,0,1,0,3,0,0,0,0,5,0,14,0,0,0,0,0,0,0,1,0,1,0,0,1,0,0,0.0,0.2632,0.0,0.7368,3.7474,0,2,0,0,0,2.0,1,1
72,20,18,25,0,2,0,5,1,3,2,0,14,5,53,1,0,0,0,0,0,1,1,1,0,0,0,0,0,0,0.0694,0.1944,0.0,0.7361,4.5918,5,2,0,0,0,3.8842,7,0
59,22,4,24,0,2,0,3,1,3,2,0,12,4,43,1,0,0,0,0,0,1,1,1,0,0,0,0,0,0,0.0678,0.2034,0.0,0.7288,4.5659,4,2,0,0,0,3.6069,8,0
32,16,8,0,0,2,0,3,0,0,0,0,6,0,26,1,0,0,0,0,0,1,1,1,0,0,0,0,0,0,0.0,0.1875,0.0,0.8125,4.1167,0,2,0,0,0,3.1556,5,0
21,6,8,0,0,1,0,3,0,0,0,0,5,2,14,0,0,0,0,0,0,0,1,0,1,0,0,1,0,0,0.0952,0.2381,0.0,0.6667,3.749,1,2,0,0,0,2.585,1,1
37,11,18,0,0,1,0,5,0,0,0,0,7,0,30,0,0,0,0,0,0,1,1,1,0,0,0,0,0,0,0.0,0.1892,0.0,0.8108,4.0777,0,2,0,0,0,3.2776,3,0
68,17,18,24,0,2,0,5,1,3,2,0,14,4,50,1,0,0,0,0,0,1,1,1,0,0,0,0,0,0,0.0588,0.2059,0.0,0.7353,4.5704,4,2,0,0,0,3.4548,6,0
26,11,8,0,0,1,0,3,0,0,0,0,5,1,20,0,0,0,0,0,0,0,1,0,1,0,0,1,0,0,0.0385,0.1923,0.0,0.7692,3.8403,1,2,0,0,0,3.0958,3,1
52,37,8,0,0,1,4,3,0,0,0,0,9,0,43,0,0,0,0,0,1,1,1,0,1,0,0,0,7,1,0.0,0.1731,0.0769,0.8269,4.3661,0,3,0,0,1,4.1212,13,1
58,10,14,25,0,1,0,5,1,3,2,0,13,6,39,0,0,0,0,0,0,1,1,1,0,0,0,0,0,0,0.1034,0.2241,0.0,0.6724,4.6125,5,2,0,0,0,3.3219,3,0
46,20,18,0,0,2,0,4,0,0,0,0,7,0,39,1,0,0,0,0,0,1,1,1,0,0,0,0,1,1,0.0,0.1522,0.0,0.8478,4.1079,0,2,0,0,0,3.5219,6,0
41,14,19,0,0,2,0,5,0,0,0,0,8,0,33,1,0,0,0,0,0,1,1,1,0,0,0,0,0,0,0.0,0.1951,0.0,0.8049,4.1347,0,2,0,0,0,3.182,3,0
77,14,33,17,0,4,1,4,1,1,0,0,14,21,42,0,0,0,0,0,0,1,1,0,1,1,1,0,2,1,0.2727,0.1818,0.013,0.5455,4.8931,6,4,1,0,0,3.0391,0,1
62,42,13,0,0,4,2,3,0,0,0,0,10,0,52,2,0,0,0,0,0,1,1,0,1,0,0,0,4,1,0.0,0.1613,0.0323,0.8387,4.3084,0,2,0,0,1,4.0736,16,1
27,11,8,0,0,1,0,3,0,0,0,0,5,0,22,0,0,0,0,0,0,0,1,1,0,0,0,0,0,0,0.0,0.1852,0.0,0.8148,3.8842,0,1,0,0,0,3.2776,3,0
67,47,13,0,0,4,2,3,0,0,0,0,10,0,57,2,0,0,0,0,0,1,1,0,1,0,0,0,2,1,0.0,0.1493,0.0299,0.8507,4.2093,0,2,0,0,1,3.7718,16,1
63,34,11,10,0,4,2,3,1,1,0,0,12,5,46,2,0,0,0,0,0,1,1,0,1,0,0,0,4,1,0.0794,0.1905,0.0317,0.7302,4.6829,5,2,0,0,1,4.0797,11,1
43,17,18,0,0,2,0,4,0,0,0,0,7,0,36,1,0,0,0,0,0,1,1,1,0,0,0,0,0,0,0.0,0.1628,0.0,0.8372,4.0072,0,2,0,0,0,3.3372,6,0
53,33,13,0,0,4,2,3,0,0,0,0,10,0,43,2,0,0,0,0,0,1,1,0,1,0,0,0,3,1,0.0,0.1887,0.0377,0.8113,4.3433,0,2,0,0,1,4.0061,12,1
65,47,11,0,0,2,4,3,0,0,0,0,10,0,55,0,0,0,0,0,1,1,1,0,1,0,0,0,4,1,0.0,0.1538,0.0615,0.8462,4.3384,0,3,0,0,1,4.0315,17,1
49,17,24,0,0,2,0,6,0,0,0,0,9,6,34,1,0,0,0,0,0,1,1,1,0,0,0,0,0,0,0.1224,0.1837,0.0,0.6939,4.2362,4,2,0,0,0,3.3372,6,0
33,17,8,0,0,2,0,3,0,0,0,0,6,0,27,1,0,0,0,0,0,1,1,1,0,0,0,0,0,0,0.0,0.1818,0.0,0.8182,3.9802,0,2,0,0,0,3.2639,8,0
30,14,8,0,0,2,0,3,0,0,0,0,6,0,24,1,0,0,0,0,0,1,1,1,0,0,0,0,0,0,0.0,0.2,0.0,0.8,4.0981,0,2,0,0,0,3.3249,4,0
56,36,13,0,0,4,2,3,0,0,0,0,10,0,46,2,0,0,0,0,0,1,1,0,1,0,0,0,2,1,0.0,0.1786,0.0357,0.8214,4.2164,0,2,0,0,1,3.8429,12,1
66,14,18,25,0,2,0,4,1,3,2,0,13,5,48,1,0,0,0,0,0,1,1,1,0,0,0,0,0,0,0.0758,0.197,0.0,0.7273,4.6214,5,2,0,0,0,3.3249,3,0
20,5,8,0,0,1,0,3,0,0,0,0,5,0,15,0,0,0,0,0,0,0,1,0,1,0,0,1,0,0,0.0,0.25,0.0,0.75,3.8842,0,2,0,0,0,2.3219,1,1
66,14,27,17,0,4,1,4,1,1,0,0,13,17,36,0,0,0,0,0,0,1,1,0,1,1,0,0,2,1,0.2576,0.197,0.0152,0.5455,4.7566,6,3,1,0,0,2.8424,0,1
20,5,8,0,0,1,0,3,0,0,0,0,5,2,13,0,0,0,0,0,0,0,1,0,1,0,0,1,0,0,0.1,0.25,0.0,0.65,3.7842,2,2,0,0,0,2.3219,1,1
40,24,8,0,0,2,0,3,0,0,0,0,6,0,34,1,0,0,0,0,0,1,1,1,0,0,0,0,0,0,0.0,0.15,0.0,0.85,4.1587,0,2,0,0,0,3.5221,9,0
21,6,8,0,0,1,0,3,0,0,0,0,5,1,15,0,0,0,0,0,0,0,1,0,1,0,0,1,0,0,0.0476,0.2381,0.0,0.7143,3.8442,1,2,0,0,0,2.585,1,1
21,6,8,0,0,1,0,3,0,0,0,0,5,2,14,0,0,0,0,0,0,0,1,0,1,0,0,1,0,0,0.0952,0.2381,0.0,0.6667,3.8442,1,2,0,0,0,2.585,1,1
34,18,8,0,0,2,0,3,0,0,0,0,6,0,28,1,0,0,0,0,0,1,1,1,0,0,0,0,1,1,0.0,0.1765,0.0,0.8235,3.719,0,2,0,0,0,3.3502,5,0
72,14,33,17,0,4,1,4,1,1,0,0,13,17,42,0,0,0,0,0,0,1,1,0,1,1,0,0,3,1,0.2361,0.1806,0.0139,0.5833,4.8706,6,3,1,0,0,2.9852,0,1
56,14,8,25,0,2,0,3,1,3,2,0,12,5,39,1,0,0,0,0,0,1,1,1,0,0,0,0,0,0,0.0893,0.2143,0.0,0.6964,4.5122,5,2,0,0,0,3.5216,5,0
57,15,8,25,0,2,0,3,1,3,2,0,12,5,40,1,0,0,0,0,0,1,1,1,0,0,0,0,0,0,0.0877,0.2105,0.0,0.7018,4.5955,5,2,0,0,0,3.0566,5,0
26,11,8,0,0,1,0,3,0,0,0,0,5,0,21,0,0,0,0,0,0,0,1,0,1,0,0,1,0,0,0.0,0.1923,0.0,0.8077,3.9791,0,2,0,0,0,3.0958,3,1
73,15,24,25,0,2,0,6,1,3,2,0,15,11,47,1,0,0,0,0,0,1,1,1,0,0,0,0,0,0,0.1507,0.2055,0.0,0.6438,4.7857,5,2,0,0,0,3.3736,5,0
60,42,11,0,0,2,5,3,0,0,0,0,11,0,49,0,0,0,0,0,1,1,1,0,1,0,0,0,3,1,0.0,0.1833,0.0833,0.8167,4.1754,0,3,0,0,1,3.8128,13,1
62,12,42,0,0,2,2,5,0,0,0,0,10,9,43,1,0,0,0,0,0,1,1,1,0,0,0,0,1,1,0.1452,0.1613,0.0323,0.6935,4.5955,9,2,0,0,0,3.0221,2,0
59,41,11,0,0,2,4,3,0,0,0,0,10,0,49,0,0,0,0,0,1,1,1,0,1,0,0,0,4,1,0.0,0.1695,0.0678,0.8305,4.4466,0,3,0,0,1,4.1012,15,1
26,11,8,0,0,1,0,3,0,0,0,0,5,0,21,0,0,0,0,0,0,0,1,0,1,0,0,1,0,0,0.0,0.1923,0.0,0.8077,4.056,0,2,0,0,0,3.0958,3,1
68,14,29,17,0,4,1,4,1,1,0,0,13,17,38,0,0,0,0,0,0,1,1,0,1,1,0,0,1,1,0.25,0.1912,0.0147,0.5588,4.5708,6,3,1,0,0,1.8092,0,1
70,12,24,25,0,2,0,6,1,3,2,0,15,11,44,1,0,0,0,0,0,1,1,1,0,0,0,0,0,0,0.1571,0.2143,0.0,0.6286,4.7713,5,2,0,0,0,3.2516,3,0
31,14,9,0,0,2,0,3,0,0,0,0,6,0,25,1,0,0,0,0,0,1,1,1,0,0,0,0,0,0,0.0,0.1935,0.0,0.8065,3.8647,0,2,0,0,0,3.182,4,0
59,15,19,17,0,4,0,4,1,1,0,0,12,18,29,0,0,0,0,0,0,1,1,0,1,1,0,0,2,1,0.3051,0.2034,0.0,0.4915,4.5627,6,3,1,0,0,3.0062,0,1
44,14,22,0,0,2,0,4,0,0,0,0,7,0,37,1,0,0,0,0,0,1,1,1,0,0,0,0,0,0,0.0,0.1591,0.0,0.8409,3.9623,0,2,0,0,0,2.8424,4,0
62,13,24,17,0,4,1,4,1,1,0,0,13,16,33,0,0,0,0,0,0,1,1,0,1,1,0,0,2,1,0.2581,0.2097,0.0161,0.5323,4.869,6,3,1,0,0,2.6612,0,1
32,10,14,0,0,1,0,5,0,0,0,0,7,1,24,0,0,0,0,0,0,1,1,1,0,0,0,0,0,0,0.0312,0.2188,0.0,0.75,3.8522,1,2,0,0,0,3.3219,4,0
57,15,8,25,0,2,0,3,1,3,2,0,12,5,40,1,0,0,0,0,0,1,1,1,0,0,0,0,0,0,0.0877,0.2105,0.0,0.7018,4.5254,5,2,0,0,0,3.3736,5,0
59,30,11,10,0,4,1,3,1,1,0,0,11,5,43,2,0,0,0,0,0,1,1,0,1,0,0,0,2,1,0.0847,0.1864,0.0169,0.7288,4.6194,5,2,0,0,1,3.9232,8,1
61,41,13,0,0,3,3,3,0,0,0,0,10,0,51,1,0,0,0,0,0,1,1,0,1,0,0,0,6,1,0.0,0.1639,0.0492,0.8361,4.2477,0,2,0,0,1,4.0067,13,1
55,16,5,25,0,2,0,3,1,3,2,0,12,5,38,1,0,0,0,0,0,1,1,1,0,0,0,0,0,0,0.0909,0.2182,0.0,0.6909,4.6307,5,2,0,0,0,3.625,6,0
74,16,24,25,0,2,0,6,1,3,2,0,15,11,48,1,0,0,0,0,0,1,1,1,0,0,0,0,0,0,0.1486,0.2027,0.0,0.6486,4.8322,5,2,0,0,0,3.5,5,0
60,42,11,0,0,2,5,3,0,0,0,0,11,0,49,0,0,0,0,0,1,1,1,0,1,0,0,0,2,1,0.0,0.1833,0.0833,0.8167,4.3444,0,3,0,0,1,4.1033,14,1
19,10,1,0,0,1,0,3,0,0,0,0,5,0,14,0,0,0,0,0,0,0,1,1,0,0,0,0,0,0,0.0,0.2632,0.0,0.7368,3.6421,0,1,0,0,0,3.3219,3,0
21,6,8,0,0,1,0,3,0,0,0,0,5,1,15,0,0,0,0,0,0,0,1,0,1,0,0,1,0,0,0.0476,0.2381,0.0,0.7143,3.6538,1,2,0,0,0,2.585,1,1
71,42,11,10,0,4,2,3,1,1,0,0,12,5,54,2,0,0,0,0,0,1,1,0,1,0,0,0,3,1,0.0704,0.169,0.0282,0.7606,4.6298,5,2,0,0,1,3.9488,13,1
67,49,11,0,0,2,5,3,0,0,0,0,11,0,56,0,0,0,0,0,1,1,1,0,1,0,0,0,4,1,0.0,0.1642,0.0746,0.8358,4.4004,0,3,0,0,1,4.1304,17,1
36,14,14,0,0,2,0,5,0,0,0,0,8,1,27,1,0,0,0,0,0,1,1,1,0,0,0,0,0,0,0.0278,0.2222,0.0,0.75,3.9722,1,2,0,0,0,3.2359,4,0
31,18,5,0,0,2,0,3,0,0,0,0,6,0,25,1,0,0,0,0,0,1,1,1,0,0,0,0,1,1,0.0,0.1935,0.0,0.8065,3.7758,0,2,0,0,0,3.4613,6,0
61,43,11,0,0,2,5,3,0,0,0,0,11,0,50,0,0,0,0,0,1,1,1,0,1,0,0,0,3,1,0.0,0.1803,0.082,0.8197,4.3547,0,3,0,0,1,3.9138,15,1
63,34,11,10,0,4,2,3,1,1,0,0,12,5,46,2,0,0,0,0,0,1,1,0,1,0,0,0,3,1,0.0794,0.1905,0.0317,0.7302,4.5565,5,2,0,0,1,4.1019,9,1
38,22,8,0,0,2,0,3,0,0,0,0,6,0,32,1,0,0,0,0,0,1,1,1,0,0,0,0,0,0,0.0,0.1579,0.0,0.8421,4.0907,0,2,0,0,0,3.8231,6,0
49,31,11,0,0,2,4,3,0,0,0,0,10,0,39,0,0,0,0,0,1,1,1,0,1,0,0,0,2,1,0.0,0.2041,0.0816,0.7959,4.2724,0,3,0,0,1,3.889,11,1
73,44,11,10,0,4,3,3,1,1,0,0,13,5,55,2,0,0,0,0,0,1,1,0,1,0,0,0,3,1,0.0685,0.1781,0.0411,0.7534,4.5732,5,2,0,0,1,4.0151,13,1
63,34,11,10,0,4,2,3,1,1,0,0,12,5,46,2,0,0,0,0,0,1,1,0,1,0,0,0,4,1,0.0794,0.1905,0.0317,0.7302,4.6615,5,2,0,0,1,4.0575,11,1
73,22,18,24,0,2,0,4,1,3,2,0,13,4,56,1,0,0,0,0,0,1,1,1,0,0,0,0,1,1,0.0548,0.1781,0.0,0.7671,4.6364,4,2,0,0,0,3.6978,7,0
26,11,8,0,0,1,0,3,0,0,0,0,5,0,21,0,0,0,0,0,0,0,1,0,1,0,0,1,0,0,0.0,0.1923,0.0,0.8077,3.8731,0,2,0,0,0,3.0958,3,1
26,14,4,0,0,2,0,3,0,0,0,0,6,0,20,1,0,0,0,0,0,1,1,1,0,0,0,0,0,0,0.0,0.2308,0.0,0.7692,3.8253,0,2,0,0,0,3.0391,6,0
73,21,18,25,0,2,0,4,1,3,2,0,13,5,55,1,0,0,0,0,0,1,1,1,0,0,0,0,0,0,0.0685,0.1781,0.0,0.7534,4.6087,5,2,0,0,0,3.749,7,0
62,42,13,0,0,4,3,3,0,0,0,0,11,0,51,2,0,0,0,0,0,1,1,0,1,0,0,0,4,1,0.0,0.1774,0.0484,0.8226,4.3068,0,2,0,0,1,3.9871,14,1
78,20,24,25,0,2,0,6,1,3,2,0,15,11,52,1,0,0,0,0,0,1,1,1,0,0,0,0,0,0,0.141,0.1923,0.0,0.6667,4.7321,5,2,0,0,0,3.5219,7,0
20,5,8,0,0,1,0,3,0,0,0,0,5,3,12,0,0,0,0,0,0,0,1,0,1,0,0,1,0,0,0.15,0.25,0.0,0.6,3.9842,1,2,0,0,0,2.3219,0,1
63,43,13,0,0,4,2,3,0,0,0,0,10,0,53,2,0,0,0,0,0,1,1,0,1,0,0,0,2,1,0.0,0.1587,0.0317,0.8413,4.1575,0,2,0,0,1,3.8302,14,1
65,36,11,10,0,4,2,3,1,1,0,0,12,5,48,2,0,0,0,0,0,1,1,0,1,0,0,0,4,1,0.0769,0.1846,0.0308,0.7385,4.6739,5,2,0,0,1,4.1206,11,1
64,14,25,17,0,4,0,4,1,1,0,0,12,17,35,0,0,0,0,0,0,1,1,0,1,1,0,0,2,1,0.2656,0.1875,0.0,0.5469,4.7268,6,3,1,0,0,3.0391,0,1
31,18,5,0,0,2,0,3,0,0,0,0,6,0,25,1,0,0,0,0,0,1,1,1,0,0,0,0,0,0,0.0,0.1935,0.0,0.8065,4.1069,0,2,0,0,0,3.5724,7,0
44,20,16,0,0,2,0,4,0,0,0,0,7,0,37,1,0,0,0,0,0,1,1,1,0,0,0,0,0,0,0.0,0.1591,0.0,0.8409,3.9989,0,2,0,0,0,3.2842,7,0
42,15,19,0,0,2,0,4,0,0,0,0,7,0,35,1,0,0,0,0,0,1,1,1,0,0,0,0,0,0,0.0,0.1667,0.0,0.8333,3.9308,0,2,0,0,0,3.3232,3,0
26,11,8,0,0,1,0,3,0,0,0,0,5,1,20,0,0,0,0,0,0,0,1,0,1,0,0,1,0,0,0.0385,0.1923,0.0,0.7692,4.1808,1,2,0,0,0,3.4594,3,1
26,11,8,0,0,1,0,3,0,0,0,0,5,0,21,0,0,0,0,0,0,0,1,0,1,0,0,1,0,0,0.0,0.1923,0.0,0.8077,3.9022,0,2,0,0,0,3.0958,3,1
70,18,18,25,0,2,0,6,1,3,2,0,15,11,44,1,0,0,0,0,0,1,1,1,0,0,0,0,1,1,0.1571,0.2143,0.0,0.6286,4.7573,5,2,0,0,0,3.4613,5,0
71,42,11,10,0,4,2,3,1,1,0,0,12,5,54,2,0,0,0,0,0,1,1,0,1,0,0,0,4,1,0.0704,0.169,0.0282,0.7606,4.5879,5,2,0,0,1,4.0581,13,1
29,20,1,0,0,2,0,3,0,0,0,0,6,0,23,1,0,0,0,0,0,1,1,1,0,0,0,0,0,0,0.0,0.2069,0.0,0.7931,3.8313,0,2,0,0,0,3.5464,6,0
55,17,7,22,0,2,0,3,1,2,1,0,10,0,45,1,0,0,0,0,0,1,1,1,0,0,0,0,0,0,0.0,0.1818,0.0,0.8182,4.1198,0,2,0,0,0,3.4104,5,0
58,14,37,0,0,4,2,4,0,0,0,0,11,14,33,0,0,0,0,0,0,1,1,0,1,1,0,0,2,1,0.2414,0.1897,0.0345,0.569,4.5385,3,3,1,0,0,2.7885,0,1
19,4,8,0,0,1,0,3,0,0,0,0,5,0,14,0,0,0,0,0,0,0,1,0,1,0,0,1,0,0,0.0,0.2632,0.0,0.7368,3.5369,0,2,0,0,0,2.0,1,1
54,34,13,0,0,4,2,3,0,0,0,0,10,0,44,2,0,0,0,0,0,1,1,0,1,0,0,0,2,1,0.0,0.1852,0.037,0.8148,4.2387,0,2,0,0,1,3.8444,11,1
51,33,11,0,0,2,4,3,0,0,0,0,10,0,41,0,0,0,0,0,1,1,1,0,1,0,0,0,3,1,0.0,0.1961,0.0784,0.8039,4.3023,0,3,0,0,1,3.9832,10,1
34,10,16,0,0,1,0,4,0,0,0,0,6,0,28,0,0,0,0,0,0,1,1,1,0,0,0,0,0,0,0.0,0.1765,0.0,0.8235,3.881,0,2,0,0,0,3.1219,2,0
58,38,13,0,0,4,2,3,0,0,0,0,10,0,48,2,0,0,0,0,0,1,1,0,1,0,0,0,3,1,0.0,0.1724,0.0345,0.8276,4.2264,0,2,0,0,1,3.8785,12,1
62,33,11,10,0,4,1,3,1,1,0,0,11,5,46,2,0,0,0,0,0,1,1,0,1,0,0,0,4,1,0.0806,0.1774,0.0161,0.7419,4.6955,5,2,0,0,1,4.0209,12,1
57,11,21,17,0,4,0,4,1,1,0,0,12,14,31,0,0,0,0,0,0,1,1,0,1,1,0,0,1,1,0.2456,0.2105,0.0,0.5439,4.4907,6,3,1,0,0,2.4817,0,1
58,45,6,0,0,1,6,3,0,0,0,0,11,0,47,0,0,0,0,0,1,1,1,0,1,0,0,0,2,1,0.0,0.1897,0.1034,0.8103,4.275,0,3,0,0,1,4.0053,14,1
33,17,8,0,0,2,0,3,0,0,0,0,6,0,27,1,0,0,0,0,0,1,1,1,0,0,0,0,0,0,0.0,0.1818,0.0,0.8182,3.7377,0,2,0,0,0,3.1751,4,0
46,20,18,0,0,2,0,6,0,0,0,0,9,6,31,1,0,0,0,0,0,1,1,1,0,0,0,0,0,0,0.1304,0.1957,0.0,0.6739,4.2326,4,2,0,0,0,3.6842,8,0
72,14,33,17,0,4,1,4,1,1,0,0,13,17,42,0,0,0,0,0,0,1,1,0,1,1,0,0,3,1,0.2361,0.1806,0.0139,0.5833,4.8502,6,3,1,0,0,2.6995,0,1
26,11,8,0,0,1,0,3,0,0,0,0,5,1,20,0,0,0,0,0,0,0,1,0,1,0,0,1,0,0,0.0385,0.1923,0.0,0.7692,4.1808,1,2,0,0,0,3.4594,3,1
37,15,14,0,0,2,0,5,0,0,0,0,8,1,28,1,0,0,0,0,0,1,1,1,0,0,0,0,0,0,0.027,0.2162,0.0,0.7568,4.021,1,2,0,0,0,3.6402,4,0
66,14,27,17,0,4,1,4,1,1,0,0,13,17,36,0,0,0,0,0,0,1,1,0,1,1,0,0,2,1,0.2576,0.197,0.0152,0.5455,4.7884,6,3,1,0,0,2.4138,0,1
30,14,8,0,0,2,0,3,0,0,0,0,6,0,24,1,0,0,0,0,0,1,1,1,0,0,0,0,0,0,0.0,0.2,0.0,0.8,3.7777,0,2,0,0,0,3.3249,4,0
58,38,13,0,0,4,2,3,0,0,0,0,10,0,48,2,0,0,0,0,0,1,1,0,1,0,0,0,2,1,0.0,0.1724,0.0345,0.8276,4.2807,0,2,0,0,1,3.9907,13,1
21,6,8,0,0,1,0,3,0,0,0,0,5,2,14,0,0,0,0,0,0,0,1,0,1,0,0,1,0,0,0.0952,0.2381,0.0,0.6667,3.8442,1,2,0,0,0,2.585,1,1
21,6,8,0,0,1,0,3,0,0,0,0,5,1,15,0,0,0,0,0,0,0,1,0,1,0,0,1,0,0,0.0476,0.2381,0.0,0.7143,3.749,1,2,0,0,0,2.585,1,1
39,13,18,0,0,2,0,6,0,0,0,0,9,6,24,1,0,0,0,0,0,1,1,1,0,0,0,0,0,0,0.1538,0.2308,0.0,0.6154,4.0604,4,2,0,0,0,3.027,3,0
78,13,35,17,0,4,1,4,1,1,0,0,14,20,44,0,0,0,0,0,0,1,1,0,1,1,1,0,2,1,0.2564,0.1795,0.0128,0.5641,4.8809,6,4,1,0,0,2.8151,0,1
68,48,13,0,0,4,3,3,0,0,0,0,11,0,57,2,0,0,0,0,0,1,1,0,1,0,0,0,3,1,0.0,0.1618,0.0441,0.8382,4.2569,0,2,0,0,1,3.9235,14,1
48,18,22,0,0,2,0,4,0,0,0,0,7,1,40,1,0,0,0,0,0,1,1,1,0,0,0,0,0,0,0.0208,0.1458,0.0,0.8333,3.9541,1,2,0,0,0,3.086,4,0
46,11,1,25,0,1,0,3,1,3,2,0,11,5,30,0,0,0,0,0,0,1,1,1,0,0,0,0,0,0,0.1087,0.2391,0.0,0.6522,4.5534,5,2,0,0,0,3.0958,4,0
60,17,9,25,0,2,0,3,1,3,2,0,12,5,43,1,0,0,0,0,0,1,1,1,0,0,0,0,0,0,0.0833,0.2,0.0,0.7167,4.592,5,2,0,0,0,3.1751,4,0
47,22,17,0,0,2,0,4,0,0,0,0,7,0,40,1,0,0,0,0,0,1,1,1,0,0,0,0,1,1,0.0,0.1489,0.0,0.8511,4.1592,0,2,0,0,0,3.6292,8,0
60,42,11,0,0,2,5,3,0,0,0,0,11,0,49,0,0,0,0,0,1,1,1,0,1,0,0,0,4,1,0.0,0.1833,0.0833,0.8167,4.2278,0,3,0,0,1,3.9551,13,1
76,13,33,17,0,4,1,4,1,1,0,0,14,20,42,0,0,0,0,0,0,1,1,0,1,1,1,0,3,1,0.2632,0.1842,0.0132,0.5526,4.7974,6,4,1,0,0,2.8151,0,1
35,18,9,0,0,2,0,3,0,0,0,0,6,0,29,1,0,0,0,0,0,1,1,1,0,0,0,0,1,1,0.0,0.1714,0.0,0.8286,3.9002,0,2,0,0,0,3.3921,6,0
68,39,11,10,0,4,2,3,1,1,0,0,12,5,51,2,0,0,0,0,0,1,1,0,1,0,0,0,4,1,0.0735,0.1765,0.0294,0.75,4.5912,5,2,0,0,1,3.9679,14,1
76,11,35,17,0,4,2,4,1,1,0,0,15,18,43,0,0,0,0,0,0,1,1,0,1,1,0,0,2,1,0.2368,0.1974,0.0263,0.5658,4.8777,6,3,1,0,0,2.5949,0,1
55,15,6,25,0,3,0,3,1,3,2,0,13,5,37,2,0,0,0,0,0,1,1,1,0,0,0,0,0,0,0.0909,0.2364,0.0,0.6727,4.6426,5,2,0,0,0,3.0566,5,0
36,13,15,0,0,2,2,4,0,0,0,0,9,2,25,1,0,0,0,0,0,1,1,1,0,0,0,0,0,0,0.0556,0.25,0.0556,0.6944,4.0833,2,2,0,0,0,3.027,3,0
65,13,27,17,0,4,1,4,1,1,0,0,13,16,36,0,0,0,0,0,0,1,1,0,1,1,0,0,3,1,0.2462,0.2,0.0154,0.5538,4.7552,6,3,1,0,0,2.8151,0,1
58,20,7,22,0,2,0,3,1,2,1,0,10,1,47,1,0,0,0,0,0,1,1,1,0,0,0,0,0,0,0.0172,0.1724,0.0,0.8103,4.1632,1,2,0,0,0,3.3842,5,0
36,12,16,0,0,2,0,4,0,0,0,0,7,0,29,1,0,0,0,0,0,1,1,1,0,0,0,0,0,0,0.0,0.1944,0.0,0.8056,4.2391,0,2,0,0,0,3.4183,4,0
32,16,8,0,0,2,0,3,0,0,0,0,6,0,26,1,0,0,0,0,0,1,1,1,0,0,0,0,0,0,0.0,0.1875,0.0,0.8125,3.5306,0,2,0,0,0,3.2028,5,0
45,29,8,0,0,2,0,3,0,0,0,0,6,0,39,1,0,0,0,0,0,1,1,1,0,0,0,0,0,0,0.0,0.1333,0.0,0.8667,4.1868,0,2,0,0,0,3.8404,12,0
45,19,18,0,0,2,0,5,0,0,0,0,8,0,37,1,0,0,0,0,0,1,1,1,0,0,0,0,0,0,0.0,0.1778,0.0,0.8222,4.1088,0,2,0,0,0,3.6819,6,0
64,46,11,0,0,2,5,3,0,0,0,0,11,0,53,0,0,0,0,0,1,1,1,0,1,0,0,0,5,1,0.0,0.1719,0.0781,0.8281,4.3701,0,3,0,0,1,4.0915,16,1
71,42,11,10,0,4,2,3,1,1,0,0,12,5,54,2,0,0,0,0,0,1,1,0,1,0,0,0,2,1,0.0704,0.169,0.0282,0.7606,4.5278,5,2,0,0,1,3.8856,13,1
53,33,13,0,0,4,2,3,0,0,0,0,10,0,43,2,0,0,0,0,0,1,1,0,1,0,0,0,3,1,0.0,0.1887,0.0377,0.8113,4.266,0,2,0,0,1,3.8391,12,1
37,11,18,0,0,2,0,5,0,0,0,0,8,0,29,1,0,0,0,0,0,1,1,1,0,0,0,0,0,0,0.0,0.2162,0.0,0.7838,4.0033,0,2,0,0,0,3.0958,4,0
27,18,1,0,0,2,0,3,0,0,0,0,6,0,21,1,0,0,0,0,0,1,1,1,0,0,0,0,1,1,0.0,0.2222,0.0,0.7778,3.5138,0,2,0,0,0,3.3083,4,0
28,14,6,0,0,2,0,3,0,0,0,0,6,0,22,1,0,0,0,0,0,1,1,1,0,0,0,0,0,0,0.0,0.2143,0.0,0.7857,3.9138,0,2,0,0,0,2.9852,4,0
43,18,17,0,0,2,0,4,0,0,0,0,7,0,36,1,0,0,0,0,0,1,1,1,0,0,0,0,0,0,0.0,0.1628,0.0,0.8372,4.0423,0,2,0,0,0,3.6144,7,0
61,43,11,0,0,2,5,3,0,0,0,0,11,0,50,0,0,0,0,0,1,1,1,0,1,0,0,0,2,1,0.0,0.1803,0.082,0.8197,4.2648,0,3,0,0,1,3.9125,15,1
42,10,24,0,0,1,0,6,0,0,0,0,8,6,28,0,0,0,0,0,0,1,1,1,0,0,0,0,0,0,0.1429,0.1905,0.0,0.6667,4.2845,4,2,0,0,0,3.1219,3,0
24,11,5,0,0,1,0,3,0,0,0,0,5,0,19,0,0,0,0,0,0,0,1,1,0,0,0,0,0,0,0.0,0.2083,0.0,0.7917,3.6573,0,1,0,0,0,3.0958,4,0
27,11,8,0,0,1,0,3,0,0,0,0,5,0,22,0,0,0,0,0,0,0,1,1,0,0,0,0,0,0,0.0,0.1852,0.0,0.8148,3.8842,0,1,0,0,0,3.0958,4,0
77,14,33,17,0,4,1,4,1,1,0,0,14,21,42,0,0,0,0,0,0,1,1,0,1,1,1,0,2,1,0.2727,0.1818,0.013,0.5455,4.7376,6,4,1,0,0,2.3599,0,1
64,13,17,25,0,3,0,4,1,3,2,0,14,5,45,2,0,0,0,0,0,1,1,1,0,0,0,0,0,0,0.0781,0.2188,0.0,0.7031,4.6971,5,2,0,0,0,2.6612,3,0
28,12,8,0,0,3,0,3,0,0,0,0,7,0,21,2,0,0,0,0,0,1,1,1,0,0,0,0,0,0,0.0,0.25,0.0,0.75,4.0122,0,2,0,0,0,2.7925,3,0
57,15,8,25,0,2,0,3,1,3,2,0,12,5,40,1,0,0,0,0,0,1,1,1,0,0,0,0,0,0,0.0877,0.2105,0.0,0.7018,4.5168,5,2,0,0,0,3.0566,5,0
46,20,18,0,0,2,0,4,0,0,0,0,7,1,38,1,0,0,0,0,0,1,1,1,0,0,0,0,0,0,0.0217,0.1522,0.0,0.8261,4.0316,1,2,0,0,0,3.3842,5,0
78,15,33,17,0,4,1,4,1,1,0,0,14,22,42,0,0,0,0,0,0,1,1,0,1,1,0,0,2,1,0.2821,0.1795,0.0128,0.5385,4.7858,6,3,1,0,0,2.5493,0,1
66,18,14,25,0,2,0,5,1,3,2,0,14,6,46,1,0,0,0,0,0,1,1,1,0,0,0,0,0,0,0.0909,0.2121,0.0,0.697,4.6602,5,2,0,0,0,3.3921,5,0
21,6,8,0,0,1,0,3,0,0,0,0,5,1,15,0,0,0,0,0,0,0,1,0,1,0,0,1,0,0,0.0476,0.2381,0.0,0.7143,3.6897,1,2,0,0,0,2.585,1,1
30,21,1,0,0,2,0,3,0,0,0,0,6,0,24,1,0,0,0,0,0,1,1,1,0,0,0,0,1,1,0.0,0.2,0.0,0.8,4.0981,0,2,0,0,0,3.5585,7,0
34,20,6,0,0,2,0,3,0,0,0,0,6,0,28,1,0,0,0,0,0,1,1,1,0,0,0,0,0,0,0.0,0.1765,0.0,0.8235,3.9369,0,2,0,0,0,3.6219,8,0
30,18,4,0,0,2,0,3,0,0,0,0,6,0,24,1,0,0,0,0,0,1,1,1,0,0,0,0,0,0,0.0,0.2,0.0,0.8,4.0314,0,2,0,0,0,3.4613,7,0
49,11,7,22,0,1,0,3,1,2,1,0,9,0,40,0,0,0,0,0,0,1,1,1,0,0,0,0,0,0,0.0,0.1837,0.0,0.8163,4.0842,0,2,0,0,0,3.0958,4,0
42,18,16,0,0,2,0,4,0,0,0,0,7,0,35,1,0,0,0,0,0,1,1,1,0,0,0,0,1,1,0.0,0.1667,0.0,0.8333,3.8715,0,2,0,0,0,3.3502,5,0
60,40,13,0,0,4,2,3,0,0,0,0,10,0,50,2,0,0,0,0,0,1,1,0,1,0,0,0,2,1,0.0,0.1667,0.0333,0.8333,4.1295,0,2,0,0,1,3.7873,15,1
19,4,8,0,0,1,0,3,0,0,0,0,5,3,11,0,0,0,0,0,0,0,1,0,1,0,0,1,0,0,0.1579,0.2632,0.0,0.5789,3.6421,3,2,0,0,0,2.0,1,1
72,14,33,17,0,4,2,4,1,1,0,0,14,17,41,0,0,0,0,0,0,1,1,0,1,1,0,0,3,1,0.2361,0.1944,0.0278,0.5694,4.7527,6,3,1,0,0,2.6385,0,1
20,5,8,0,0,1,0,3,0,0,0,0,5,2,13,0,0,0,0,0,0,0,1,0,1,0,0,1,0,0,0.1,0.25,0.0,0.65,3.9842,1,2,0,0,0,2.3219,0,1
29,16,5,0,0,2,0,3,0,0,0,0,6,0,23,1,0,0,0,0,0,1,1,1,0,0,0,0,0,0,0.0,0.2069,0.0,0.7931,3.9263,0,2,0,0,0,3.625,6,0
66,14,27,17,0,4,1,4,1,1,0,0,13,17,36,0,0,0,0,0,0,1,1,0,1,1,0,0,1,1,0.2576,0.197,0.0152,0.5455,4.6771,6,3,1,0,0,2.8963,0,1
63,14,24,17,0,4,1,4,1,1,0,0,13,17,33,0,0,0,0,0,0,1,1,0,1,1,0,0,3,1,0.2698,0.2063,0.0159,0.5238,4.7849,6,3,1,0,0,2.6995,0,1
26,11,8,0,0,1,0,3,0,0,0,0,5,2,19,0,0,0,0,0,0,0,1,0,1,0,0,1,0,0,0.0769,0.1923,0.0,0.7308,3.9501,2,2,0,0,0,3.0958,3,1
55,37,11,0,0,2,4,3,0,0,0,0,10,0,45,0,0,0,0,0,1,1,1,0,1,0,0,0,3,1,0.0,0.1818,0.0727,0.8182,4.3069,0,3,0,0,1,3.9795,12,1
63,13,25,17,0,4,1,4,1,1,0,0,13,16,34,0,0,0,0,0,0,1,1,0,1,1,0,0,1,1,0.254,0.2063,0.0159,0.5397,4.5705,6,3,1,0,0,2.6612,0,1
33,16,9,0,0,2,0,3,0,0,0,0,6,0,27,1,0,0,0,0,0,1,1,1,0,0,0,0,0,0,0.0,0.1818,0.0,0.8182,3.9455,0,2,0,0,0,3.5,5,0
71,13,33,17,0,4,2,4,1,1,0,0,14,16,41,0,0,0,0,0,0,1,1,0,1,1,0,0,2,1,0.2254,0.1972,0.0282,0.5775,4.7098,6,3,1,0,0,2.4116,0,1
34,16,10,0,0,2,1,3,0,0,0,0,7,0,27,1,0,0,0,0,0,1,1,1,0,0,0,0,0,0,0.0,0.2059,0.0294,0.7941,4.1973,0,2,0,0,0,3.0,6,0
20,5,8,0,0,1,0,3,0,0,0,0,5,0,15,0,0,0,0,0,0,0,1,0,1,0,0,1,0,0,0.0,0.25,0.0,0.75,3.7842,0,2,0,0,0,2.3219,1,1
32,15,9,0,0,2,0,3,0,0,0,0,6,0,26,1,0,0,0,0,0,1,1,1,0,0,0,0,0,0,0.0,0.1875,0.0,0.8125,4.1556,0,2,0,0,0,3.3232,4,0
57,14,35,0,0,2,4,4,0,0,0,0,11,1,45,1,0,0,0,0,1,1,1,1,0,0,0,0,0,0,0.0175,0.193,0.0702,0.7895,4.1727,1,3,0,0,0,3.182,3,0
58,38,13,0,0,4,2,3,0,0,0,0,10,0,48,2,0,0,0,0,0,1,1,0,1,0,0,0,3,1,0.0,0.1724,0.0345,0.8276,4.1777,0,2,0,0,1,3.8,13,1
26,11,8,0,0,1,0,3,0,0,0,0,5,0,21,0,0,0,0,0,0,0,1,0,1,0,0,1,0,0,0.0,0.1923,0.0,0.8077,4.2578,0,2,0,0,0,3.4594,3,1
65,15,16,25,0,2,0,4,1,3,2,0,13,5,47,1,0,0,0,0,0,1,1,1,0,0,0,0,0,0,0.0769,0.2,0.0,0.7231,4.5816,5,2,0,0,0,3.3736,5,0
64,44,13,0,0,4,3,3,0,0,0,0,11,0,53,2,0,0,0,0,0,1,1,0,1,0,0,0,3,1,0.0,0.1719,0.0469,0.8281,4.2052,0,2,0,0,1,3.8565,13,1
62,15,22,17,0,4,0,4,1,1,0,0,12,18,32,0,0,0,0,0,0,1,1,0,1,1,0,0,1,1,0.2903,0.1935,0.0,0.5161,4.6415,6,3,1,0,0,2.8226,0,1
74,45,11,10,0,4,2,3,1,1,0,0,12,5,57,2,0,0,0,0,0,1,1,0,1,0,0,0,3,1,0.0676,0.1622,0.027,0.7703,4.618,5,2,0,0,1,3.8253,15,1
28,14,6,0,0,2,0,3,0,0,0,0,6,0,22,1,0,0,0,0,0,1,1,1,0,0,0,0,0,0,0.0,0.2143,0.0,0.7857,3.8963,0,2,0,0,0,3.3788,5,0
80,17,7,47,0,2,0,3,2,5,3,0,16,4,60,1,0,0,0,0,0,1,1,1,0,0,0,0,0,0,0.05,0.2,0.0,0.75,4.5246,4,2,0,0,0,3.3372,6,0
55,26,11,10,0,4,1,3,1,1,0,0,11,5,39,2,0,0,0,0,0,1,1,0,1,0,0,0,1,1,0.0909,0.2,0.0182,0.7091,4.5997,5,2,0,0,1,3.921,7,1
31,17,6,0,0,2,0,3,0,0,0,0,6,0,25,1,0,0,0,0,0,1,1,1,0,0,0,0,0,0,0.0,0.1935,0.0,0.8065,3.8615,0,2,0,0,0,3.4992,5,0
66,37,11,10,0,4,2,3,1,1,0,0,12,5,49,2,0,0,0,0,0,1,1,0,1,0,0,0,4,1,0.0758,0.1818,0.0303,0.7424,4.709,5,2,0,0,1,4.1212,12,1
59,42,10,0,0,4,2,3,0,0,0,0,10,0,49,2,0,0,0,0,0,1,1,0,1,0,0,0,4,1,0.0,0.1695,0.0339,0.8305,4.2775,0,2,0,0,1,4.044,15,1
41,15,18,0,0,2,0,6,0,0,0,0,9,6,26,1,0,0,0,0,0,1,1,1,0,0,0,0,0,0,0.1463,0.2195,0.0,0.6341,4.1435,4,2,0,0,0,3.1899,4,0
25,16,1,0,0,3,0,3,0,0,0,0,7,0,18,2,0,0,0,0,0,1,1,1,0,0,0,0,0,0,0.0,0.28,0.0,0.72,3.4031,0,2,0,0,0,2.9056,5,0
68,14,29,17,0,4,1,4,1,1,0,0,13,17,38,0,0,0,0,0,0,1,1,0,1,1,0,0,2,1,0.25,0.1912,0.0147,0.5588,4.7895,6,3,1,0,0,2.6995,0,1
60,40,13,0,0,4,2,3,0,0,0,0,10,0,50,2,0,0,0,0,0,1,1,0,1,0,0,0,4,1,0.0,0.1667,0.0333,0.8333,4.2696,0,2,0,0,1,3.9587,15,1
20,5,8,0,0,1,0,3,0,0,0,0,5,0,15,0,0,0,0,0,0,0,1,0,1,0,0,1,0,0,0.0,0.25,0.0,0.75,3.8842,0,2,0,0,0,2.3219,0,1
23,14,1,0,0,2,0,3,0,0,0,0,6,0,17,1,0,0,0,0,0,1,1,1,0,0,0,0,0,0,0.0,0.2609,0.0,0.7391,3.7623,0,2,0,0,0,3.182,3,0
22,13,1,0,0,2,0,3,0,0,0,0,6,0,16,1,0,0,0,0,0,1,1,1,0,0,0,0,0,0,0.0,0.2727,0.0,0.7273,3.6635,0,2,0,0,0,3.0851,4,0
20,5,8,0,0,1,0,3,0,0,0,0,5,1,14,0,0,0,0,0,0,0,1,0,1,0,0,1,0,0,0.05,0.25,0.0,0.7,3.9842,1,2,0,0,0,2.3219,0,1
60,42,11,0,0,2,5,3,0,0,0,0,11,0,49,0,0,0,0,0,1,1,1,0,1,0,0,0,4,1,0.0,0.1833,0.0833,0.8167,4.3614,0,3,0,0,1,4.0916,13,1
26,10,8,0,0,1,0,3,0,0,0,0,5,0,21,0,0,0,0,0,0,0,1,1,0,0,0,0,0,0,0.0,0.1923,0.0,0.8077,3.9501,0,1,0,0,0,3.3219,4,0
65,47,11,0,0,2,5,3,0,0,0,0,11,0,54,0,0,0,0,0,1,1,1,0,1,0,0,0,2,1,0.0,0.1692,0.0769,0.8308,4.403,0,3,0,0,1,4.1369,15,1
78,14,7,48,0,2,0,3,2,5,3,0,16,5,57,1,0,0,0,0,0,1,1,1,0,0,0,0,0,0,0.0641,0.2051,0.0,0.7308,4.5658,5,2,0,0,0,3.3788,5,0
26,11,8,0,0,1,0,3,0,0,0,0,5,2,19,0,0,0,0,0,0,0,1,0,1,0,0,1,0,0,0.0769,0.1923,0.0,0.7308,3.9791,1,2,0,0,0,3.0958,3,1
34,12,14,0,0,2,0,5,0,0,0,0,8,1,25,1,0,0,0,0,0,1,1,1,0,0,0,0,0,0,0.0294,0.2353,0.0,0.7353,3.9706,1,2,0,0,0,3.4183,4,0
38,14,16,0,0,2,0,4,0,0,0,0,7,0,31,1,0,0,0,0,0,1,1,1,0,0,0,0,0,0,0.0,0.1842,0.0,0.8158,3.9053,0,2,0,0,0,3.2359,4,0
20,5,8,0,0,1,0,3,0,0,0,0,5,3,12,0,0,0,0,0,0,0,1,0,1,0,0,1,0,0,0.15,0.25,0.0,0.6,3.9842,1,2,0,0,0,2.3219,1,1
36,14,14,0,0,2,0,5,0,0,0,0,8,1,27,1,0,0,0,0,0,1,1,1,0,0,0,0,0,0,0.0278,0.2222,0.0,0.75,3.83,1,2,0,0,0,3.5216,5,0
29,16,5,0,0,2,0,3,0,0,0,0,6,0,23,1,0,0,0,0,0,1,1,1,0,0,0,0,0,0,0.0,0.2069,0.0,0.7931,3.9002,0,2,0,0,0,3.4528,4,0
21,6,8,0,0,1,0,3,0,0,0,0,5,0,16,0,0,0,0,0,0,0,1,0,1,0,0,1,0,0,0.0,0.2381,0.0,0.7619,3.749,0,2,0,0,0,2.585,1,1
43,17,18,0,0,2,0,6,0,0,0,0,9,6,28,1,0,0,0,0,0,1,1,1,0,0,0,0,0,0,0.1395,0.2093,0.0,0.6512,4.107,4,2,0,0,0,3.4548,5,0
52,13,5,25,0,3,0,3,1,3,2,0,13,5,34,2,0,0,0,0,0,1,1,1,0,0,0,0,0,0,0.0962,0.25,0.0,0.6538,4.7527,5,2,0,0,0,2.6612,3,0
40,15,17,0,0,2,0,4,0,0,0,0,7,0,33,1,0,0,0,0,0,1,1,1,0,0,0,0,0,0,0.0,0.175,0.0,0.825,4.0439,0,2,0,0,0,3.6402,5,0
20,5,8,0,0,1,0,3,0,0,0,0,5,2,13,0,0,0,0,0,0,0,1,0,1,0,0,1,0,0,0.1,0.25,0.0,0.65,3.9842,1,2,0,0,0,2.3219,1,1
53,33,13,0,0,4,2,3,0,0,0,0,10,0,43,2,0,0,0,0,0,1,1,0,1,0,0,0,3,1,0.0,0.1887,0.0377,0.8113,4.3687,0,2,0,0,1,4.0438,11,1
57,15,17,17,0,4,0,4,1,1,0,0,12,18,27,0,0,0,0,0,0,1,1,0,1,1,0,0,1,1,0.3158,0.2105,0.0,0.4737,4.5104,6,3,1,0,0,2.8226,0,1
26,11,8,0,0,1,0,3,0,0,0,0,5,1,20,0,0,0,0,0,0,0,1,0,1,0,0,1,0,0,0.0385,0.1923,0.0,0.7692,3.9501,1,2,0,0,0,3.0958,3,1
56,37,12,0,0,3,3,3,0,0,0,0,10,0,46,1,0,0,0,0,0,1,1,0,1,0,0,0,3,1,0.0,0.1786,0.0536,0.8214,4.3019,0,2,0,0,1,3.99,12,1
62,33,11,10,0,4,2,3,1,1,0,0,12,5,45,2,0,0,0,0,0,1,1,0,1,0,0,0,3,1,0.0806,0.1935,0.0323,0.7258,4.6278,5,2,0,0,1,3.9306,11,1
69,15,24,17,0,4,1,4,1,1,0,0,14,22,33,0,0,0,0,0,0,1,1,0,1,1,1,0,2,1,0.3188,0.2029,0.0145,0.4783,4.7081,6,4,1,0,0,2.7396,0,1
56,38,11,0,0,2,4,3,0,0,0,0,10,0,46,0,0,0,0,0,1,1,1,0,1,0,0,0,3,1,0.0,0.1786,0.0714,0.8214,4.3833,0,3,0,0,1,4.1132,11,1
73,13,35,17,0,4,2,4,1,1,0,0,14,16,43,0,0,0,0,0,0,1,1,0,1,1,0,0,2,1,0.2192,0.1918,0.0274,0.589,4.787,6,3,1,0,0,2.6612,0,1
28,12,8,0,0,2,0,3,0,0,0,0,6,0,22,1,0,0,0,0,0,1,1,1,0,0,0,0,0,0,0.0,0.2143,0.0,0.7857,3.8249,0,2,0,0,0,3.0221,5,0
29,17,4,0,0,2,0,3,0,0,0,0,6,0,23,1,0,0,0,0,0,1,1,1,0,0,0,0,1,1,0.0,0.2069,0.0,0.7931,3.8573,0,2,0,0,0,3.4992,5,0
20,5,8,0,0,1,0,3,0,0,0,0,5,0,15,0,0,0,0,0,0,0,1,0,1,0,0,1,0,0,0.0,0.25,0.0,0.75,3.7464,0,2,0,0,0,2.3219,0,1
58,38,13,0,0,4,2,3,0,0,0,0,10,0,48,2,0,0,0,0,0,1,1,0,1,0,0,0,3,1,0.0,0.1724,0.0345,0.8276,4.2134,0,2,0,0,1,3.8232,12,1
70,14,22,25,0,3,0,4,1,3,2,0,14,5,51,2,0,0,0,0,0,1,1,1,0,0,0,0,0,0,0.0714,0.2,0.0,0.7286,4.648,5,2,0,0,0,3.182,4,0
55,35,13,0,0,4,2,3,0,0,0,0,10,0,45,2,0,0,0,0,0,1,1,0,1,0,0,0,2,1,0.0,0.1818,0.0364,0.8182,4.2719,0,2,0,0,1,3.9357,12,1
20,5,8,0,0,1,0,3,0,0,0,0,5,2,13,0,0,0,0,0,0,0,1,0,1,0,0,1,0,0,0.1,0.25,0.0,0.65,3.9842,2,2,0,0,0,2.3219,0,1
37,13,16,0,0,2,0,4,0,0,0,0,7,0,30,1,0,0,0,0,0,1,1,1,0,0,0,0,0,0,0.0,0.1892,0.0,0.8108,3.9795,0,2,0,0,0,3.0851,4,0
44,18,18,0,0,2,0,6,0,0,0,0,9,6,29,1,0,0,0,0,0,1,1,1,0,0,0,0,1,1,0.1364,0.2045,0.0,0.6591,4.0704,4,2,0,0,0,3.4613,5,0
44,20,16,0,0,2,0,4,0,0,0,0,7,1,36,1,0,0,0,0,0,1,1,1,0,0,0,0,0,0,0.0227,0.1591,0.0,0.8182,3.9989,1,2,0,0,0,3.3842,5,0
35,13,14,0,0,2,0,5,0,0,0,0,8,1,26,1,0,0,0,0,0,1,1,1,0,0,0,0,0,0,0.0286,0.2286,0.0,0.7429,3.7802,1,2,0,0,0,3.0851,4,0
60,40,13,0,0,4,2,3,0,0,0,0,10,0,50,2,0,0,0,0,0,1,1,0,1,0,0,0,3,1,0.0,0.1667,0.0333,0.8333,4.2193,0,2,0,0,1,3.8251,14,1
66,37,11,10,0,4,2,3,1,1,0,0,12,5,49,2,0,0,0,0,0,1,1,0,1,0,0,0,3,1,0.0758,0.1818,0.0303,0.7424,4.7711,5,2,0,0,1,4.2426,10,1
63,13,25,17,0,4,1,4,1,1,0,0,13,16,34,0,0,0,0,0,0,1,1,0,1,1,0,0,2,1,0.254,0.2063,0.0159,0.5397,4.61,6,3,1,0,0,2.2878,0,1
19,4,8,0,0,1,0,3,0,0,0,0,5,3,11,0,0,0,0,0,0,0,1,0,1,0,0,1,0,0,0.1579,0.2632,0.0,0.5789,3.7474,2,2,0,0,0,2.0,1,1
20,5,8,0,0,1,0,3,0,0,0,0,5,1,14,0,0,0,0,0,0,0,1,0,1,0,0,1,0,0,0.05,0.25,0.0,0.7,3.8842,1,2,0,0,0,2.3219,0,1
62,33,11,10,0,4,2,3,1,1,0,0,12,5,45,2,0,0,0,0,0,1,1,0,1,0,0,0,3,1,0.0806,0.1935,0.0323,0.7258,4.4405,5,2,0,0,1,3.6314,11,1
28,15,5,0,0,2,0,3,0,0,0,0,6,0,22,1,0,0,0,0,0,1,1,1,0,0,0,0,0,0,0.0,0.2143,0.0,0.7857,3.6959,0,2,0,0,0,2.7899,5,0
67,38,11,10,0,4,2,3,1,1,0,0,12,5,50,2,0,0,0,0,0,1,1,0,1,0,0,0,4,1,0.0746,0.1791,0.0299,0.7463,4.5916,5,2,0,0,1,4.0761,12,1
58,38,13,0,0,4,2,3,0,0,0,0,10,0,48,2,0,0,0,0,0,1,1,0,1,0,0,0,3,1,0.0,0.1724,0.0345,0.8276,4.2282,0,2,0,0,1,3.8656,12,1
38,22,8,0,0,2,0,3,0,0,0,0,6,0,32,1,0,0,0,0,0,1,1,1,0,0,0,0,1,1,0.0,0.1579,0.0,0.8421,4.0702,0,2,0,0,0,3.6635,8,0
61,43,11,0,0,2,5,3,0,0,0,0,11,0,50,0,0,0,0,0,1,1,1,0,1,0,0,0,4,1,0.0,0.1803,0.082,0.8197,4.2751,0,3,0,0,1,3.9873,14,1
29,15,6,0,0,2,0,3,0,0,0,0,6,0,23,1,0,0,0,0,0,1,1,1,0,0,0,0,0,0,0.0,0.2069,0.0,0.7931,3.6604,0,2,0,0,0,3.0062,5,0
68,13,30,17,0,4,1,4,1,1,0,0,13,16,39,0,0,0,0,0,0,1,1,0,1,1,0,0,2,1,0.2353,0.1912,0.0147,0.5735,4.6533,6,3,1,0,0,1.9878,0,1
30,14,8,0,0,2,0,3,0,0,0,0,6,0,24,1,0,0,0,0,0,1,1,1,0,0,0,0,0,0,0.0,0.2,0.0,0.8,3.8729,0,2,0,0,0,3.182,3,0
26,10,8,0,0,1,0,3,0,0,0,0,5,0,21,0,0,0,0,0,0,0,1,1,0,0,0,0,0,0,0.0,0.1923,0.0,0.8077,4.056,0,1,0,0,0,3.1219,3,0
60,42,11,0,0,2,5,3,0,0,0,0,11,0,49,0,0,0,0,0,1,1,1,0,1,0,0,0,4,1,0.0,0.1833,0.0833,0.8167,4.392,0,3,0,0,1,4.1869,13,1
36,14,14,0,0,2,0,5,0,0,0,0,8,1,27,1,0,0,0,0,0,1,1,1,0,0,0,0,0,0,0.0278,0.2222,0.0,0.75,3.9722,1,2,0,0,0,3.5216,5,0
58,38,13,0,0,4,2,3,0,0,0,0,10,0,48,2,0,0,0,0,0,1,1,0,1,0,0,0,2,1,0.0,0.1724,0.0345,0.8276,4.2546,0,2,0,0,1,3.9252,13,1
43,19,16,0,0,2,0,4,0,0,0,0,7,0,36,1,0,0,0,0,0,1,1,1,0,0,0,0,1,1,0.0,0.1628,0.0,0.8372,3.7372,0,2,0,0,0,3.2608,6,0
65,47,11,0,0,2,5,3,0,0,0,0,11,0,54,0,0,0,0,0,1,1,1,0,1,0,0,0,3,1,0.0,0.1692,0.0769,0.8308,4.4124,0,3,0,0,1,4.1369,15,1
70,41,11,10,0,4,2,3,1,1,0,0,12,5,53,2,0,0,0,0,0,1,1,0,1,0,0,0,3,1,0.0714,0.1714,0.0286,0.7571,4.6186,5,2,0,0,1,3.8699,13,1
78,15,33,17,0,4,2,4,1,1,0,0,15,22,41,0,0,0,0,0,0,1,1,0,1,1,1,0,3,1,0.2821,0.1923,0.0256,0.5256,4.7509,6,4,1,0,0,2.2389,0,1
64,35,11,10,0,4,2,3,1,1,0,0,12,5,47,2,0,0,0,0,0,1,1,0,1,0,0,0,4,1,0.0781,0.1875,0.0312,0.7344,4.6027,5,2,0,0,1,4.0004,11,1
24,15,1,0,0,2,0,3,0,0,0,0,6,0,18,1,0,0,0,0,0,1,1,1,0,0,0,0,0,0,0.0,0.25,0.0,0.75,3.6887,0,2,0,0,0,3.3232,3,0
35,21,6,0,0,2,0,3,0,0,0,0,6,0,29,1,0,0,0,0,0,1,1,1,0,0,0,0,1,1,0.0,0.1714,0.0,0.8286,3.8757,0,2,0,0,0,3.5352,6,0
72,43,11,10,0,4,3,3,1,1,0,0,13,5,54,2,0,0,0,0,0,1,1,0,1,0,0,0,4,1,0.0694,0.1806,0.0417,0.75,4.6037,5,2,0,0,1,4.0941,12,1
60,20,6,25,0,2,0,3,1,3,2,0,12,5,43,1,0,0,0,0,0,1,1,1,0,0,0,0,0,0,0.0833,0.2,0.0,0.7167,4.4587,5,2,0,0,0,3.2219,8,0
73,44,11,10,0,4,2,3,1,1,0,0,12,5,56,2,0,0,0,0,0,1,1,0,1,0,0,0,3,1,0.0685,0.1644,0.0274,0.7671,4.6632,5,2,0,0,1,3.9912,14,1
63,34,11,10,0,4,2,3,1,1,0,0,12,5,46,2,0,0,0,0,0,1,1,0,1,0,0,0,4,1,0.0794,0.1905,0.0317,0.7302,4.6194,5,2,0,0,1,4.0797,11,1
59,39,13,0,0,4,2,3,0,0,0,0,10,0,49,2,0,0,0,0,0,1,1,0,1,0,0,0,3,1,0.0,0.1695,0.0339,0.8305,4.2453,0,2,0,0,1,3.8301,12,1
38,12,18,0,0,2,0,4,0,0,0,0,7,0,31,1,0,0,0,0,0,1,1,1,0,0,0,0,0,0,0.0,0.1842,0.0,0.8158,4.1754,0,2,0,0,0,3.4183,4,0
35,18,9,0,0,2,0,3,0,0,0,0,6,0,29,1,0,0,0,0,0,1,1,1,0,0,0,0,1,1,0.0,0.1714,0.0,0.8286,3.9142,0,2,0,0,0,3.4613,6,0
60,40,13,0,0,4,2,3,0,0,0,0,10,0,50,2,0,0,0,0,0,1,1,0,1,0,0,0,3,1,0.0,0.1667,0.0333,0.8333,4.1887,0,2,0,0,1,3.871,14,1
52,17,1,25,0,2,0,3,1,3,2,0,12,5,35,1,0,0,0,0,0,1,1,1,0,0,0,0,0,0,0.0962,0.2308,0.0,0.6731,4.5219,5,2,0,0,0,3.4548,5,0
29,15,6,0,0,2,0,3,0,0,0,0,6,0,23,1,0,0,0,0,0,1,1,1,0,0,0,0,0,0,0.0,0.2069,0.0,0.7931,3.8833,0,2,0,0,0,3.0062,4,0
68,17,17,25,0,2,0,4,1,3,2,0,13,5,50,1,0,0,0,0,0,1,1,1,0,0,0,0,0,0,0.0735,0.1912,0.0,0.7353,4.6317,5,2,0,0,0,3.4992,5,0
60,40,13,0,0,4,2,3,0,0,0,0,10,0,50,2,0,0,0,0,0,1,1,0,1,0,0,0,4,1,0.0,0.1667,0.0333,0.8333,4.2509,0,2,0,0,1,3.8135,14,1
62,33,11,10,0,4,1,3,1,1,0,0,11,5,46,2,0,0,0,0,0,1,1,0,1,0,0,0,3,1,0.0806,0.1774,0.0161,0.7419,4.603,5,2,0,0,1,3.9912,11,1
64,35,11,10,0,4,2,3,1,1,0,0,12,5,47,2,0,0,0,0,0,1,1,0,1,0,0,0,2,1,0.0781,0.1875,0.0312,0.7344,4.59,5,2,0,0,1,3.843,10,1
61,43,11,0,0,2,5,3,0,0,0,0,11,0,50,0,0,0,0,0,1,1,1,0,1,0,0,0,4,1,0.0,0.1803,0.082,0.8197,4.4186,0,3,0,0,1,4.1734,13,1
55,23,24,0,0,2,0,6,0,0,0,0,9,6,40,1,0,0,0,0,0,1,1,1,0,0,0,0,0,0,0.1091,0.1636,0.0,0.7273,4.4471,4,2,0,0,0,3.5342,10,0
67,12,30,17,0,4,2,4,1,1,0,0,14,15,38,0,0,0,0,0,0,1,1,0,1,1,0,0,3,1,0.2239,0.209,0.0299,0.5672,4.7859,6,3,1,0,0,2.4591,0,1
62,19,9,25,0,1,0,3,1,3,2,0,11,5,46,0,0,0,0,0,0,1,1,1,0,0,0,0,0,0,0.0806,0.1774,0.0,0.7419,4.559,5,2,0,0,0,3.5369,8,0
75,46,11,10,0,4,2,3,1,1,0,0,12,5,58,2,0,0,0,0,0,1,1,0,1,0,0,0,4,1,0.0667,0.16,0.0267,0.7733,4.7808,5,2,0,0,1,4.1705,17,1
34,18,8,0,0,2,0,3,0,0,0,0,6,0,28,1,0,0,0,0,0,1,1,1,0,0,0,0,1,1,0.0,0.1765,0.0,0.8235,3.7748,0,2,0,0,0,3.3502,5,0
28,14,6,0,0,2,0,3,0,0,0,0,6,0,22,1,0,0,0,0,0,1,1,1,0,0,0,0,0,0,0.0,0.2143,0.0,0.7857,3.7804,0,2,0,0,0,3.5216,5,0
42,18,16,0,0,2,0,4,0,0,0,0,7,0,35,1,0,0,0,0,0,1,1,1,0,0,0,0,0,0,0.0,0.1667,0.0,0.8333,4.1533,0,2,0,0,0,3.5724,7,0
59,39,13,0,0,4,2,3,0,0,0,0,10,0,49,2,0,0,0,0,0,1,1,0,1,0,0,0,3,1,0.0,0.1695,0.0339,0.8305,4.1615,0,2,0,0,1,3.9166,13,1
60,42,11,0,0,2,5,3,0,0,0,0,11,0,49,0,0,0,0,0,1,1,1,0,1,0,0,0,2,1,0.0,0.1833,0.0833,0.8167,4.171,0,3,0,0,1,3.7856,15,1
31,17,6,0,0,2,0,3,0,0,0,0,6,0,25,1,0,0,0,0,0,1,1,1,0,0,0,0,0,0,0.0,0.1935,0.0,0.8065,3.7811,0,2,0,0,0,3.4992,5,0
63,12,26,17,0,4,1,4,1,1,0,0,13,15,35,0,0,0,0,0,0,1,1,0,1,1,0,0,1,1,0.2381,0.2063,0.0159,0.5556,4.737,6,3,1,0,0,2.7925,0,1
64,14,25,17,0,4,1,4,1,1,0,0,13,17,34,0,0,0,0,0,0,1,1,0,1,1,0,0,2,1,0.2656,0.2031,0.0156,0.5312,4.5393,6,3,1,0,0,2.6106,0,1
47,33,7,0,0,1,3,3,0,0,0,0,8,0,39,0,0,0,0,0,0,1,1,0,1,0,0,0,4,1,0.0,0.1702,0.0638,0.8298,4.1453,0,2,0,0,1,3.692,12,1
34,20,6,0,0,2,0,3,0,0,0,0,6,0,28,1,0,0,0,0,0,1,1,1,0,0,0,0,0,0,0.0,0.1765,0.0,0.8235,3.9764,0,2,0,0,0,3.4219,8,0
35,19,8,0,0,2,0,3,0,0,0,0,6,0,29,1,0,0,0,0,0,1,1,1,0,0,0,0,0,0,0.0,0.1714,0.0,0.8286,3.8646,0,2,0,0,0,3.2608,7,0
59,39,13,0,0,4,2,3,0,0,0,0,10,0,49,2,0,0,0,0,0,1,1,0,1,0,0,0,3,1,0.0,0.1695,0.0339,0.8305,4.0647,0,2,0,0,1,3.5257,14,1
20,5,8,0,0,1,0,3,0,0,0,0,5,1,14,0,0,0,0,0,0,0,1,0,1,0,0,1,0,0,0.05,0.25,0.0,0.7,3.9842,1,2,0,0,0,2.3219,1,1
61,32,11,10,0,4,2,3,1,1,0,0,12,5,44,2,0,0,0,0,0,1,1,0,1,0,0,0,3,1,0.082,0.1967,0.0328,0.7213,4.6578,5,2,0,0,1,3.921,10,1
36,24,4,0,0,2,0,3,0,0,0,0,6,0,30,1,0,0,0,0,0,1,1,1,0,0,0,0,0,0,0.0,0.1667,0.0,0.8333,4.0623,0,2,0,0,0,3.7406,7,0
39,15,16,0,0,2,0,4,0,0,0,0,7,0,32,1,0,0,0,0,0,1,1,1,0,0,0,0,0,0,0.0,0.1795,0.0,0.8205,4.1504,0,2,0,0,0,3.5069,4,0
59,41,11,0,0,2,5,3,0,0,0,0,11,0,48,0,0,0,0,0,1,1,1,0,1,0,0,0,2,1,0.0,0.1864,0.0847,0.8136,4.338,0,3,0,0,1,4.1107,13,1
36,20,8,0,0,2,0,3,0,0,0,0,6,0,30,1,0,0,0,0,0,1,1,1,0,0,0,0,0,0,0.0,0.1667,0.0,0.8333,4.1762,0,2,0,0,0,3.5464,8,0
43,19,16,0,0,2,0,4,0,0,0,0,7,0,36,1,0,0,0,0,0,1,1,1,0,0,0,0,0,0,0.0,0.1628,0.0,0.8372,4.1093,0,2,0,0,0,3.6819,6,0
20,5,8,0,0,1,0,3,0,0,0,0,5,2,13,0,0,0,0,0,0,0,1,0,1,0,0,1,0,0,0.1,0.25,0.0,0.65,3.8842,1,2,0,0,0,2.3219,0,1
24,12,4,0,0,2,0,3,0,0,0,0,6,0,18,1,0,0,0,0,0,1,1,1,0,0,0,0,0,0,0.0,0.25,0.0,0.75,4.1054,0,2,0,0,0,3.4183,4,0
45,20,17,0,0,2,0,4,0,0,0,0,7,0,38,1,0,0,0,0,0,1,1,1,0,0,0,0,0,0,0.0,0.1556,0.0,0.8444,3.969,0,2,0,0,0,3.2219,8,0
20,5,8,0,0,1,0,3,0,0,0,0,5,2,13,0,0,0,0,0,0,0,1,0,1,0,0,1,0,0,0.1,0.25,0.0,0.65,3.9842,1,2,0,0,0,2.3219,1,1
55,35,13,0,0,4,2,3,0,0,0,0,10,0,45,2,0,0,0,0,0,1,1,0,1,0,0,0,3,1,0.0,0.1818,0.0364,0.8182,4.1704,0,2,0,0,1,3.7614,13,1
32,16,8,0,0,2,0,3,0,0,0,0,6,0,26,1,0,0,0,0,0,1,1,1,0,0,0,0,0,0,0.0,0.1875,0.0,0.8125,4.0664,0,2,0,0,0,3.5778,6,0
58,38,13,0,0,4,2,3,0,0,0,0,10,0,48,2,0,0,0,0,0,1,1,0,1,0,0,0,3,1,0.0,0.1724,0.0345,0.8276,4.3383,0,2,0,0,1,4.096,13,1
52,35,10,0,0,2,3,3,0,0,0,0,9,0,43,0,0,0,0,0,0,1,1,0,1,0,0,0,1,1,0.0,0.1731,0.0577,0.8269,4.3352,0,2,0,0,1,4.0716,10,1
56,39,10,0,0,2,3,3,0,0,0,0,9,0,47,0,0,0,0,0,0,1,1,0,1,0,0,0,2,1,0.0,0.1607,0.0536,0.8393,4.2057,0,2,0,0,1,4.0798,13,1
56,15,16,17,0,4,0,4,1,1,0,0,12,18,26,0,0,0,0,0,0,1,1,0,1,1,0,0,1,1,0.3214,0.2143,0.0,0.4643,4.5034,6,3,1,0,0,2.8226,0,1
30,14,8,0,0,2,0,3,0,0,0,0,6,0,24,1,0,0,0,0,0,1,1,1,0,0,0,0,0,0,0.0,0.2,0.0,0.8,4.0981,0,2,0,0,0,3.3249,3,0
19,4,8,0,0,1,0,3,0,0,0,0,5,1,13,0,0,0,0,0,0,0,1,0,1,0,0,1,0,0,0.0526,0.2632,0.0,0.6842,3.6421,1,2,0,0,0,2.0,1,1
31,15,8,0,0,2,0,3,0,0,0,0,6,0,25,1,0,0,0,0,0,1,1,1,0,0,0,0,0,0,0.0,0.1935,0.0,0.8065,3.7568,0,2,0,0,0,3.5069,5,0
66,46,13,0,0,4,2,3,0,0,0,0,10,0,56,2,0,0,0,0,0,1,1,0,1,0,0,0,4,1,0.0,0.1515,0.0303,0.8485,4.3739,0,2,0,0,1,4.1372,17,1
32,11,13,0,0,1,0,4,0,0,0,0,7,0,25,0,1,0,0,0,0,1,1,1,0,0,0,0,0,0,0.0,0.2188,0.0,0.7812,4.0153,0,3,0,0,0,2.914,3,0
47,17,22,0,0,2,0,4,0,0,0,0,7,0,40,1,0,0,0,0,0,1,1,1,0,0,0,0,0,0,0.0,0.1489,0.0,0.8511,3.9367,0,2,0,0,0,3.4548,5,0
30,8,14,0,0,2,0,5,0,0,0,0,8,1,21,1,0,0,0,0,0,1,1,1,0,0,0,0,0,0,0.0333,0.2667,0.0,0.7,3.7362,1,2,0,0,0,2.75,3,0
34,18,8,0,0,2,0,3,0,0,0,0,6,1,27,1,0,0,0,0,0,1,1,1,0,0,0,0,0,0,0.0294,0.1765,0.0,0.7941,4.0064,1,2,0,0,0,3.086,4,0
54,14,1,30,0,1,0,3,1,1,0,0,9,0,45,0,0,0,0,0,0,1,1,1,0,0,0,0,1,1,0.0,0.1667,0.0,0.8333,4.3192,0,2,0,0,0,2.8963,4,0
69,49,13,0,0,4,3,3,0,0,0,0,11,0,58,2,0,0,0,0,0,1,1,0,1,0,0,0,3,1,0.0,0.1594,0.0435,0.8406,4.2423,0,2,0,0,1,3.9135,15,1
28,12,8,0,0,3,0,3,0,0,0,0,7,0,21,2,0,0,0,0,0,1,1,1,0,0,0,0,0,0,0.0,0.25,0.0,0.75,4.0122,0,2,0,0,0,2.7925,3,0
35,18,9,0,0,2,0,3,0,0,0,0,6,0,29,1,0,0,0,0,0,1,1,1,0,0,0,0,0,0,0.0,0.1714,0.0,0.8286,3.8729,0,2,0,0,0,3.5724,5,0
26,14,4,0,0,2,0,3,0,0,0,0,6,0,20,1,0,0,0,0,0,1,1,1,0,0,0,0,0,0,0.0,0.2308,0.0,0.7692,3.8441,0,2,0,0,0,3.3788,4,0
72,24,14,25,0,2,0,5,1,3,2,0,14,6,52,1,0,0,0,0,0,1,1,1,0,0,0,0,0,0,0.0833,0.1944,0.0,0.7222,4.6437,5,2,0,0,0,3.7406,7,0
62,23,5,25,0,2,0,3,1,3,2,0,12,5,45,1,0,0,0,0,0,1,1,1,0,0,0,0,0,0,0.0806,0.1935,0.0,0.7258,4.6034,5,2,0,0,0,3.6425,10,0
64,14,16,25,0,3,0,4,1,3,2,0,14,5,45,2,0,0,0,0,0,1,1,1,0,0,0,0,0,0,0.0781,0.2188,0.0,0.7031,4.6659,5,2,0,0,0,2.9852,4,0
73,15,33,17,0,4,1,4,1,1,0,0,13,18,42,0,0,0,0,0,0,1,1,0,1,1,0,0,3,1,0.2466,0.1781,0.0137,0.5753,4.7722,6,3,1,0,0,2.6892,0,1
62,44,11,0,0,2,5,3,0,0,0,0,11,0,51,0,0,0,0,0,1,1,1,0,1,0,0,0,4,1,0.0,0.1774,0.0806,0.8226,4.2769,0,3,0,0,1,3.9257,14,1
71,42,11,10,0,4,2,3,1,1,0,0,12,5,54,2,0,0,0,0,0,1,1,0,1,0,0,0,3,1,0.0704,0.169,0.0282,0.7606,4.5546,5,2,0,0,1,3.9104,14,1
63,34,11,10,0,4,2,3,1,1,0,0,12,5,46,2,0,0,0,0,0,1,1,0,1,0,0,0,2,1,0.0794,0.1905,0.0317,0.7302,4.4251,5,2,0,0,1,3.5203,10,1
38,11,19,0,0,2,1,3,0,0,0,0,7,0,31,1,0,0,0,0,0,1,1,1,0,0,0,0,0,0,0.0,0.1842,0.0263,0.8158,4.096,0,2,0,0,0,2.8454,2,0
65,47,11,0,0,2,5,3,0,0,0,0,11,0,54,0,0,0,0,0,1,1,1,0,1,0,0,0,3,1,0.0,0.1692,0.0769,0.8308,4.2448,0,3,0,0,1,3.9533,15,1
45,13,24,0,0,2,0,6,0,0,0,0,9,6,30,1,0,0,0,0,0,1,1,1,0,0,0,0,0,0,0.1333,0.2,0.0,0.6667,4.2298,4,2,0,0,0,3.027,3,0
64,46,11,0,0,2,5,3,0,0,0,0,11,0,53,0,0,0,0,0,1,1,1,0,1,0,0,0,3,1,0.0,0.1719,0.0781,0.8281,4.3516,0,3,0,0,1,4.0565,16,1
40,14,18,0,0,2,0,4,0,0,0,0,7,0,33,1,0,0,0,0,0,1,1,1,0,0,0,0,0,0,0.0,0.175,0.0,0.825,4.0964,0,2,0,0,0,3.0391,6,0
39,15,16,0,0,2,0,4,0,0,0,0,7,0,32,1,0,0,0,0,0,1,1,1,0,0,0,0,0,0,0.0,0.1795,0.0,0.8205,4.0579,0,2,0,0,0,3.3232,4,0
32,18,6,0,0,2,0,3,0,0,0,0,6,0,26,1,0,0,0,0,0,1,1,1,0,0,0,0,1,1,0.0,0.1875,0.0,0.8125,3.8195,0,2,0,0,0,3.4613,6,0
54,14,6,25,0,2,0,3,1,3,2,0,12,5,37,1,0,0,0,0,0,1,1,1,0,0,0,0,0,0,0.0926,0.2222,0.0,0.6852,4.708,5,2,0,0,0,3.3249,3,0
62,42,13,0,0,4,2,3,0,0,0,0,10,0,52,2,0,0,0,0,0,1,1,0,1,0,0,0,2,1,0.0,0.1613,0.0323,0.8387,4.1946,0,2,0,0,1,3.8705,14,1
29,17,4,0,0,2,0,3,0,0,0,0,6,0,23,1,0,0,0,0,0,1,1,1,0,0,0,0,0,0,0.0,0.2069,0.0,0.7931,3.8833,0,2,0,0,0,3.3372,6,0
63,12,26,17,0,4,1,4,1,1,0,0,13,15,35,0,0,0,0,0,0,1,1,0,1,1,0,0,2,1,0.2381,0.2063,0.0159,0.5556,4.7412,6,3,1,0,0,2.8554,0,1
60,18,8,25,0,2,0,3,1,3,2,0,12,5,43,1,0,0,0,0,0,1,1,1,0,0,0,0,1,1,0.0833,0.2,0.0,0.7167,4.5811,5,2,0,0,0,3.6144,5,0
64,21,9,25,0,2,0,3,1,3,2,0,12,5,47,1,0,0,0,0,0,1,1,1,0,0,0,0,0,0,0.0781,0.1875,0.0,0.7344,4.6869,5,2,0,0,0,3.5945,5,0
20,5,8,0,0,1,0,3,0,0,0,0,5,1,14,0,0,0,0,0,0,0,1,0,1,0,0,1,0,0,0.05,0.25,0.0,0.7,3.8842,1,2,0,0,0,2.3219,0,1
69,51,11,0,0,2,5,3,0,0,0,0,11,0,58,0,0,0,0,0,1,1,1,0,1,0,0,0,4,1,0.0,0.1594,0.0725,0.8406,4.4352,0,3,0,0,1,4.1531,18,1
29,15,6,0,0,2,0,3,0,0,0,0,6,0,23,1,0,0,0,0,0,1,1,1,0,0,0,0,0,0,0.0,0.2069,0.0,0.7931,3.7454,0,2,0,0,0,2.9736,5,0
55,37,11,0,0,2,4,3,0,0,0,0,10,0,45,0,0,0,0,0,1,1,1,0,1,0,0,0,2,1,0.0,0.1818,0.0727,0.8182,4.3128,0,3,0,0,1,4.0131,11,1
31,15,8,0,0,2,0,3,0,0,0,0,6,0,25,1,0,0,0,0,0,1,1,1,0,0,0,0,0,0,0.0,0.1935,0.0,0.8065,3.8647,0,2,0,0,0,3.3232,3,0
64,12,27,17,0,4,1,4,1,1,0,0,13,15,36,0,0,0,0,0,0,1,1,0,1,1,0,0,3,1,0.2344,0.2031,0.0156,0.5625,4.5629,6,3,1,0,0,2.1887,0,1
57,37,13,0,0,4,2,3,0,0,0,0,10,0,47,2,0,0,0,0,0,1,1,0,1,0,0,0,2,1,0.0,0.1754,0.0351,0.8246,4.293,0,2,0,0,1,4.0264,12,1
22,13,1,0,0,3,0,3,0,0,0,0,7,0,15,2,0,0,0,0,0,1,1,1,0,0,0,0,0,0,0.0,0.3182,0.0,0.6818,3.8454,0,2,0,0,0,3.1808,4,0
69,17,18,25,0,2,0,4,1,3,2,0,13,5,51,1,0,0,0,0,0,1,1,1,0,0,0,0,0,0,0.0725,0.1884,0.0,0.7391,4.5567,5,2,0,0,0,3.2639,8,0
56,13,18,17,0,4,0,4,1,1,0,0,12,16,28,0,0,0,0,0,0,1,1,0,1,1,0,0,2,1,0.2857,0.2143,0.0,0.5,4.5461,6,3,1,0,0,2.4493,0,1
39,26,6,0,0,1,2,3,0,0,0,0,7,1,31,0,0,0,0,0,0,1,1,0,1,0,0,0,2,1,0.0256,0.1795,0.0513,0.7949,4.2336,1,2,0,0,0,3.8731,8,1
63,11,18,25,0,2,0,4,1,3,2,0,13,5,45,1,0,0,0,0,0,1,1,1,0,0,0,0,0,0,0.0794,0.2063,0.0,0.7143,4.6256,5,2,0,0,0,3.0958,4,0
36,20,8,0,0,2,0,3,0,0,0,0,6,0,30,1,0,0,0,0,0,1,1,1,0,0,0,0,0,0,0.0,0.1667,0.0,0.8333,3.8984,0,2,0,0,0,3.5842,6,0
59,39,13,0,0,4,2,3,0,0,0,0,10,0,49,2,0,0,0,0,0,1,1,0,1,0,0,0,3,1,0.0,0.1695,0.0339,0.8305,4.2242,0,2,0,0,1,3.8266,15,1
61,43,11,0,0,2,5,3,0,0,0,0,11,0,50,0,0,0,0,0,1,1,1,0,1,0,0,0,3,1,0.0,0.1803,0.082,0.8197,4.1561,0,3,0,0,1,3.837,14,1
70,13,27,17,0,4,1,4,1,1,0,0,14,20,36,0,0,0,0,0,0,1,1,0,1,1,1,0,2,1,0.2857,0.2,0.0143,0.5143,4.8935,6,4,1,0,0,2.8151,0,1
61,43,11,0,0,2,5,3,0,0,0,0,11,0,50,0,0,0,0,0,1,1,1,0,1,0,0,0,3,1,0.0,0.1803,0.082,0.8197,4.3524,0,3,0,0,1,4.1383,14,1
26,11,8,0,0,1,0,3,0,0,0,0,5,2,19,0,0,0,0,0,0,0,1,0,1,0,0,1,0,0,0.0769,0.1923,0.0,0.7308,4.056,1,2,0,0,0,3.0958,3,1
33,20,5,0,0,2,0,3,0,0,0,0,6,0,27,1,0,0,0,0,0,1,1,1,0,0,0,0,0,0,0.0,0.1818,0.0,0.8182,3.9226,0,2,0,0,0,3.3842,8,0
54,13,16,17,0,4,0,4,1,1,0,0,12,16,26,0,0,0,0,0,0,1,1,0,1,1,0,0,1,1,0.2963,0.2222,0.0,0.4815,4.3868,6,3,1,0,0,2.2374,0,1
35,11,16,0,0,2,0,4,0,0,0,0,7,0,28,1,0,0,0,0,0,1,1,1,0,0,0,0,0,0,0.0,0.2,0.0,0.8,4.1363,0,2,0,0,0,2.8454,2,0
21,6,8,0,0,1,0,3,0,0,0,0,5,1,15,0,0,0,0,0,0,0,1,0,1,0,0,1,0,0,0.0476,0.2381,0.0,0.7143,3.9395,1,2,0,0,0,2.585,1,1
42,18,16,0,0,2,0,4,0,0,0,0,7,0,35,1,0,0,0,0,0,1,1,1,0,0,0,0,0,0,0.0,0.1667,0.0,0.8333,4.0644,0,2,0,0,0,3.3921,5,0
68,13,30,17,0,4,1,4,1,1,0,0,13,16,39,0,0,0,0,0,0,1,1,0,1,1,0,0,1,1,0.2353,0.1912,0.0147,0.5735,4.8921,6,3,1,0,0,3.027,0,1
33,9,16,0,0,1,0,4,0,0,0,0,6,0,27,0,0,0,0,0,0,1,1,1,0,0,0,0,0,0,0.0,0.1818,0.0,0.8182,3.8471,0,2,0,0,0,2.9477,3,0
20,5,8,0,0,1,0,3,0,0,0,0,5,0,15,0,0,0,0,0,0,0,1,0,1,0,0,1,0,0,0.0,0.25,0.0,0.75,3.8842,0,2,0,0,0,2.3219,0,1
66,15,43,0,0,2,2,5,0,0,0,0,10,9,47,1,0,0,0,0,0,1,1,1,0,0,0,0,0,0,0.1364,0.1515,0.0303,0.7121,4.7134,9,2,0,0,0,2.9736,3,0
66,14,27,17,0,4,1,4,1,1,0,0,13,17,36,0,0,0,0,0,0,1,1,0,1,1,0,0,3,1,0.2576,0.197,0.0152,0.5455,4.7566,6,3,1,0,0,2.6995,0,1
26,11,8,0,0,1,0,3,0,0,0,0,5,1,20,0,0,0,0,0,0,0,1,0,1,0,0,1,0,0,0.0385,0.1923,0.0,0.7692,3.9791,1,2,0,0,0,3.0958,3,1
65,36,11,10,0,4,2,3,1,1,0,0,12,5,48,2,0,0,0,0,0,1,1,0,1,0,0,0,5,1,0.0769,0.1846,0.0308,0.7385,4.5377,5,2,0,0,1,3.9404,11,1
70,19,17,25,0,1,0,4,1,3,2,0,12,5,53,0,0,0,0,0,0,1,1,1,0,0,0,0,0,0,0.0714,0.1714,0.0,0.7571,4.604,5,2,0,0,0,3.5369,8,0
69,40,11,10,0,4,2,3,1,1,0,0,12,5,52,2,0,0,0,0,0,1,1,0,1,0,0,0,4,1,0.0725,0.1739,0.029,0.7536,4.5925,5,2,0,0,1,3.9848,14,1
73,15,33,17,0,4,2,4,1,1,0,0,14,18,41,0,0,0,0,0,0,1,1,0,1,1,0,0,3,1,0.2466,0.1918,0.0274,0.5616,4.7646,6,3,1,0,0,2.8729,0,1
33,21,4,0,0,2,0,3,0,0,0,0,6,0,27,1,0,0,0,0,0,1,1,1,0,0,0,0,1,1,0.0,0.1818,0.0,0.8182,4.1502,0,2,0,0,0,3.5585,7,0
67,15,27,17,0,4,1,4,1,1,0,0,13,18,36,0,0,0,0,0,0,1,1,0,1,1,0,0,3,1,0.2687,0.194,0.0149,0.5373,4.6239,6,3,1,0,0,2.3656,0,1
56,14,8,25,0,2,0,3,1,3,2,0,12,5,39,1,0,0,0,0,0,1,1,1,0,0,0,0,0,0,0.0893,0.2143,0.0,0.6964,4.6773,5,2,0,0,0,3.3788,4,0
62,20,8,25,0,2,0,3,1,3,2,0,12,5,45,1,0,0,0,0,0,1,1,1,0,0,0,0,0,0,0.0806,0.1935,0.0,0.7258,4.6086,5,2,0,0,0,3.3842,8,0
26,11,8,0,0,1,0,3,0,0,0,0,5,1,20,0,0,0,0,0,0,0,1,0,1,0,0,1,0,0,0.0385,0.1923,0.0,0.7692,4.2578,1,2,0,0,0,3.4594,3,1
55,35,13,0,0,4,2,3,0,0,0,0,10,0,45,2,0,0,0,0,0,1,1,0,1,0,0,0,4,1,0.0,0.1818,0.0364,0.8182,4.2182,0,2,0,0,1,3.811,12,1
26,11,8,0,0,1,0,3,0,0,0,0,5,2,19,0,0,0,0,0,0,0,1,0,1,0,0,1,0,0,0.0769,0.1923,0.0,0.7308,3.9501,1,2,0,0,0,3.0958,3,1
19,4,8,0,0,1,0,3,0,0,0,0,5,1,13,0,0,0,0,0,0,0,1,0,1,0,0,1,0,0,0.0526,0.2632,0.0,0.6842,3.3919,1,2,0,0,0,2.0,1,1
30,14,8,0,0,2,0,3,0,0,0,0,6,0,24,1,0,0,0,0,0,1,1,1,0,0,0,0,0,0,0.0,0.2,0.0,0.8,3.7777,0,2,0,0,0,3.3249,3,0
65,14,17,25,0,2,0,4,1,3,2,0,13,5,47,1,0,0,0,0,0,1,1,1,0,0,0,0,0,0,0.0769,0.2,0.0,0.7231,4.5534,5,2,0,0,0,3.0391,4,0
63,43,13,0,0,4,2,3,0,0,0,0,10,0,53,2,0,0,0,0,0,1,1,0,1,0,0,0,2,1,0.0,0.1587,0.0317,0.8413,4.2728,0,2,0,0,1,3.9233,14,1
66,46,13,0,0,4,2,3,0,0,0,0,10,0,56,2,0,0,0,0,0,1,1,0,1,0,0,0,3,1,0.0,0.1515,0.0303,0.8485,4.2164,0,2,0,0,1,3.9176,18,1
67,38,11,10,0,4,1,3,1,1,0,0,11,5,51,2,0,0,0,0,0,1,1,0,1,0,0,0,4,1,0.0746,0.1642,0.0149,0.7612,4.5483,5,2,0,0,1,3.7378,13,1
32,18,6,0,0,2,0,3,0,0,0,0,6,1,25,1,0,0,0,0,0,1,1,1,0,0,0,0,0,0,0.0312,0.1875,0.0,0.7812,3.7539,1,2,0,0,0,3.086,4,0
62,44,11,0,0,2,5,3,0,0,0,0,11,0,51,0,0,0,0,0,1,1,1,0,1,0,0,0,4,1,0.0,0.1774,0.0806,0.8226,4.3612,0,3,0,0,1,4.1336,14,1
42,20,14,0,0,2,0,5,0,0,0,0,8,1,33,1,0,0,0,0,0,1,1,1,0,0,0,0,0,0,0.0238,0.1905,0.0,0.7857,4.0027,1,2,0,0,0,3.4219,8,0
39,15,16,0,0,2,0,4,0,0,0,0,7,0,32,1,0,0,0,0,0,1,1,1,0,0,0,0,0,0,0.0,0.1795,0.0,0.8205,4.0453,0,2,0,0,0,3.0566,5,0
57,15,17,17,0,4,0,4,1,1,0,0,12,18,27,0,0,0,0,0,0,1,1,0,1,1,0,0,1,1,0.3158,0.2105,0.0,0.4737,4.462,6,3,1,0,0,2.6826,0,1
66,46,13,0,0,4,2,3,0,0,0,0,10,0,56,2,0,0,0,0,0,1,1,0,1,0,0,0,3,1,0.0,0.1515,0.0303,0.8485,4.3018,0,2,0,0,1,3.9966,16,1
54,36,11,0,0,2,4,3,0,0,0,0,10,0,44,0,0,0,0,0,1,1,1,0,1,0,0,0,2,1,0.0,0.1852,0.0741,0.8148,4.326,0,3,0,0,1,4.0724,11,1
35,21,6,0,0,2,0,3,0,0,0,0,6,0,29,1,0,0,0,0,0,1,1,1,0,0,0,0,0,0,0.0,0.1714,0.0,0.8286,3.9329,0,2,0,0,0,3.4226,8,0
22,13,1,0,0,2,0,3,0,0,0,0,6,0,16,1,0,0,0,0,0,1,1,1,0,0,0,0,0,0,0.0,0.2727,0.0,0.7273,3.5383,0,2,0,0,0,2.8151,4,0
56,38,11,0,0,2,4,3,0,0,0,0,10,0,46,0,0,0,0,0,1,1,1,0,1,0,0,0,3,1,0.0,0.1786,0.0714,0.8214,4.4542,0,3,0,0,1,4.1883,14,1
50,18,24,0,0,2,0,6,0,0,0,0,9,6,35,1,0,0,0,0,0,1,1,1,0,0,0,0,1,1,0.12,0.18,0.0,0.7,4.2733,4,2,0,0,0,3.3083,4,0
60,22,7,22,0,2,0,3,1,2,1,0,10,0,50,1,0,0,0,0,0,1,1,1,0,0,0,0,1,1,0.0,0.1667,0.0,0.8333,4.3546,0,2,0,0,0,3.6635,8,0
57,14,7,27,0,2,0,3,1,1,0,0,10,0,47,1,0,0,0,0,0,1,1,1,0,0,0,0,0,0,0.0,0.1754,0.0,0.8246,4.3804,0,2,0,0,0,2.8424,4,0
69,14,30,17,0,4,1,4,1,1,0,0,13,17,39,0,0,0,0,0,0,1,1,0,1,1,0,0,2,1,0.2464,0.1884,0.0145,0.5652,4.7989,6,3,1,0,0,2.6106,0,1
26,12,6,0,0,2,0,3,0,0,0,0,6,0,20,1,0,0,0,0,0,1,1,1,0,0,0,0,0,0,0.0,0.2308,0.0,0.7692,3.8151,0,2,0,0,0,2.8554,3,0
68,13,25,17,0,4,1,4,1,1,0,0,14,20,34,0,0,0,0,0,0,1,1,0,1,1,1,0,2,1,0.2941,0.2059,0.0147,0.5,4.6794,6,4,1,0,0,2.4116,0,1
59,30,11,10,0,4,2,3,1,1,0,0,12,5,42,2,0,0,0,0,0,1,1,0,1,0,0,0,3,1,0.0847,0.2034,0.0339,0.7119,4.7294,5,2,0,0,1,3.9899,10,1
65,45,13,0,0,4,3,3,0,0,0,0,11,0,54,2,0,0,0,0,0,1,1,0,1,0,0,0,4,1,0.0,0.1692,0.0462,0.8308,4.3032,0,2,0,0,1,3.9944,14,1
31,15,8,0,0,2,0,3,0,0,0,0,6,0,25,1,0,0,0,0,0,1,1,1,0,0,0,0,0,0,0.0,0.1935,0.0,0.8065,3.7324,0,2,0,0,0,3.3736,4,0
47,17,22,0,0,2,0,4,0,0,0,0,7,0,40,1,0,0,0,0,0,1,1,1,0,0,0,0,0,0,0.0,0.1489,0.0,0.8511,3.9376,0,2,0,0,0,3.3816,7,0
52,14,7,22,0,2,0,3,1,2,1,0,10,0,42,1,0,0,0,0,0,1,1,1,0,0,0,0,0,0,0.0,0.1923,0.0,0.8077,4.2574,0,2,0,0,0,3.0391,6,0
63,43,13,0,0,4,3,3,0,0,0,0,11,0,52,2,0,0,0,0,0,1,1,0,1,0,0,0,4,1,0.0,0.1746,0.0476,0.8254,4.2194,0,2,0,0,1,3.8943,13,1
32,20,4,0,0,2,0,3,0,0,0,0,6,1,25,1,0,0,0,0,0,1,1,1,0,0,0,0,0,0,0.0312,0.1875,0.0,0.7812,3.84,1,2,0,0,0,3.3842,5,0
59,41,11,0,0,2,5,3,0,0,0,0,11,0,48,0,0,0,0,0,1,1,1,0,1,0,0,0,2,1,0.0,0.1864,0.0847,0.8136,4.1744,0,3,0,0,1,3.8395,14,1
46,20,18,0,0,2,0,4,0,0,0,0,7,0,39,1,0,0,0,0,0,1,1,1,0,0,0,0,0,0,0.0,0.1522,0.0,0.8478,4.1642,0,2,0,0,0,3.8842,7,0
65,45,13,0,0,4,3,3,0,0,0,0,11,0,54,2,0,0,0,0,0,1,1,0,1,0,0,0,3,1,0.0,0.1692,0.0462,0.8308,4.2046,0,2,0,0,1,3.7853,13,1
38,14,16,0,0,2,0,4,0,0,0,0,7,0,31,1,0,0,0,0,0,1,1,1,0,0,0,0,0,0,0.0,0.1842,0.0,0.8158,3.9881,0,2,0,0,0,3.182,6,0
65,36,11,10,0,4,2,3,1,1,0,0,12,5,48,2,0,0,0,0,0,1,1,0,1,0,0,0,3,1,0.0769,0.1846,0.0308,0.7385,4.6087,5,2,0,0,1,4.0067,10,1
61,41,13,0,0,4,2,3,0,0,0,0,10,0,51,2,0,0,0,0,0,1,1,0,1,0,0,0,2,1,0.0,0.1639,0.0328,0.8361,4.0687,0,2,0,0,1,3.7225,14,1
63,13,16,25,0,2,0,4,1,3,2,0,13,5,45,1,0,0,0,0,0,1,1,1,0,0,0,0,0,0,0.0794,0.2063,0.0,0.7143,4.5303,5,2,0,0,0,3.2389,5,0
31,17,6,0,0,2,0,3,0,0,0,0,6,0,25,1,0,0,0,0,0,1,1,1,0,0,0,0,0,0,0.0,0.1935,0.0,0.8065,3.889,0,2,0,0,0,3.4548,5,0
70,52,11,0,0,2,5,3,0,0,0,0,11,0,59,0,0,0,0,0,1,1,1,0,1,0,0,0,2,1,0.0,0.1571,0.0714,0.8429,4.3003,0,3,0,0,1,3.9263,17,1
56,16,6,25,0,2,0,3,1,3,2,0,12,5,39,1,0,0,0,0,0,1,1,1,0,0,0,0,0,0,0.0893,0.2143,0.0,0.6964,4.6175,5,2,0,0,0,3.2028,5,0
40,18,14,0,0,2,0,5,0,0,0,0,8,1,31,1,0,0,0,0,0,1,1,1,0,0,0,0,1,1,0.025,0.2,0.0,0.775,3.7848,1,2,0,0,0,3.3083,4,0
25,16,1,0,0,2,0,3,0,0,0,0,6,0,19,1,0,0,0,0,0,1,1,1,0,0,0,0,0,0,0.0,0.24,0.0,0.76,3.6733,0,2,0,0,0,3.3278,4,0
39,26,5,0,0,2,0,3,0,0,0,0,6,0,33,1,0,0,0,0,0,1,1,1,0,0,0,0,0,0,0.0,0.1538,0.0,0.8462,4.0066,0,2,0,0,0,3.6612,10,0
20,5,8,0,0,1,0,3,0,0,0,0,5,2,13,0,0,0,0,0,0,0,1,0,1,0,0,1,0,0,0.1,0.25,0.0,0.65,3.7464,1,2,0,0,0,2.3219,0,1
66,46,13,0,0,4,2,3,0,0,0,0,10,0,56,2,0,0,0,0,0,1,1,0,1,0,0,0,3,1,0.0,0.1515,0.0303,0.8485,4.3615,0,2,0,0,1,4.135,17,1
65,13,27,17,0,4,1,4,1,1,0,0,13,16,36,0,0,0,0,0,0,1,1,0,1,1,0,0,2,1,0.2462,0.2,0.0154,0.5538,4.8202,6,3,1,0,0,2.6612,0,1
21,6,8,0,0,1,0,3,0,0,0,0,5,0,16,0,0,0,0,0,0,0,1,0,1,0,0,1,0,0,0.0,0.2381,0.0,0.7619,3.9395,0,2,0,0,0,2.585,1,1
37,12,17,0,0,2,0,4,0,0,0,0,7,12,18,1,0,0,0,0,0,1,1,1,0,0,0,0,0,0,0.3243,0.1892,0.0,0.4865,4.52,12,2,0,0,0,3.0221,3,0
68,39,11,10,0,4,2,3,1,1,0,0,12,5,51,2,0,0,0,0,0,1,1,0,1,0,0,0,2,1,0.0735,0.1765,0.0294,0.75,4.5432,5,2,0,0,1,3.7434,11,1
59,39,13,0,0,4,2,3,0,0,0,0,10,0,49,2,0,0,0,0,0,1,1,0,1,0,0,0,3,1,0.0,0.1695,0.0339,0.8305,4.1242,0,2,0,0,1,3.7914,12,1
74,45,11,10,0,4,2,3,1,1,0,0,12,5,57,2,0,0,0,0,0,1,1,0,1,0,0,0,3,1,0.0676,0.1622,0.027,0.7703,4.5181,5,2,0,0,1,3.9136,15,1
20,5,8,0,0,1,0,3,0,0,0,0,5,0,15,0,0,0,0,0,0,0,1,0,1,0,0,1,0,0,0.0,0.25,0.0,0.75,3.9842,0,2,0,0,0,2.3219,1,1
69,17,18,25,0,2,0,4,1,3,2,0,13,5,51,1,0,0,0,0,0,1,1,1,0,0,0,0,0,0,0.0725,0.1884,0.0,0.7391,4.639,5,2,0,0,0,3.3372,6,0
66,15,17,25,0,2,0,4,1,3,2,0,13,5,48,1,0,0,0,0,0,1,1,1,0,0,0,0,0,0,0.0758,0.197,0.0,0.7273,4.6861,5,2,0,0,0,3.3232,3,0
63,34,11,10,0,4,2,3,1,1,0,0,12,5,46,2,0,0,0,0,0,1,1,0,1,0,0,0,3,1,0.0794,0.1905,0.0317,0.7302,4.5589,5,2,0,0,1,3.9369,10,1
62,33,11,10,0,4,1,3,1,1,0,0,11,5,46,2,0,0,0,0,0,1,1,0,1,0,0,0,2,1,0.0806,0.1774,0.0161,0.7419,4.4559,5,2,0,0,1,3.6394,10,1
50,10,6,25,0,1,0,3,1,3,2,0,11,5,34,0,0,0,0,0,0,1,1,1,0,0,0,0,0,0,0.1,0.22,0.0,0.68,4.5211,5,2,0,0,0,3.1219,4,0
25,16,1,0,0,2,0,3,0,0,0,0,6,0,19,1,0,0,0,0,0,1,1,1,0,0,0,0,0,0,0.0,0.24,0.0,0.76,3.9133,0,2,0,0,0,3.4528,4,0
60,42,11,0,0,2,5,3,0,0,0,0,11,0,49,0,0,0,0,0,1,1,1,0,1,0,0,0,3,1,0.0,0.1833,0.0833,0.8167,4.3689,0,3,0,0,1,4.0892,14,1
86,22,7,48,0,2,0,3,2,5,3,0,16,5,65,1,0,0,0,0,0,1,1,1,0,0,0,0,0,0,0.0581,0.186,0.0,0.7558,4.6149,5,2,0,0,0,3.6978,6,0
34,25,1,0,0,2,0,3,0,0,0,0,6,0,28,1,0,0,0,0,0,1,1,1,0,0,0,0,1,1,0.0,0.1765,0.0,0.8235,4.0209,0,2,0,0,0,3.8439,7,0
74,18,22,25,0,2,0,4,1,3,2,0,13,5,56,1,0,0,0,0,0,1,1,1,0,0,0,0,0,0,0.0676,0.1757,0.0,0.7568,4.6296,5,2,0,0,0,3.3921,5,0
78,14,7,48,0,2,0,3,2,5,3,0,16,5,57,1,0,0,0,0,0,1,1,1,0,0,0,0,0,0,0.0641,0.2051,0.0,0.7308,4.5153,5,2,0,0,0,3.5216,6,0
21,6,8,0,0,1,0,3,0,0,0,0,5,0,16,0,0,0,0,0,0,0,1,0,1,0,0,1,0,0,0.0,0.2381,0.0,0.7619,3.8442,0,2,0,0,0,2.585,1,1
59,14,15,17,0,4,0,4,1,1,0,0,13,21,25,0,0,0,0,0,0,1,1,0,1,1,1,0,1,1,0.3559,0.2203,0.0,0.4237,4.6049,6,4,1,0,0,2.4956,0,1
71,42,11,10,0,4,3,3,1,1,0,0,13,5,53,2,0,0,0,0,0,1,1,0,1,0,0,0,4,1,0.0704,0.1831,0.0423,0.7465,4.5405,5,2,0,0,1,3.802,12,1
30,15,7,0,0,2,0,3,0,0,0,0,6,0,24,1,0,0,0,0,0,1,1,1,0,0,0,0,1,1,0.0,0.2,0.0,0.8,4.0566,0,2,0,0,0,3.4566,3,0
23,14,1,0,0,2,0,3,0,0,0,0,6,0,17,1,0,0,0,0,0,1,1,1,0,0,0,0,1,1,0.0,0.2609,0.0,0.7391,3.6425,0,2,0,0,0,3.0391,3,0
65,13,27,17,0,4,1,4,1,1,0,0,13,16,36,0,0,0,0,0,0,1,1,0,1,1,0,0,2,1,0.2462,0.2,0.0154,0.5538,4.6709,6,3,1,0,0,2.6612,0,1
64,44,13,0,0,4,2,3,0,0,0,0,10,0,54,2,0,0,0,0,0,1,1,0,1,0,0,0,4,1,0.0,0.1562,0.0312,0.8438,4.3516,0,2,0,0,1,4.1464,16,1
38,22,8,0,0,2,0,3,0,0,0,0,6,0,32,1,0,0,0,0,0,1,1,1,0,0,0,0,1,1,0.0,0.1579,0.0,0.8421,3.9553,0,2,0,0,0,3.6978,7,0
26,11,8,0,0,1,0,3,0,0,0,0,5,3,18,0,0,0,0,0,0,0,1,0,1,0,0,1,0,0,0.1154,0.1923,0.0,0.6923,3.9791,2,2,0,0,0,3.0958,3,1
62,14,14,25,0,2,0,5,1,3,2,0,14,6,42,1,0,0,0,0,0,1,1,1,0,0,0,0,0,0,0.0968,0.2258,0.0,0.6774,4.7203,5,2,0,0,0,2.8963,4,0
56,16,6,25,0,2,0,3,1,3,2,0,12,5,39,1,0,0,0,0,0,1,1,1,0,0,0,0,0,0,0.0893,0.2143,0.0,0.6964,4.5906,5,2,0,0,0,3.1556,5,0
73,44,11,10,0,4,2,3,1,1,0,0,12,5,56,2,0,0,0,0,0,1,1,0,1,0,0,0,3,1,0.0685,0.1644,0.0274,0.7671,4.5125,5,2,0,0,1,3.7916,15,1
62,42,13,0,0,4,2,3,0,0,0,0,10,0,52,2,0,0,0,0,0,1,1,0,1,0,0,0,3,1,0.0,0.1613,0.0323,0.8387,4.247,0,2,0,0,1,4.0284,15,1
54,15,5,25,0,2,0,3,1,3,2,0,12,5,37,1,0,0,0,0,0,1,1,1,0,0,0,0,0,0,0.0926,0.2222,0.0,0.6852,4.5762,5,2,0,0,0,3.4566,3,0
63,45,11,0,0,2,5,3,0,0,0,0,11,0,52,0,0,0,0,0,1,1,1,0,1,0,0,0,4,1,0.0,0.1746,0.0794,0.8254,4.3027,0,3,0,0,1,4.0556,15,1
61,41,13,0,0,4,2,3,0,0,0,0,10,0,51,2,0,0,0,0,0,1,1,0,1,0,0,0,3,1,0.0,0.1639,0.0328,0.8361,4.2155,0,2,0,0,1,3.842,14,1
72,21,17,25,0,2,0,4,1,3,2,0,13,6,53,1,0,0,0,0,0,1,1,1,0,0,0,0,1,1,0.0833,0.1806,0.0,0.7361,4.6227,5,2,0,0,0,3.4992,5,0
83,19,7,48,0,2,0,3,2,5,3,0,16,5,62,1,0,0,0,0,0,1,1,1,0,0,0,0,1,1,0.0602,0.1928,0.0,0.747,4.5921,5,2,0,0,0,3.5369,5,0
27,13,6,0,0,1,0,3,0,0,0,0,5,0,22,0,0,0,0,0,0,0,1,1,0,0,0,0,0,0,0.0,0.1852,0.0,0.8148,3.8562,0,1,0,0,0,3.027,4,0
58,38,13,0,0,4,2,3,0,0,0,0,10,0,48,2,0,0,0,0,0,1,1,0,1,0,0,0,3,1,0.0,0.1724,0.0345,0.8276,4.2518,0,2,0,0,1,4.0304,13,1
39,13,18,0,0,3,0,5,0,0,0,0,9,0,30,2,0,0,0,0,0,1,1,1,0,0,0,0,0,0,0.0,0.2308,0.0,0.7692,4.0191,0,2,0,0,0,2.8151,5,0
43,17,18,0,0,2,0,5,0,0,0,0,8,0,35,1,0,0,0,0,0,1,1,1,0,0,0,0,0,0,0.0,0.186,0.0,0.814,4.0055,0,2,0,0,0,3.3372,6,0
63,15,14,25,0,2,0,5,1,3,2,0,14,6,43,1,0,0,0,0,0,1,1,1,0,0,0,0,1,1,0.0952,0.2222,0.0,0.6825,4.5782,5,2,0,0,0,3.3736,5,0
26,11,8,0,0,1,0,3,0,0,0,0,5,1,20,0,0,0,0,0,0,0,1,0,1,0,0,1,0,0,0.0385,0.1923,0.0,0.7692,4.2578,1,2,0,0,0,3.4594,3,1
62,44,11,0,0,2,5,3,0,0,0,0,11,0,51,0,0,0,0,0,1,1,1,0,1,0,0,0,3,1,0.0,0.1774,0.0806,0.8226,4.2871,0,3,0,0,1,4.0426,14,1
31,17,6,0,0,2,0,3,0,0,0,0,6,0,25,1,0,0,0,0,0,1,1,1,0,0,0,0,0,0,0.0,0.1935,0.0,0.8065,3.8732,0,2,0,0,0,3.4548,5,0
42,12,22,0,0,2,0,4,0,0,0,0,7,0,35,1,0,0,0,0,0,1,1,1,0,0,0,0,0,0,0.0,0.1667,0.0,0.8333,4.08,0,2,0,0,0,3.4183,4,0
31,17,6,0,0,2,0,3,0,0,0,0,6,0,25,1,0,0,0,0,0,1,1,1,0,0,0,0,0,0,0.0,0.1935,0.0,0.8065,4.0023,0,2,0,0,0,3.7345,5,0
34,18,8,0,0,2,0,3,0,0,0,0,6,0,28,1,0,0,0,0,0,1,1,1,0,0,0,0,0,0,0.0,0.1765,0.0,0.8235,4.0209,0,2,0,0,0,3.6144,7,0
64,12,27,17,0,4,1,4,1,1,0,0,13,15,36,0,0,0,0,0,0,1,1,0,1,1,0,0,1,1,0.2344,0.2031,0.0156,0.5625,4.547,6,3,1,0,0,2.6258,0,1
56,36,13,0,0,4,2,3,0,0,0,0,10,0,46,2,0,0,0,0,0,1,1,0,1,0,0,0,4,1,0.0,0.1786,0.0357,0.8214,4.1912,0,2,0,0,1,3.8429,13,1
20,5,8,0,0,1,0,3,0,0,0,0,5,1,14,0,0,0,0,0,0,0,1,0,1,0,0,1,0,0,0.05,0.25,0.0,0.7,3.8842,1,2,0,0,0,2.3219,1,1
69,51,11,0,0,2,5,3,0,0,0,0,11,0,58,0,0,0,0,0,1,1,1,0,1,0,0,0,3,1,0.0,0.1594,0.0725,0.8406,4.2865,0,3,0,0,1,4.0283,17,1
26,13,5,0,0,2,0,3,0,0,0,0,6,0,20,1,0,0,0,0,0,1,1,1,0,0,0,0,0,0,0.0,0.2308,0.0,0.7692,3.7672,0,2,0,0,0,3.027,3,0
26,11,8,0,0,1,0,3,0,0,0,0,5,1,20,0,0,0,0,0,0,0,1,0,1,0,0,1,0,0,0.0385,0.1923,0.0,0.7692,4.1039,1,2,0,0,0,3.4594,3,1
32,18,6,0,0,3,0,3,0,0,0,0,7,0,25,2,0,0,0,0,0,1,1,1,0,0,0,0,0,0,0.0,0.2188,0.0,0.7812,4.0695,0,2,0,0,0,3.5305,7,0
67,38,11,10,0,4,2,3,1,1,0,0,12,5,50,2,0,0,0,0,0,1,1,0,1,0,0,0,3,1,0.0746,0.1791,0.0299,0.7463,4.5846,5,2,0,0,1,4.096,12,1
39,17,14,0,0,2,0,5,0,0,0,0,8,1,30,1,0,0,0,0,0,1,1,1,0,0,0,0,0,0,0.0256,0.2051,0.0,0.7692,3.8434,1,2,0,0,0,3.3372,6,0
29,15,6,0,0,2,0,3,0,0,0,0,6,0,23,1,0,0,0,0,0,1,1,1,0,0,0,0,0,0,0.0,0.2069,0.0,0.7931,3.8404,0,2,0,0,0,3.5069,5,0
40,16,16,0,0,2,0,4,0,0,0,0,7,0,33,1,0,0,0,0,0,1,1,1,0,0,0,0,0,0,0.0,0.175,0.0,0.825,3.7898,0,2,0,0,0,3.375,5,0
50,10,6,25,0,1,0,3,1,3,2,0,11,5,34,0,0,0,0,0,0,1,1,1,0,0,0,0,0,0,0.1,0.22,0.0,0.68,4.6733,5,2,0,0,0,2.7219,4,0
63,45,11,0,0,2,5,3,0,0,0,0,11,0,52,0,0,0,0,0,1,1,1,0,1,0,0,0,4,1,0.0,0.1746,0.0794,0.8254,4.368,0,3,0,0,1,4.1255,15,1
70,41,11,10,0,4,2,3,1,1,0,0,12,5,53,2,0,0,0,0,0,1,1,0,1,0,0,0,4,1,0.0714,0.1714,0.0286,0.7571,4.5886,5,2,0,0,1,3.8579,14,1
20,5,8,0,0,1,0,3,0,0,0,0,5,1,14,0,0,0,0,0,0,0,1,0,1,0,0,1,0,0,0.05,0.25,0.0,0.7,3.8842,1,2,0,0,0,2.3219,0,1
57,39,11,0,0,3,2,3,0,0,0,0,9,3,45,1,0,0,0,0,0,1,1,0,1,0,0,0,3,1,0.0526,0.1579,0.0351,0.7895,4.5587,3,2,0,0,1,4.1311,14,1
40,16,16,0,0,2,0,4,0,0,0,0,7,0,33,1,0,0,0,0,0,1,1,1,0,0,0,0,0,0,0.0,0.175,0.0,0.825,3.8842,0,2,0,0,0,3.25,5,0
39,27,4,0,0,2,0,3,0,0,0,0,6,0,33,1,0,0,0,0,0,1,1,1,0,0,0,0,1,1,0.0,0.1538,0.0,0.8462,4.0798,0,2,0,0,0,3.736,10,0
69,17,18,25,0,2,0,6,1,3,2,0,15,11,43,1,0,0,0,0,0,1,1,1,0,0,0,0,0,0,0.1594,0.2174,0.0,0.6232,4.6354,5,2,0,0,0,3.3372,6,0
62,33,11,10,0,4,2,3,1,1,0,0,12,5,45,2,0,0,0,0,0,1,1,0,1,0,0,0,4,1,0.0806,0.1935,0.0323,0.7258,4.5342,5,2,0,0,1,3.8768,10,1
60,40,13,0,0,4,2,3,0,0,0,0,10,0,50,2,0,0,0,0,0,1,1,0,1,0,0,0,3,1,0.0,0.1667,0.0333,0.8333,4.2761,0,2,0,0,1,3.9398,14,1
44,20,16,0,0,2,0,4,0,0,0,0,7,0,37,1,0,0,0,0,0,1,1,1,0,0,0,0,0,0,0.0,0.1591,0.0,0.8409,3.96,0,2,0,0,0,3.3087,6,0
62,22,6,25,0,2,0,3,1,3,2,0,12,5,45,1,0,0,0,0,0,1,1,1,0,0,0,0,0,0,0.0806,0.1935,0.0,0.7258,4.5062,5,2,0,0,0,3.6069,8,0
68,14,29,17,0,4,1,4,1,1,0,0,13,17,38,0,0,0,0,0,0,1,1,0,1,1,0,0,2,1,0.25,0.1912,0.0147,0.5588,4.7619,6,3,1,0,0,2.8424,0,1
68,13,30,17,0,4,1,4,1,1,0,0,13,16,39,0,0,0,0,0,0,1,1,0,1,1,0,0,2,1,0.2353,0.1912,0.0147,0.5735,4.92,6,3,1,0,0,2.6612,0,1
56,27,11,10,0,4,1,3,1,1,0,0,11,5,40,2,0,0,0,0,0,1,1,0,1,0,0,0,1,1,0.0893,0.1964,0.0179,0.7143,4.4167,5,2,0,0,1,3.8842,8,1
58,29,11,10,0,4,1,3,1,1,0,0,11,5,42,2,0,0,0,0,0,1,1,0,1,0,0,0,1,1,0.0862,0.1897,0.0172,0.7241,4.4259,5,2,0,0,1,3.7714,9,1
74,23,17,25,0,2,0,4,1,3,2,0,13,6,55,1,0,0,0,0,0,1,1,1,0,0,0,0,0,0,0.0811,0.1757,0.0,0.7432,4.6461,5,2,0,0,0,3.6212,7,0
59,30,11,10,0,4,1,3,1,1,0,0,11,5,43,2,0,0,0,0,0,1,1,0,1,0,0,0,2,1,0.0847,0.1864,0.0169,0.7288,4.5244,5,2,0,0,1,3.8981,8,1
38,12,18,0,0,1,0,5,0,0,0,0,7,0,31,0,0,0,0,0,0,1,1,1,0,0,0,0,0,0,0.0,0.1842,0.0,0.8158,4.0381,0,2,0,0,0,3.4183,4,0
57,37,13,0,0,4,2,3,0,0,0,0,10,0,47,2,0,0,0,0,0,1,1,0,1,0,0,0,3,1,0.0,0.1754,0.0351,0.8246,4.1796,0,2,0,0,1,3.6789,12,1
21,6,8,0,0,1,0,3,0,0,0,0,5,2,14,0,0,0,0,0,0,0,1,0,1,0,0,1,0,0,0.0952,0.2381,0.0,0.6667,3.8442,1,2,0,0,0,2.585,1,1
66,37,11,10,0,4,2,3,1,1,0,0,12,5,49,2,0,0,0,0,0,1,1,0,1,0,0,0,4,1,0.0758,0.1818,0.0303,0.7424,4.6314,5,2,0,0,1,3.9927,13,1
62,44,11,0,0,2,5,3,0,0,0,0,11,0,51,0,0,0,0,0,1,1,1,0,1,0,0,0,3,1,0.0,0.1774,0.0806,0.8226,4.5188,0,3,0,0,1,4.2805,14,1
61,41,13,0,0,4,3,3,0,0,0,0,11,0,50,2,0,0,0,0,0,1,1,0,1,0,0,0,4,1,0.0,0.1803,0.0492,0.8197,4.2932,0,2,0,0,1,3.9371,12,1
49,10,5,25,0,1,0,3,1,3,2,0,11,5,33,0,0,0,0,0,0,1,1,1,0,0,0,0,0,0,0.102,0.2245,0.0,0.6735,4.7059,5,2,0,0,0,3.3219,3,0
64,35,11,10,0,4,2,3,1,1,0,0,12,5,47,2,0,0,0,0,0,1,1,0,1,0,0,0,3,1,0.0781,0.1875,0.0312,0.7344,4.5367,5,2,0,0,1,3.7183,10,1
56,27,11,10,0,4,1,3,1,1,0,0,11,5,40,2,0,0,0,0,0,1,1,0,1,0,0,0,3,1,0.0893,0.1964,0.0179,0.7143,4.436,5,2,0,0,1,3.7262,9,1
26,11,8,0,0,1,0,3,0,0,0,0,5,1,20,0,0,0,0,0,0,0,1,0,1,0,0,1,0,0,0.0385,0.1923,0.0,0.7692,4.0749,1,2,0,0,0,3.4594,3,1
71,13,33,17,0,4,2,4,1,1,0,0,14,16,41,0,0,0,0,0,0,1,1,0,1,1,0,0,2,1,0.2254,0.1972,0.0282,0.5775,4.8238,6,3,1,0,0,2.8151,0,1
21,6,8,0,0,1,0,3,0,0,0,0,5,0,16,0,0,0,0,0,0,0,1,0,1,0,0,1,0,0,0.0,0.2381,0.0,0.7619,3.8442,0,2,0,0,0,2.585,1,1
44,19,17,0,0,2,0,4,0,0,0,0,7,0,37,1,0,0,0,0,0,1,1,1,0,0,0,0,0,0,0.0,0.1591,0.0,0.8409,3.9989,0,2,0,0,0,3.5111,7,0
21,6,8,0,0,1,0,3,0,0,0,0,5,0,16,0,0,0,0,0,0,0,1,0,1,0,0,1,0,0,0.0,0.2381,0.0,0.7619,3.8442,0,2,0,0,0,2.585,1,1
73,14,29,17,0,4,1,4,1,1,0,0,14,21,38,0,0,0,0,0,0,1,1,0,1,1,1,0,1,1,0.2877,0.1918,0.0137,0.5205,4.7516,6,4,1,0,0,2.8424,0,1
74,18,22,25,0,2,0,4,1,3,2,0,13,5,56,1,0,0,0,0,0,1,1,1,0,0,0,0,1,1,0.0676,0.1757,0.0,0.7568,4.488,5,2,0,0,0,3.4613,6,0
70,14,26,17,0,4,1,4,1,1,0,0,14,21,35,0,0,0,0,0,0,1,1,0,1,1,1,0,3,1,0.3,0.2,0.0143,0.5,4.7437,6,4,1,0,0,2.8963,0,1
35,19,8,0,0,2,0,3,0,0,0,0,6,0,29,1,0,0,0,0,0,1,1,1,0,0,0,0,0,0,0.0,0.1714,0.0,0.8286,3.976,0,2,0,0,0,3.3264,6,0
61,43,11,0,0,2,5,3,0,0,0,0,11,0,50,0,0,0,0,0,1,1,1,0,1,0,0,0,3,1,0.0,0.1803,0.082,0.8197,4.4782,0,3,0,0,1,4.2199,14,1
48,22,18,0,0,2,0,4,0,0,0,0,7,0,41,1,0,0,0,0,0,1,1,1,0,0,0,0,1,1,0.0,0.1458,0.0,0.8542,4.2304,0,2,0,0,0,3.6292,8,0
38,21,9,0,0,2,0,3,0,0,0,0,6,0,32,1,0,0,0,0,0,1,1,1,0,0,0,0,1,1,0.0,0.1579,0.0,0.8421,4.1685,0,2,0,0,0,3.5585,7,0
61,43,11,0,0,2,5,3,0,0,0,0,11,0,50,0,0,0,0,0,1,1,1,0,1,0,0,0,3,1,0.0,0.1803,0.082,0.8197,4.2808,0,3,0,0,1,3.9408,15,1
30,8,14,0,0,1,0,5,0,0,0,0,7,1,22,0,0,0,0,0,0,1,1,1,0,0,0,0,0,0,0.0333,0.2333,0.0,0.7333,3.5866,1,2,0,0,0,2.75,3,0
71,16,22,24,0,2,0,4,1,3,2,0,13,4,54,1,0,0,0,0,0,1,1,1,0,0,0,0,0,0,0.0563,0.1831,0.0,0.7606,4.6143,4,2,0,0,0,3.4528,4,0
51,11,6,25,0,1,0,3,1,3,2,0,11,5,35,0,0,0,0,0,0,1,1,1,0,0,0,0,0,0,0.098,0.2157,0.0,0.6863,4.6013,5,2,0,0,0,3.0958,4,0
21,12,1,0,0,1,0,3,0,0,0,0,5,0,16,0,0,0,0,0,0,0,1,1,0,0,0,0,0,0,0.0,0.2381,0.0,0.7619,3.6538,0,1,0,0,0,3.085,4,0
57,13,37,0,0,4,2,4,0,0,0,0,11,10,36,0,0,0,0,0,0,1,1,0,1,1,0,0,3,1,0.1754,0.193,0.0351,0.6316,4.5604,3,3,1,0,0,2.8151,0,1
61,43,11,0,0,2,5,3,0,0,0,0,11,0,50,0,0,0,0,0,1,1,1,0,1,0,0,0,3,1,0.0,0.1803,0.082,0.8197,4.3407,0,3,0,0,1,4.0049,15,1
46,28,11,0,0,2,2,3,0,0,0,0,8,0,38,0,0,0,0,0,0,1,1,0,1,0,0,0,1,1,0.0,0.1739,0.0435,0.8261,4.2925,0,2,0,0,1,3.9408,8,1
61,41,13,0,0,4,2,3,0,0,0,0,10,0,51,2,0,0,0,0,0,1,1,0,1,0,0,0,3,1,0.0,0.1639,0.0328,0.8361,4.3219,0,2,0,0,1,4.0276,13,1
60,42,11,0,0,2,5,3,0,0,0,0,11,0,49,0,0,0,0,0,1,1,1,0,1,0,0,0,4,1,0.0,0.1833,0.0833,0.8167,4.3526,0,3,0,0,1,4.0329,16,1
63,45,11,0,0,2,5,3,0,0,0,0,11,0,52,0,0,0,0,0,1,1,1,0,1,0,0,0,4,1,0.0,0.1746,0.0794,0.8254,4.4335,0,3,0,0,1,4.1001,16,1
65,9,22,25,0,1,0,4,1,3,2,0,12,5,48,0,0,0,0,0,0,1,1,1,0,0,0,0,0,0,0.0769,0.1846,0.0,0.7385,4.5125,5,2,0,0,0,2.9477,3,0
87,23,7,48,0,2,0,3,2,5,3,0,16,6,65,1,0,0,0,0,0,1,1,1,0,0,0,0,0,0,0.069,0.1839,0.0,0.7471,4.5567,5,2,0,0,0,3.6212,7,0
26,11,8,0,0,1,0,3,0,0,0,0,5,3,18,0,0,0,0,0,0,0,1,0,1,0,0,1,0,0,0.1154,0.1923,0.0,0.6923,4.1808,1,2,0,0,0,3.4594,3,1
70,13,32,17,0,4,1,4,1,1,0,0,13,16,41,0,0,0,0,0,0,1,1,0,1,1,0,0,1,1,0.2286,0.1857,0.0143,0.5857,4.8524,6,3,1,0,0,2.4116,0,1
48,26,15,0,0,1,3,3,0,0,0,0,8,0,40,0,0,0,0,0,0,1,1,0,1,0,0,0,4,1,0.0,0.1667,0.0625,0.8333,4.0923,0,2,0,0,1,3.7381,8,1
50,12,7,22,0,2,0,3,1,2,1,0,10,0,40,1,0,0,0,0,0,1,1,1,0,0,0,0,0,0,0.0,0.2,0.0,0.8,4.2182,0,2,0,0,0,3.2516,4,0
65,14,18,24,0,2,0,4,1,3,2,0,13,4,48,1,0,0,0,0,0,1,1,1,0,0,0,0,0,0,0.0615,0.2,0.0,0.7385,4.57,4,2,0,0,0,3.3788,4,0
36,22,6,0,0,2,0,3,0,0,0,0,6,0,30,1,0,0,0,0,0,1,1,1,0,0,0,0,1,1,0.0,0.1667,0.0,0.8333,3.9959,0,2,0,0,0,3.6978,7,0
62,12,25,17,0,4,1,4,1,1,0,0,13,15,34,0,0,0,0,0,0,1,1,0,1,1,0,0,1,1,0.2419,0.2097,0.0161,0.5484,4.557,6,3,1,0,0,2.7925,0,1
57,28,11,10,0,4,1,3,1,1,0,0,11,5,41,2,0,0,0,0,0,1,1,0,1,0,0,0,2,1,0.0877,0.193,0.0175,0.7193,4.4269,5,2,0,0,1,3.8693,8,1
57,37,13,0,0,4,2,3,0,0,0,0,10,0,47,2,0,0,0,0,0,1,1,0,1,0,0,0,2,1,0.0,0.1754,0.0351,0.8246,4.263,0,2,0,0,1,3.8411,12,1
54,14,15,17,0,4,0,4,1,1,0,0,12,17,25,0,0,0,0,0,0,1,1,0,1,1,0,0,1,1,0.3148,0.2222,0.0,0.463,4.6109,6,3,1,0,0,2.6995,0,1
32,16,8,0,0,2,0,3,0,0,0,0,6,0,26,1,0,0,0,0,0,1,1,1,0,0,0,0,0,0,0.0,0.1875,0.0,0.8125,3.8667,0,2,0,0,0,3.2028,5,0
53,35,11,0,0,2,4,3,0,0,0,0,10,0,43,0,0,0,0,0,1,1,1,0,1,0,0,0,4,1,0.0,0.1887,0.0755,0.8113,4.3018,0,3,0,0,1,4.022,12,1
40,15,17,0,0,2,0,4,0,0,0,0,7,0,33,1,0,0,0,0,0,1,1,1,0,0,0,0,0,0,0.0,0.175,0.0,0.825,3.9153,0,2,0,0,0,3.3736,5,0
66,48,11,0,0,2,5,3,0,0,0,0,11,0,55,0,0,0,0,0,1,1,1,0,1,0,0,0,2,1,0.0,0.1667,0.0758,0.8333,4.4489,0,3,0,0,1,4.108,15,1
64,44,13,0,0,4,2,3,0,0,0,0,10,0,54,2,0,0,0,0,0,1,1,0,1,0,0,0,3,1,0.0,0.1562,0.0312,0.8438,4.3005,0,2,0,0,1,3.9995,16,1
73,12,31,17,0,4,1,4,1,1,0,0,14,19,40,0,0,0,0,0,0,1,1,0,1,1,1,0,1,1,0.2603,0.1918,0.0137,0.5479,4.6707,6,4,1,0,0,2.7925,0,1
49,27,14,0,0,2,0,5,0,0,0,0,8,1,40,1,0,0,0,0,0,1,1,1,0,0,0,0,0,0,0.0204,0.1633,0.0,0.8163,4.1967,1,2,0,0,0,3.7919,9,0
58,38,13,0,0,4,2,3,0,0,0,0,10,0,48,2,0,0,0,0,0,1,1,0,1,0,0,0,2,1,0.0,0.1724,0.0345,0.8276,4.2631,0,2,0,0,1,3.9182,13,1
65,13,18,25,0,1,0,4,1,3,2,0,12,6,47,0,0,0,0,0,0,1,1,1,0,0,0,0,0,0,0.0923,0.1846,0.0,0.7231,4.6623,5,2,0,0,0,3.027,3,0
61,19,8,25,0,2,0,3,1,3,2,0,12,5,44,1,0,0,0,0,0,1,1,1,0,0,0,0,0,0,0.082,0.1967,0.0,0.7213,4.5899,5,2,0,0,0,3.2608,7,0
56,36,13,0,0,4,2,3,0,0,0,0,10,0,46,2,0,0,0,0,0,1,1,0,1,0,0,0,2,1,0.0,0.1786,0.0357,0.8214,4.2826,0,2,0,0,1,4.0095,12,1
65,15,16,25,0,2,0,4,1,3,2,0,13,5,47,1,0,0,0,0,0,1,1,1,0,0,0,0,0,0,0.0769,0.2,0.0,0.7231,4.6815,5,2,0,0,0,3.3232,3,0
62,33,11,10,0,4,1,3,1,1,0,0,11,5,46,2,0,0,0,0,0,1,1,0,1,0,0,0,3,1,0.0806,0.1774,0.0161,0.7419,4.5712,5,2,0,0,1,3.5937,11,1
64,35,11,10,0,4,1,3,1,1,0,0,11,5,48,2,0,0,0,0,0,1,1,0,1,0,0,0,2,1,0.0781,0.1719,0.0156,0.75,4.4522,5,2,0,0,1,3.7287,12,1
75,27,14,25,0,2,0,5,1,3,2,0,14,6,55,1,0,0,0,0,0,1,1,1,0,0,0,0,1,1,0.08,0.1867,0.0,0.7333,4.7081,5,2,0,0,0,3.8101,11,0
49,11,7,22,0,2,0,3,1,2,1,0,10,0,39,1,0,0,0,0,0,1,1,1,0,0,0,0,0,0,0.0,0.2041,0.0,0.7959,4.3312,0,2,0,0,0,2.8454,2,0
78,14,7,48,0,2,0,3,2,5,3,0,16,5,57,1,0,0,0,0,0,1,1,1,0,0,0,0,0,0,0.0641,0.2051,0.0,0.7308,4.6061,5,2,0,0,0,3.0391,3,0
26,11,8,0,0,1,0,3,0,0,0,0,5,1,20,0,0,0,0,0,0,0,1,0,1,0,0,1,0,0,0.0385,0.1923,0.0,0.7692,4.2578,1,2,0,0,0,3.4594,3,1
26,11,8,0,0,1,0,3,0,0,0,0,5,0,21,0,0,0,0,0,0,0,1,0,1,0,0,1,0,0,0.0,0.1923,0.0,0.8077,3.9022,0,2,0,0,0,3.0958,3,1
55,17,7,22,0,2,0,3,1,2,1,0,10,0,45,1,0,0,0,0,0,1,1,1,0,0,0,0,0,0,0.0,0.1818,0.0,0.8182,4.2134,0,2,0,0,0,3.3372,6,0
62,33,11,10,0,4,2,3,1,1,0,0,12,5,45,2,0,0,0,0,0,1,1,0,1,0,0,0,4,1,0.0806,0.1935,0.0323,0.7258,4.6754,5,2,0,0,1,4.0667,11,1
65,36,11,10,0,4,2,3,1,1,0,0,12,5,48,2,0,0,0,0,0,1,1,0,1,0,0,0,4,1,0.0769,0.1846,0.0308,0.7385,4.5257,5,2,0,0,1,3.8611,10,1
41,17,16,0,0,2,0,4,0,0,0,0,7,0,34,1,0,0,0,0,0,1,1,1,0,0,0,0,0,0,0.0,0.1707,0.0,0.8293,3.8699,0,2,0,0,0,3.4104,5,0
69,17,18,25,0,2,0,5,1,3,2,0,14,5,50,1,0,0,0,0,0,1,1,1,0,0,0,0,0,0,0.0725,0.2029,0.0,0.7246,4.4904,5,2,0,0,0,3.3372,6,0
72,54,11,0,0,2,5,3,0,0,0,0,11,0,61,0,0,0,0,0,1,1,1,0,1,0,0,0,4,1,0.0,0.1528,0.0694,0.8472,4.4252,0,3,0,0,1,4.1439,20,1
63,34,11,10,0,4,2,3,1,1,0,0,12,5,46,2,0,0,0,0,0,1,1,0,1,0,0,0,3,1,0.0794,0.1905,0.0317,0.7302,4.6677,5,2,0,0,1,4.0797,11,1
26,11,8,0,0,1,0,3,0,0,0,0,5,2,19,0,0,0,0,0,0,0,1,0,1,0,0,1,0,0,0.0769,0.1923,0.0,0.7308,4.2099,1,2,0,0,0,3.4594,3,1
58,38,13,0,0,4,2,3,0,0,0,0,10,0,48,2,0,0,0,0,0,1,1,0,1,0,0,0,3,1,0.0,0.1724,0.0345,0.8276,4.224,0,2,0,0,1,3.9907,13,1
73,23,16,25,0,2,0,4,1,3,2,0,13,5,55,1,0,0,0,0,0,1,1,1,0,0,0,0,0,0,0.0685,0.1781,0.0,0.7534,4.6227,5,2,0,0,0,3.5342,10,0
20,5,8,0,0,1,0,3,0,0,0,0,5,1,14,0,0,0,0,0,0,0,1,0,1,0,0,1,0,0,0.05,0.25,0.0,0.7,3.7464,1,2,0,0,0,2.3219,0,1
41,15,18,0,0,2,0,6,0,0,0,0,9,6,26,1,0,0,0,0,0,1,1,1,0,0,0,0,0,0,0.1463,0.2195,0.0,0.6341,4.0828,4,2,0,0,0,3.5069,4,0
44,11,25,0,0,2,1,4,0,0,0,0,8,8,28,1,0,0,0,0,0,1,1,1,0,0,0,0,0,0,0.1818,0.1818,0.0227,0.6364,4.4989,8,2,0,0,0,2.4817,1,0
40,14,18,0,0,2,0,4,0,0,0,0,7,0,33,1,0,0,0,0,0,1,1,1,0,0,0,0,0,0,0.0,0.175,0.0,0.825,4.0964,0,2,0,0,0,2.8963,4,0
76,13,33,17,0,4,2,4,1,1,0,0,15,20,41,0,0,0,0,0,0,1,1,0,1,1,1,0,2,1,0.2632,0.1974,0.0263,0.5395,4.6908,6,4,1,0,0,2.3535,0,1
63,43,13,0,0,4,2,3,0,0,0,0,10,0,53,2,0,0,0,0,0,1,1,0,1,0,0,0,3,1,0.0,0.1587,0.0317,0.8413,4.2504,0,2,0,0,1,3.9613,14,1
41,15,18,0,0,2,0,6,0,0,0,0,9,6,26,1,0,0,0,0,0,1,1,1,0,0,0,0,0,0,0.1463,0.2195,0.0,0.6341,4.0923,4,2,0,0,0,3.1899,4,0
67,17,16,25,0,2,0,4,1,3,2,0,13,5,49,1,0,0,0,0,0,1,1,1,0,0,0,0,0,0,0.0746,0.194,0.0,0.7313,4.6796,5,2,0,0,0,3.4992,5,0
59,41,11,0,0,2,5,3,0,0,0,0,11,0,48,0,0,0,0,0,1,1,1,0,1,0,0,0,4,1,0.0,0.1864,0.0847,0.8136,4.3681,0,3,0,0,1,4.1595,13,1
63,45,11,0,0,2,5,3,0,0,0,0,11,0,52,0,0,0,0,0,1,1,1,0,1,0,0,0,2,1,0.0,0.1746,0.0794,0.8254,4.3836,0,3,0,0,1,4.1255,14,1
70,50,13,0,0,4,3,3,0,0,0,0,11,0,59,2,0,0,0,0,0,1,1,0,1,0,0,0,3,1,0.0,0.1571,0.0429,0.8429,4.2469,0,2,0,0,1,3.8831,16,1
42,23,12,0,0,1,2,4,0,0,0,0,8,1,33,0,0,0,0,0,0,1,1,0,1,0,0,0,0,0,0.0238,0.1905,0.0476,0.7857,4.1659,1,2,0,0,0,3.741,8,1
51,16,1,25,0,2,0,3,1,3,2,0,12,5,34,1,0,0,0,0,0,1,1,1,0,0,0,0,0,0,0.098,0.2353,0.0,0.6667,4.7113,5,2,0,0,0,3.5778,4,0
46,20,18,0,0,2,0,6,0,0,0,0,9,6,31,1,0,0,0,0,0,1,1,1,0,0,0,0,0,0,0.1304,0.1957,0.0,0.6739,4.135,4,2,0,0,0,3.5464,6,0
54,11,18,17,0,4,0,4,1,1,0,0,12,14,28,0,0,0,0,0,0,1,1,0,1,1,0,0,2,1,0.2593,0.2222,0.0,0.5185,4.4889,6,3,1,0,0,2.6635,0,1
63,24,5,25,0,2,0,3,1,3,2,0,12,5,46,1,0,0,0,0,0,1,1,1,0,0,0,0,0,0,0.0794,0.1905,0.0,0.7302,4.576,5,2,0,0,0,3.5221,9,0
54,16,4,25,0,2,0,3,1,3,2,0,12,5,37,1,0,0,0,0,0,1,1,1,0,0,0,0,0,0,0.0926,0.2222,0.0,0.6852,4.5969,5,2,0,0,0,3.1556,5,0
50,12,4,25,0,3,0,3,1,3,2,0,13,5,32,2,0,0,0,0,0,1,1,1,0,0,0,0,0,0,0.1,0.26,0.0,0.64,4.7933,5,2,0,0,0,2.7925,3,0
59,45,7,0,0,3,3,4,0,0,0,0,11,0,48,2,0,0,0,0,0,1,1,0,1,0,0,0,3,1,0.0,0.1864,0.0508,0.8136,4.2408,0,2,0,0,1,3.9754,15,1
39,17,14,0,0,2,0,5,0,0,0,0,8,1,30,1,0,0,0,0,0,1,1,1,0,0,0,0,0,0,0.0256,0.2051,0.0,0.7692,3.914,1,2,0,0,0,3.4992,5,0
54,34,13,0,0,4,2,3,0,0,0,0,10,0,44,2,0,0,0,0,0,1,1,0,1,0,0,0,3,1,0.0,0.1852,0.037,0.8148,4.2429,0,2,0,0,1,3.8888,13,1
20,5,8,0,0,1,0,3,0,0,0,0,5,1,14,0,0,0,0,0,0,0,1,0,1,0,0,1,0,0,0.05,0.25,0.0,0.7,3.8842,1,2,0,0,0,2.3219,0,1
68,50,11,0,0,2,5,3,0,0,0,0,11,0,57,0,0,0,0,0,1,1,1,0,1,0,0,0,2,1,0.0,0.1618,0.0735,0.8382,4.2738,0,3,0,0,1,4.0371,17,1
60,31,11,10,0,4,1,3,1,1,0,0,11,5,44,2,0,0,0,0,0,1,1,0,1,0,0,0,2,1,0.0833,0.1833,0.0167,0.7333,4.457,5,2,0,0,1,3.8489,9,1
70,41,11,10,0,4,2,3,1,1,0,0,12,5,53,2,0,0,0,0,0,1,1,0,1,0,0,0,4,1,0.0714,0.1714,0.0286,0.7571,4.6364,5,2,0,0,1,4.0435,13,1
69,13,31,17,0,4,1,4,1,1,0,0,13,16,40,0,0,0,0,0,0,1,1,0,1,1,0,0,1,1,0.2319,0.1884,0.0145,0.5797,4.6862,6,3,1,0,0,3.027,0,1
20,5,8,0,0,1,0,3,0,0,0,0,5,2,13,0,0,0,0,0,0,0,1,0,1,0,0,1,0,0,0.1,0.25,0.0,0.65,3.8842,1,2,0,0,0,2.3219,1,1
53,15,7,22,0,2,0,3,1,2,1,0,10,0,43,1,0,0,0,0,0,1,1,1,0,0,0,0,1,1,0.0,0.1887,0.0,0.8113,4.2201,0,2,0,0,0,3.3736,5,0
28,14,6,0,0,2,0,3,0,0,0,0,6,0,22,1,0,0,0,0,0,1,1,1,0,0,0,0,0,0,0.0,0.2143,0.0,0.7857,3.7979,0,2,0,0,0,3.182,2,0
61,43,11,0,0,2,5,3,0,0,0,0,11,0,50,0,0,0,0,0,1,1,1,0,1,0,0,0,4,1,0.0,0.1803,0.082,0.8197,4.4574,0,3,0,0,1,4.2313,14,1
49,24,17,0,0,2,0,4,0,0,0,0,7,0,42,1,0,0,0,0,0,1,1,1,0,0,0,0,0,0,0.0,0.1429,0.0,0.8571,4.0508,0,2,0,0,0,3.5221,9,0
42,16,18,0,0,2,0,4,0,0,0,0,7,0,35,1,0,0,0,0,0,1,1,1,0,0,0,0,0,0,0.0,0.1667,0.0,0.8333,3.9847,0,2,0,0,0,3.25,5,0
62,33,11,10,0,4,2,3,1,1,0,0,12,5,45,2,0,0,0,0,0,1,1,0,1,0,0,0,3,1,0.0806,0.1935,0.0323,0.7258,4.5908,5,2,0,0,1,3.9226,10,1
51,11,33,0,0,3,2,5,0,0,0,0,11,8,32,0,0,0,0,0,0,1,1,0,1,1,0,0,3,1,0.1569,0.2157,0.0392,0.6275,4.4592,3,3,1,0,0,2.5949,0,1
64,44,13,0,0,4,3,3,0,0,0,0,11,0,53,2,0,0,0,0,0,1,1,0,1,0,0,0,3,1,0.0,0.1719,0.0469,0.8281,4.2288,0,2,0,0,1,3.8571,14,1
42,17,17,0,0,2,0,4,0,0,0,0,7,0,35,1,0,0,0,0,0,1,1,1,0,0,0,0,0,0,0.0,0.1667,0.0,0.8333,3.9371,0,2,0,0,0,3.4548,5,0
63,13,20,17,0,4,0,4,1,1,0,0,13,20,30,0,0,0,0,0,0,1,1,0,1,1,1,0,1,1,0.3175,0.2063,0.0,0.4762,4.6459,6,4,1,0,0,2.8151,0,1
37,11,18,0,0,1,0,6,0,0,0,0,8,6,23,0,0,0,0,0,0,1,1,1,0,0,0,0,0,0,0.1622,0.2162,0.0,0.6216,4.0264,4,2,0,0,0,3.2776,3,0
43,30,6,0,0,1,2,3,0,0,0,0,7,0,36,0,0,0,0,0,0,1,1,0,1,0,0,0,1,1,0.0,0.1628,0.0465,0.8372,4.1269,0,2,0,0,0,3.6981,9,1
56,14,8,25,0,2,0,3,1,3,2,0,12,5,39,1,0,0,0,0,0,1,1,1,0,0,0,0,0,0,0.0893,0.2143,0.0,0.6964,4.5993,5,2,0,0,0,3.5216,5,0
51,27,16,0,0,2,0,4,0,0,0,0,7,0,44,1,0,0,0,0,0,1,1,1,0,0,0,0,0,0,0.0,0.1373,0.0,0.8627,4.1403,0,2,0,0,0,3.7919,9,0
41,15,18,0,0,2,0,6,0,0,0,0,9,6,26,1,0,0,0,0,0,1,1,1,0,0,0,0,1,1,0.1463,0.2195,0.0,0.6341,4.034,4,2,0,0,0,3.5069,4,0
44,18,18,0,0,2,0,6,0,0,0,0,9,7,28,1,0,0,0,0,0,1,1,1,0,0,0,0,0,0,0.1591,0.2045,0.0,0.6364,4.0017,4,2,0,0,0,3.086,4,0
55,37,11,0,0,2,4,3,0,0,0,0,10,0,45,0,0,0,0,0,1,1,1,0,1,0,0,0,3,1,0.0,0.1818,0.0727,0.8182,4.4018,0,3,0,0,1,4.1008,13,1
64,44,13,0,0,4,3,3,0,0,0,0,11,0,53,2,0,0,0,0,0,1,1,0,1,0,0,0,4,1,0.0,0.1719,0.0469,0.8281,4.2948,0,2,0,0,1,3.9906,13,1
43,21,14,0,0,2,0,5,0,0,0,0,8,1,34,1,0,0,0,0,0,1,1,1,0,0,0,0,1,1,0.0233,0.186,0.0,0.7907,4.0491,1,2,0,0,0,3.5352,6,0
73,44,11,10,0,4,2,3,1,1,0,0,12,5,56,2,0,0,0,0,0,1,1,0,1,0,0,0,4,1,0.0685,0.1644,0.0274,0.7671,4.6787,5,2,0,0,1,4.2007,15,1
63,34,11,10,0,4,2,3,1,1,0,0,12,5,46,2,0,0,0,0,0,1,1,0,1,0,0,0,4,1,0.0794,0.1905,0.0317,0.7302,4.723,5,2,0,0,1,4.1973,9,1
31,17,6,0,0,2,0,3,0,0,0,0,6,0,25,1,0,0,0,0,0,1,1,1,0,0,0,0,0,0,0.0,0.1935,0.0,0.8065,3.7166,0,2,0,0,0,3.3372,6,0
60,10,16,25,0,1,0,4,1,3,2,0,12,5,43,0,0,0,0,0,0,1,1,1,0,0,0,0,0,0,0.0833,0.2,0.0,0.7167,4.5838,5,2,0,0,0,3.1219,2,0
61,41,13,0,0,4,2,3,0,0,0,0,10,0,51,2,0,0,0,0,0,1,1,0,1,0,0,0,2,1,0.0,0.1639,0.0328,0.8361,4.2497,0,2,0,0,1,3.9276,15,1
50,12,31,0,0,4,0,5,0,0,0,0,10,9,31,0,0,0,0,0,0,1,1,0,1,1,0,0,3,1,0.18,0.2,0.0,0.62,4.4142,3,3,1,0,0,2.5221,0,1
42,18,16,0,0,2,0,4,0,0,0,0,7,0,35,1,0,0,0,0,0,1,1,1,0,0,0,0,1,1,0.0,0.1667,0.0,0.8333,3.9332,0,2,0,0,0,3.4613,6,0
60,40,13,0,0,4,2,3,0,0,0,0,10,0,50,2,0,0,0,0,0,1,1,0,1,0,0,0,2,1,0.0,0.1667,0.0333,0.8333,4.2067,0,2,0,0,1,3.9373,14,1
41,17,16,0,0,2,0,4,0,0,0,0,7,0,34,1,0,0,0,0,0,1,1,1,0,0,0,0,0,0,0.0,0.1707,0.0,0.8293,3.8764,0,2,0,0,0,3.4548,4,0
75,46,11,10,0,4,3,3,1,1,0,0,13,5,57,2,0,0,0,0,0,1,1,0,1,0,0,0,3,1,0.0667,0.1733,0.04,0.76,4.5773,5,2,0,0,1,3.9474,13,1
32,16,8,0,0,2,0,3,0,0,0,0,6,0,26,1,0,0,0,0,0,1,1,1,0,0,0,0,0,0,0.0,0.1875,0.0,0.8125,4.1167,0,2,0,0,0,3.4528,4,0
48,23,17,0,0,2,0,4,0,0,0,0,7,0,41,1,0,0,0,0,0,1,1,1,0,0,0,0,0,0,0.0,0.1458,0.0,0.8542,4.1633,0,2,0,0,0,3.6425,8,0
26,11,8,0,0,1,0,3,0,0,0,0,5,2,19,0,0,0,0,0,0,0,1,0,1,0,0,1,0,0,0.0769,0.1923,0.0,0.7308,3.9791,1,2,0,0,0,3.0958,3,1
31,18,5,0,0,2,0,3,0,0,0,0,6,0,25,1,0,0,0,0,0,1,1,1,0,0,0,0,1,1,0.0,0.1935,0.0,0.8065,3.7844,0,2,0,0,0,3.4613,5,0
63,34,11,10,0,4,2,3,1,1,0,0,12,5,46,2,0,0,0,0,0,1,1,0,1,0,0,0,3,1,0.0794,0.1905,0.0317,0.7302,4.5844,5,2,0,0,1,3.9398,11,1
41,11,22,0,0,2,0,4,0,0,0,0,7,0,34,1,0,0,0,0,0,1,1,1,0,0,0,0,0,0,0.0,0.1707,0.0,0.8293,3.8668,0,2,0,0,0,2.8454,3,0
55,37,11,0,0,2,5,3,0,0,0,0,11,0,44,0,0,0,0,0,1,1,1,0,1,0,0,0,4,1,0.0,0.2,0.0909,0.8,4.3588,0,3,0,0,1,4.1726,12,1
48,22,18,0,0,2,0,6,0,0,0,0,9,6,33,1,0,0,0,0,0,1,1,1,0,0,0,0,0,0,0.125,0.1875,0.0,0.6875,4.2563,4,2,0,0,0,3.6069,8,0
32,16,8,0,0,2,0,3,0,0,0,0,6,0,26,1,0,0,0,0,0,1,1,1,0,0,0,0,0,0,0.0,0.1875,0.0,0.8125,4.0931,0,2,0,0,0,3.625,6,0
31,15,8,0,0,2,0,3,0,0,0,0,6,0,25,1,0,0,0,0,0,1,1,1,0,0,0,0,0,0,0.0,0.1935,0.0,0.8065,3.5263,0,2,0,0,0,3.0062,5,0
65,12,23,17,0,4,1,4,1,1,0,0,14,19,32,0,0,0,0,0,0,1,1,0,1,1,1,0,2,1,0.2923,0.2154,0.0154,0.4923,4.8334,6,4,1,0,0,2.6887,0,1
64,26,7,22,0,2,0,3,1,2,1,0,10,0,54,1,0,0,0,0,0,1,1,1,0,0,0,0,0,0,0.0,0.1562,0.0,0.8438,4.3046,0,2,0,0,0,3.6612,10,0
61,41,13,0,0,4,2,3,0,0,0,0,10,0,51,2,0,0,0,0,0,1,1,0,1,0,0,0,2,1,0.0,0.1639,0.0328,0.8361,4.2611,0,2,0,0,1,3.946,14,1
52,32,13,0,0,1,4,3,0,0,0,0,9,0,43,0,0,0,0,0,1,1,1,0,1,0,0,0,2,1,0.0,0.1731,0.0769,0.8269,4.498,0,3,0,0,1,4.1792,9,1
27,10,9,0,0,1,0,3,0,0,0,0,5,0,22,0,0,0,0,0,0,0,1,1,0,0,0,0,0,0,0.0,0.1852,0.0,0.8148,3.838,0,1,0,0,0,3.1219,2,0
51,13,7,22,0,2,0,3,1,2,1,0,10,0,41,1,0,0,0,0,0,1,1,1,0,0,0,0,0,0,0.0,0.1961,0.0,0.8039,4.1499,0,2,0,0,0,3.027,5,0
56,38,11,0,0,2,5,3,0,0,0,0,11,0,45,0,0,0,0,0,1,1,1,0,1,0,0,0,4,1,0.0,0.1964,0.0893,0.8036,4.361,0,3,0,0,1,4.1132,13,1
26,11,8,0,0,1,0,3,0,0,0,0,5,0,21,0,0,0,0,0,0,0,1,0,1,0,0,1,0,0,0.0,0.1923,0.0,0.8077,3.9022,0,2,0,0,0,3.0958,3,1
76,13,33,17,0,4,1,4,1,1,0,0,14,20,42,0,0,0,0,0,0,1,1,0,1,1,1,0,3,1,0.2632,0.1842,0.0132,0.5526,4.7021,6,4,1,0,0,2.4116,0,1
60,40,13,0,0,4,2,3,0,0,0,0,10,0,50,2,0,0,0,0,0,1,1,0,1,0,0,0,3,1,0.0,0.1667,0.0333,0.8333,4.1826,0,2,0,0,1,3.7776,14,1
60,40,13,0,0,4,2,3,0,0,0,0,10,0,50,2,0,0,0,0,0,1,1,0,1,0,0,0,3,1,0.0,0.1667,0.0333,0.8333,4.4232,0,2,0,0,1,4.1964,13,1
71,13,33,17,0,4,2,4,1,1,0,0,14,16,41,0,0,0,0,0,0,1,1,0,1,1,0,0,3,1,0.2254,0.1972,0.0282,0.5775,4.8696,6,3,1,0,0,2.8151,0,1
20,5,8,0,0,1,0,3,0,0,0,0,5,1,14,0,0,0,0,0,0,0,1,0,1,0,0,1,0,0,0.05,0.25,0.0,0.7,3.6842,1,2,0,0,0,2.3219,0,1
53,15,4,25,0,2,0,3,1,3,2,0,12,5,36,1,0,0,0,0,0,1,1,1,0,0,0,0,0,0,0.0943,0.2264,0.0,0.6792,4.584,5,2,0,0,0,3.0062,5,0
77,14,33,17,0,4,2,4,1,1,0,0,15,21,41,0,0,0,0,0,0,1,1,0,1,1,0,0,3,1,0.2727,0.1948,0.026,0.5325,4.7956,6,3,1,0,0,2.7885,0,1
41,17,16,0,0,2,0,4,0,0,0,0,7,0,34,1,0,0,0,0,0,1,1,1,0,0,0,0,1,1,0.0,0.1707,0.0,0.8293,3.7229,0,2,0,0,0,3.3816,5,0
69,13,26,17,0,4,1,4,1,1,0,0,14,20,35,0,0,0,0,0,0,1,1,0,1,1,1,0,2,1,0.2899,0.2029,0.0145,0.5072,4.8782,6,4,1,0,0,2.8151,0,1
39,14,17,0,0,2,0,4,0,0,0,0,7,0,32,1,0,0,0,0,0,1,1,1,0,0,0,0,0,0,0.0,0.1795,0.0,0.8205,3.871,0,2,0,0,0,3.0391,5,0
33,19,6,0,0,2,0,3,0,0,0,0,6,0,27,1,0,0,0,0,0,1,1,1,0,0,0,0,0,0,0.0,0.1818,0.0,0.8182,3.9455,0,2,0,0,0,3.6819,6,0
62,42,13,0,0,4,2,3,0,0,0,0,10,0,52,2,0,0,0,0,0,1,1,0,1,0,0,0,2,1,0.0,0.1613,0.0323,0.8387,4.0586,0,2,0,0,1,3.7603,14,1
72,14,24,25,0,2,0,6,1,3,2,0,15,11,46,1,0,0,0,0,0,1,1,1,0,0,0,0,0,0,0.1528,0.2083,0.0,0.6389,4.7754,5,2,0,0,0,3.182,6,0
56,36,13,0,0,4,2,3,0,0,0,0,10,0,46,2,0,0,0,0,0,1,1,0,1,0,0,0,4,1,0.0,0.1786,0.0357,0.8214,4.3118,0,2,0,0,1,4.0305,12,1
65,45,13,0,0,4,2,3,0,0,0,0,10,0,55,2,0,0,0,0,0,1,1,0,1,0,0,0,3,1,0.0,0.1538,0.0308,0.8462,4.3399,0,2,0,0,1,4.0724,17,1
65,47,11,0,0,2,5,3,0,0,0,0,11,0,54,0,0,0,0,0,1,1,1,0,1,0,0,0,2,1,0.0,0.1692,0.0769,0.8308,4.3666,0,3,0,0,1,4.0685,16,1
33,20,5,0,0,2,0,3,0,0,0,0,6,0,27,1,0,0,0,0,0,1,1,1,0,0,0,0,0,0,0.0,0.1818,0.0,0.8182,3.8849,0,2,0,0,0,3.4219,8,0
55,23,24,0,0,2,0,6,0,0,0,0,9,6,40,1,0,0,0,0,0,1,1,1,0,0,0,0,0,0,0.1091,0.1636,0.0,0.7273,4.5079,4,2,0,0,0,3.6425,10,0
39,13,18,0,0,1,0,5,0,0,0,0,7,1,31,0,0,0,0,0,0,1,1,1,0,0,0,0,0,0,0.0256,0.1795,0.0,0.7949,4.0704,1,2,0,0,0,3.027,3,0
65,36,11,10,0,4,2,3,1,1,0,0,12,5,48,2,0,0,0,0,0,1,1,0,1,0,0,0,4,1,0.0769,0.1846,0.0308,0.7385,4.4841,5,2,0,0,1,3.687,12,1
73,44,11,10,0,4,3,3,1,1,0,0,13,5,55,2,0,0,0,0,0,1,1,0,1,0,0,0,3,1,0.0685,0.1781,0.0411,0.7534,4.5394,5,2,0,0,1,3.755,13,1
27,10,9,0,0,1,0,3,0,0,0,0,5,0,22,0,0,0,0,0,0,0,1,1,0,0,0,0,0,0,0.0,0.1852,0.0,0.8148,3.7542,0,1,0,0,0,3.1219,4,0
54,36,11,0,0,2,4,3,0,0,0,0,10,0,44,0,0,0,0,0,1,1,1,0,1,0,0,0,3,1,0.0,0.1852,0.0741,0.8148,4.3819,0,3,0,0,1,4.128,11,1
65,45,13,0,0,4,3,3,0,0,0,0,11,0,54,2,0,0,0,0,0,1,1,0,1,0,0,0,3,1,0.0,0.1692,0.0462,0.8308,4.2454,0,2,0,0,1,3.8617,13,1
34,18,8,0,0,2,0,3,0,0,0,0,6,0,28,1,0,0,0,0,0,1,1,1,0,0,0,0,0,0,0.0,0.1765,0.0,0.8235,4.2195,0,2,0,0,0,3.5724,7,0
71,42,11,10,0,4,2,3,1,1,0,0,12,5,54,2,0,0,0,0,0,1,1,0,1,0,0,0,4,1,0.0704,0.169,0.0282,0.7606,4.6617,5,2,0,0,1,4.062,15,1
20,5,8,0,0,1,0,3,0,0,0,0,5,0,15,0,0,0,0,0,0,0,1,0,1,0,0,1,0,0,0.0,0.25,0.0,0.75,3.9842,0,2,0,0,0,2.3219,1,1
33,21,4,0,0,2,0,3,0,0,0,0,6,0,27,1,0,0,0,0,0,1,1,1,0,0,0,0,0,0,0.0,0.1818,0.0,0.8182,4.0179,0,2,0,0,0,3.4226,8,0
19,10,1,0,0,1,0,3,0,0,0,0,5,0,14,0,0,0,0,0,0,0,1,1,0,0,0,0,0,0,0.0,0.2632,0.0,0.7368,3.7474,0,1,0,0,0,3.3219,3,0
38,14,16,0,0,2,0,4,0,0,0,0,7,0,31,1,0,0,0,0,0,1,1,1,0,0,0,0,0,0,0.0,0.1842,0.0,0.8158,3.8828,0,2,0,0,0,3.0391,5,0
67,47,13,0,0,4,3,3,0,0,0,0,11,0,56,2,0,0,0,0,0,1,1,0,1,0,0,0,4,1,0.0,0.1642,0.0448,0.8358,4.2913,0,2,0,0,1,3.9263,15,1
62,33,11,10,0,4,2,3,1,1,0,0,12,5,45,2,0,0,0,0,0,1,1,0,1,0,0,0,3,1,0.0806,0.1935,0.0323,0.7258,4.605,5,2,0,0,1,3.9344,10,1
64,46,11,0,0,2,5,3,0,0,0,0,11,0,53,0,0,0,0,0,1,1,1,0,1,0,0,0,3,1,0.0,0.1719,0.0781,0.8281,4.3531,0,3,0,0,1,4.0459,15,1
64,13,26,17,0,4,1,4,1,1,0,0,13,16,35,0,0,0,0,0,0,1,1,0,1,1,0,0,3,1,0.25,0.2031,0.0156,0.5469,4.5951,6,3,1,0,0,2.6032,0,1
25,16,1,0,0,2,0,3,0,0,0,0,6,0,19,1,0,0,0,0,0,1,1,1,0,0,0,0,0,0,0.0,0.24,0.0,0.76,3.8333,0,2,0,0,0,3.1556,5,0
64,44,13,0,0,4,2,3,0,0,0,0,10,0,54,2,0,0,0,0,0,1,1,0,1,0,0,0,2,1,0.0,0.1562,0.0312,0.8438,4.3234,0,2,0,0,1,3.9846,16,1
67,38,11,10,0,4,2,3,1,1,0,0,12,5,50,2,0,0,0,0,0,1,1,0,1,0,0,0,3,1,0.0746,0.1791,0.0299,0.7463,4.5328,5,2,0,0,1,4.0433,11,1
19,4,8,0,0,1,0,3,0,0,0,0,5,0,14,0,0,0,0,0,0,0,1,0,1,0,0,1,0,0,0.0,0.2632,0.0,0.7368,3.5369,0,2,0,0,0,2.0,1,1
71,42,11,10,0,4,2,3,1,1,0,0,12,5,54,2,0,0,0,0,0,1,1,0,1,0,0,0,3,1,0.0704,0.169,0.0282,0.7606,4.5766,5,2,0,0,1,3.9964,12,1
39,15,16,0,0,2,0,4,0,0,0,0,7,0,32,1,0,0,0,0,0,1,1,1,0,0,0,0,0,0,0.0,0.1795,0.0,0.8205,4.0798,0,2,0,0,0,3.3232,4,0
37,23,6,0,0,2,0,3,0,0,0,0,6,0,31,1,0,0,0,0,0,1,1,1,0,0,0,0,0,0,0.0,0.1622,0.0,0.8378,4.1549,0,2,0,0,0,3.6425,10,0
58,38,13,0,0,4,2,3,0,0,0,0,10,0,48,2,0,0,0,0,0,1,1,0,1,0,0,0,4,1,0.0,0.1724,0.0345,0.8276,4.2659,0,2,0,0,1,3.8957,13,1
58,40,11,0,0,2,5,3,0,0,0,0,11,0,47,0,0,0,0,0,1,1,1,0,1,0,0,0,3,1,0.0,0.1897,0.0862,0.8103,4.319,0,3,0,0,1,4.0251,14,1
61,43,11,0,0,2,5,3,0,0,0,0,11,0,50,0,0,0,0,0,1,1,1,0,1,0,0,0,3,1,0.0,0.1803,0.082,0.8197,4.3735,0,3,0,0,1,4.0804,15,1
77,27,16,25,0,2,0,4,1,3,2,0,13,5,59,1,0,0,0,0,0,1,1,1,0,0,0,0,1,1,0.0649,0.1688,0.0,0.7662,4.6157,5,2,0,0,0,3.8101,11,0
68,39,11,10,0,4,2,3,1,1,0,0,12,5,51,2,0,0,0,0,0,1,1,0,1,0,0,0,3,1,0.0735,0.1765,0.0294,0.75,4.527,5,2,0,0,1,3.8434,12,1
61,12,24,17,0,4,0,4,1,1,0,0,12,15,34,0,0,0,0,0,0,1,1,0,1,1,0,0,2,1,0.2459,0.1967,0.0,0.5574,4.7949,6,3,1,0,0,2.3962,0,1
38,12,18,0,0,2,0,6,0,0,0,0,9,6,23,1,0,0,0,0,0,1,1,1,0,0,0,0,0,0,0.1579,0.2368,0.0,0.6053,4.0235,4,2,0,0,0,2.8554,3,0
24,15,1,0,0,2,0,3,0,0,0,0,6,0,18,1,0,0,0,0,0,1,1,1,0,0,0,0,0,0,0.0,0.25,0.0,0.75,3.8554,0,2,0,0,0,3.1899,5,0
48,24,16,0,0,2,0,4,0,0,0,0,7,0,41,1,0,0,0,0,0,1,1,1,0,0,0,0,0,0,0.0,0.1458,0.0,0.8542,4.1415,0,2,0,0,0,3.7202,9,0
62,14,14,25,0,2,0,5,1,3,2,0,14,6,42,1,0,0,0,0,0,1,1,1,0,0,0,0,0,0,0.0968,0.2258,0.0,0.6774,4.7828,5,2,0,0,0,3.182,3,0
63,43,13,0,0,4,2,3,0,0,0,0,10,0,53,2,0,0,0,0,0,1,1,0,1,0,0,0,2,1,0.0,0.1587,0.0317,0.8413,4.1846,0,2,0,0,1,3.8507,16,1
67,15,18,25,0,2,0,6,1,3,2,0,15,11,41,1,0,0,0,0,0,1,1,1,0,0,0,0,0,0,0.1642,0.2239,0.0,0.6119,4.5934,5,2,0,0,0,3.0566,5,0
26,11,8,0,0,1,0,3,0,0,0,0,5,0,21,0,0,0,0,0,0,0,1,0,1,0,0,1,0,0,0.0,0.1923,0.0,0.8077,3.8253,0,2,0,0,0,3.0958,3,1
59,41,11,0,0,2,4,3,0,0,0,0,10,0,49,0,0,0,0,0,1,1,1,0,1,0,0,0,3,1,0.0,0.1695,0.0678,0.8305,4.2214,0,3,0,0,1,3.8693,14,1
28,16,4,0,0,2,0,3,0,0,0,0,6,0,22,1,0,0,0,0,0,1,1,1,0,0,0,0,0,0,0.0,0.2143,0.0,0.7857,3.8693,0,2,0,0,0,3.3278,4,0
76,47,11,10,0,4,3,3,1,1,0,0,13,5,58,2,0,0,0,0,0,1,1,0,1,0,0,0,5,1,0.0658,0.1711,0.0395,0.7632,4.6576,5,2,0,0,1,4.1313,13,1
20,5,8,0,0,1,0,3,0,0,0,0,5,2,13,0,0,0,0,0,0,0,1,0,1,0,0,1,0,0,0.1,0.25,0.0,0.65,3.9842,2,2,0,0,0,2.3219,0,1
61,43,11,0,0,2,5,3,0,0,0,0,11,0,50,0,0,0,0,0,1,1,1,0,1,0,0,0,2,1,0.0,0.1803,0.082,0.8197,4.3179,0,3,0,0,1,3.985,14,1
69,40,11,10,0,4,2,3,1,1,0,0,12,5,52,2,0,0,0,0,0,1,1,0,1,0,0,0,2,1,0.0725,0.1739,0.029,0.7536,4.4904,5,2,0,0,1,3.8276,11,1
45,13,24,0,0,2,0,6,0,0,0,0,9,6,30,1,0,0,0,0,0,1,1,1,0,0,0,0,0,0,0.1333,0.2,0.0,0.6667,4.3304,4,2,0,0,0,3.0851,4,0
35,21,6,0,0,2,0,3,0,0,0,0,6,0,29,1,0,0,0,0,0,1,1,1,0,0,0,0,1,1,0.0,0.1714,0.0,0.8286,3.8214,0,2,0,0,0,3.5352,6,0
49,11,4,25,0,2,0,3,1,3,2,0,12,5,32,1,0,0,0,0,0,1,1,1,0,0,0,0,0,0,0.102,0.2449,0.0,0.6531,4.6089,5,2,0,0,0,3.0958,4,0
57,14,18,17,0,4,0,4,1,1,0,0,12,17,28,0,0,0,0,0,0,1,1,0,1,1,0,0,2,1,0.2982,0.2105,0.0,0.4912,4.4534,6,3,1,0,0,2.5567,0,1
44,20,16,0,0,2,0,4,0,0,0,0,7,0,37,1,0,0,0,0,0,1,1,1,0,0,0,0,0,0,0.0,0.1591,0.0,0.8409,3.9451,0,2,0,0,0,3.6219,8,0
68,17,17,25,0,2,0,4,1,3,2,0,13,5,50,1,0,0,0,0,0,1,1,1,0,0,0,0,0,0,0.0735,0.1912,0.0,0.7353,4.6259,5,2,0,0,0,3.4992,5,0
30,16,6,0,0,2,0,3,0,0,0,0,6,0,24,1,0,0,0,0,0,1,1,1,0,0,0,0,0,0,0.0,0.2,0.0,0.8,3.9899,0,2,0,0,0,3.4528,4,0
57,11,21,17,0,4,0,4,1,1,0,0,12,14,31,0,0,0,0,0,0,1,1,0,1,1,0,0,1,1,0.2456,0.2105,0.0,0.5439,4.5655,6,3,1,0,0,2.4817,0,1
57,7,16,25,0,1,0,4,1,3,2,0,12,5,40,0,0,0,0,0,0,1,1,1,0,0,0,0,0,0,0.0877,0.2105,0.0,0.7018,4.6507,5,2,0,0,0,2.8074,2,0
61,41,13,0,0,4,2,3,0,0,0,0,10,0,51,2,0,0,0,0,0,1,1,0,1,0,0,0,3,1,0.0,0.1639,0.0328,0.8361,4.2675,0,2,0,0,1,3.8907,15,1
63,43,13,0,0,4,2,3,0,0,0,0,10,0,53,2,0,0,0,0,0,1,1,0,1,0,0,0,4,1,0.0,0.1587,0.0317,0.8413,4.4451,0,2,0,0,1,4.2602,15,1
72,43,11,10,0,4,3,3,1,1,0,0,13,5,54,2,0,0,0,0,0,1,1,0,1,0,0,0,4,1,0.0694,0.1806,0.0417,0.75,4.5759,5,2,0,0,1,4.1581,12,1
20,5,8,0,0,1,0,3,0,0,0,0,5,1,14,0,0,0,0,0,0,0,1,0,1,0,0,1,0,0,0.05,0.25,0.0,0.7,3.8464,1,2,0,0,0,2.3219,0,1
66,15,21,17,0,4,0,4,1,1,0,0,13,22,31,0,0,0,0,0,0,1,1,0,1,1,1,0,1,1,0.3333,0.197,0.0,0.4697,4.6598,6,4,1,0,0,2.4729,0,1
31,18,5,0,0,2,0,3,0,0,0,0,6,0,25,1,0,0,0,0,0,1,1,1,0,0,0,0,1,1,0.0,0.1935,0.0,0.8065,3.7357,0,2,0,0,0,3.4613,5,0
44,18,18,0,0,2,0,4,0,0,0,0,7,0,37,1,0,0,0,0,0,1,1,1,0,0,0,0,0,0,0.0,0.1591,0.0,0.8409,4.0815,0,2,0,0,0,3.5724,7,0
19,4,8,0,0,1,0,3,0,0,0,0,5,1,13,0,0,0,0,0,0,0,1,0,1,0,0,1,0,0,0.0526,0.2632,0.0,0.6842,3.6421,1,2,0,0,0,2.0,1,1
63,34,11,10,0,4,2,3,1,1,0,0,12,5,46,2,0,0,0,0,0,1,1,0,1,0,0,0,3,1,0.0794,0.1905,0.0317,0.7302,4.4892,5,2,0,0,1,3.719,11,1
43,18,17,0,0,2,0,4,0,0,0,0,7,0,36,1,0,0,0,0,0,1,1,1,0,0,0,0,1,1,0.0,0.1628,0.0,0.8372,3.9209,0,2,0,0,0,3.4613,5,0
74,24,16,25,0,2,0,4,1,3,2,0,13,5,56,1,0,0,0,0,0,1,1,1,0,0,0,0,0,0,0.0676,0.1757,0.0,0.7568,4.5198,5,2,0,0,0,3.5221,9,0
59,41,11,0,0,2,5,3,0,0,0,0,11,0,48,0,0,0,0,0,1,1,1,0,1,0,0,0,4,1,0.0,0.1864,0.0847,0.8136,4.4293,0,3,0,0,1,4.1715,14,1
43,27,8,0,0,2,0,3,0,0,0,0,6,0,37,1,0,0,0,0,0,1,1,1,0,0,0,0,1,1,0.0,0.1395,0.0,0.8605,4.0248,0,2,0,0,0,3.736,10,0
60,40,13,0,0,4,2,3,0,0,0,0,10,0,50,2,0,0,0,0,0,1,1,0,1,0,0,0,3,1,0.0,0.1667,0.0333,0.8333,4.257,0,2,0,0,1,3.8842,14,1
38,14,16,0,0,2,0,4,0,0,0,0,7,0,31,1,0,0,0,0,0,1,1,1,0,0,0,0,0,0,0.0,0.1842,0.0,0.8158,3.9483,0,2,0,0,0,3.3249,3,0
63,34,11,10,0,4,2,3,1,1,0,0,12,5,46,2,0,0,0,0,0,1,1,0,1,0,0,0,4,1,0.0794,0.1905,0.0317,0.7302,4.7308,5,2,0,0,1,4.1973,10,1
53,10,9,25,0,1,0,3,1,3,2,0,11,5,37,0,0,0,0,0,0,1,1,1,0,0,0,0,0,0,0.0943,0.2075,0.0,0.6981,4.5339,5,2,0,0,0,3.1219,4,0
43,15,6,13,0,2,0,3,1,1,0,0,8,2,33,1,0,0,0,0,0,1,1,1,0,0,0,0,0,0,0.0465,0.186,0.0,0.7674,4.4258,1,2,0,0,0,3.1899,5,0
50,20,22,0,0,2,0,4,0,0,0,0,7,0,43,1,0,0,0,0,0,1,1,1,0,0,0,0,0,0,0.0,0.14,0.0,0.86,3.8922,0,2,0,0,0,3.5219,7,0
63,14,24,17,0,4,1,4,1,1,0,0,13,17,33,0,0,0,0,0,0,1,1,0,1,1,0,0,3,1,0.2698,0.2063,0.0159,0.5238,4.6501,6,3,1,0,0,2.5567,0,1
61,41,13,0,0,4,2,3,0,0,0,0,10,0,51,2,0,0,0,0,0,1,1,0,1,0,0,0,2,1,0.0,0.1639,0.0328,0.8361,4.1178,0,2,0,0,1,3.726,16,1
32,15,9,0,0,2,0,3,0,0,0,0,6,0,26,1,0,0,0,0,0,1,1,1,0,0,0,0,0,0,0.0,0.1875,0.0,0.8125,4.0153,0,2,0,0,0,3.3232,3,0
20,5,8,0,0,1,0,3,0,0,0,0,5,0,15,0,0,0,0,0,0,0,1,0,1,0,0,1,0,0,0.0,0.25,0.0,0.75,3.7464,0,2,0,0,0,2.3219,0,1
60,42,11,0,0,2,5,3,0,0,0,0,11,0,49,0,0,0,0,0,1,1,1,0,1,0,0,0,4,1,0.0,0.1833,0.0833,0.8167,4.2427,0,3,0,0,1,3.976,15,1
65,36,11,10,0,4,2,3,1,1,0,0,12,5,48,2,0,0,0,0,0,1,1,0,1,0,0,0,4,1,0.0769,0.1846,0.0308,0.7385,4.5801,5,2,0,0,1,4.0515,11,1
68,50,11,0,0,2,5,3,0,0,0,0,11,0,57,0,0,0,0,0,1,1,1,0,1,0,0,0,4,1,0.0,0.1618,0.0735,0.8382,4.2689,0,3,0,0,1,3.9865,16,1
34,18,8,0,0,2,0,3,0,0,0,0,6,0,28,1,0,0,0,0,0,1,1,1,0,0,0,0,0,0,0.0,0.1765,0.0,0.8235,3.7412,0,2,0,0,0,3.5724,5,0
59,18,8,24,0,2,0,3,1,3,2,0,12,4,43,1,0,0,0,0,0,1,1,1,0,0,0,0,0,0,0.0678,0.2034,0.0,0.7288,4.6488,4,2,0,0,0,3.4613,5,0
72,52,13,0,0,4,3,3,0,0,0,0,11,0,61,2,0,0,0,0,0,1,1,0,1,0,0,0,3,1,0.0,0.1528,0.0417,0.8472,4.2531,0,2,0,0,1,3.9188,17,1
47,15,24,0,0,2,0,6,0,0,0,0,9,6,32,1,0,0,0,0,0,1,1,1,0,0,0,0,0,0,0.1277,0.1915,0.0,0.6809,4.2932,4,2,0,0,0,3.3736,5,0
61,19,8,25,0,2,0,3,1,3,2,0,12,5,44,1,0,0,0,0,0,1,1,1,0,0,0,0,0,0,0.082,0.1967,0.0,0.7213,4.6638,5,2,0,0,0,3.5369,6,0
72,14,33,17,0,4,2,4,1,1,0,0,14,17,41,0,0,0,0,0,0,1,1,0,1,1,0,0,2,1,0.2361,0.1944,0.0278,0.5694,4.7828,6,3,1,0,0,2.7534,0,1
59,41,11,0,0,2,5,3,0,0,0,0,11,0,48,0,0,0,0,0,1,1,1,0,1,0,0,0,4,1,0.0,0.1864,0.0847,0.8136,4.4549,0,3,0,0,1,4.1531,13,1
26,11,8,0,0,1,0,3,0,0,0,0,5,2,19,0,0,0,0,0,0,0,1,0,1,0,0,1,0,0,0.0769,0.1923,0.0,0.7308,4.2578,1,2,0,0,0,3.4594,3,1
63,45,11,0,0,2,5,3,0,0,0,0,11,0,52,0,0,0,0,0,1,1,1,0,1,0,0,0,3,1,0.0,0.1746,0.0794,0.8254,4.36,0,3,0,0,1,4.0892,14,1
34,18,8,0,0,2,0,3,0,0,0,0,6,0,28,1,0,0,0,0,0,1,1,1,0,0,0,0,1,1,0.0,0.1765,0.0,0.8235,3.8192,0,2,0,0,0,3.4613,5,0
68,14,24,17,0,4,1,4,1,1,0,0,14,21,33,0,0,0,0,0,0,1,1,0,1,1,1,0,1,1,0.3088,0.2059,0.0147,0.4853,4.8096,6,4,1,0,0,2.8424,0,1
74,16,24,25,0,2,0,6,1,3,2,0,15,11,48,1,0,0,0,0,0,1,1,1,0,0,0,0,0,0,0.1486,0.2027,0.0,0.6486,4.666,5,2,0,0,0,3.2028,5,0
62,15,17,17,0,4,0,4,1,1,0,0,13,22,27,0,0,0,0,0,0,1,1,0,1,1,1,0,1,1,0.3548,0.2097,0.0,0.4355,4.4866,6,4,1,0,0,2.9232,0,1
75,46,11,10,0,4,3,3,1,1,0,0,13,5,57,2,0,0,0,0,0,1,1,0,1,0,0,0,4,1,0.0667,0.1733,0.04,0.76,4.7081,5,2,0,0,1,4.1727,11,1
79,15,7,48,0,2,0,3,2,5,3,0,16,5,58,1,0,0,0,0,0,1,1,1,0,0,0,0,0,0,0.0633,0.2025,0.0,0.7342,4.5287,5,2,0,0,0,3.0062,4,0
69,40,11,10,0,4,2,3,1,1,0,0,12,5,52,2,0,0,0,0,0,1,1,0,1,0,0,0,3,1,0.0725,0.1739,0.029,0.7536,4.5887,5,2,0,0,1,3.9685,14,1
64,44,13,0,0,4,2,3,0,0,0,0,10,0,54,2,0,0,0,0,0,1,1,0,1,0,0,0,2,1,0.0,0.1562,0.0312,0.8438,4.2563,0,2,0,0,1,3.928,14,1
27,18,1,0,0,2,0,3,0,0,0,0,6,0,21,1,0,0,0,0,0,1,1,1,0,0,0,0,1,1,0.0,0.2222,0.0,0.7778,3.7542,0,2,0,0,0,3.4613,6,0
56,10,38,0,0,1,0,6,0,0,0,0,8,9,39,0,0,0,0,0,0,1,1,1,0,0,0,0,0,0,0.1607,0.1429,0.0,0.6964,4.7334,9,2,0,0,0,3.3219,3,0
54,34,13,0,0,4,2,3,0,0,0,0,10,0,44,2,0,0,0,0,0,1,1,0,1,0,0,0,4,1,0.0,0.1852,0.037,0.8148,4.1877,0,2,0,0,1,3.716,12,1
60,40,13,0,0,4,2,3,0,0,0,0,10,0,50,2,0,0,0,0,0,1,1,0,1,0,0,0,3,1,0.0,0.1667,0.0333,0.8333,4.1509,0,2,0,0,1,3.7562,15,1
38,12,18,0,0,1,0,4,0,0,0,0,6,0,32,0,0,0,0,0,0,1,1,1,0,0,0,0,0,0,0.0,0.1579,0.0,0.8421,4.1029,0,2,0,0,0,3.4183,4,0
65,36,11,10,0,4,2,3,1,1,0,0,12,5,48,2,0,0,0,0,0,1,1,0,1,0,0,0,4,1,0.0769,0.1846,0.0308,0.7385,4.6401,5,2,0,0,1,4.0067,12,1
60,42,11,0,0,2,5,3,0,0,0,0,11,0,49,0,0,0,0,0,1,1,1,0,1,0,0,0,3,1,0.0,0.1833,0.0833,0.8167,4.405,0,3,0,0,1,4.1213,13,1
37,24,5,0,0,2,0,3,0,0,0,0,6,0,31,1,0,0,0,0,0,1,1,1,0,0,0,0,0,0,0.0,0.1622,0.0,0.8378,4.1318,0,2,0,0,0,3.6368,9,0
46,20,18,0,0,2,0,4,0,0,0,0,7,0,39,1,0,0,0,0,0,1,1,1,0,0,0,0,0,0,0.0,0.1522,0.0,0.8478,3.9273,0,2,0,0,0,3.5219,7,0
67,38,11,10,0,4,2,3,1,1,0,0,12,5,50,2,0,0,0,0,0,1,1,0,1,0,0,0,2,1,0.0746,0.1791,0.0299,0.7463,4.4594,5,2,0,0,1,3.9381,11,1
20,5,8,0,0,1,0,3,0,0,0,0,5,2,13,0,0,0,0,0,0,0,1,0,1,0,0,1,0,0,0.1,0.25,0.0,0.65,3.8842,1,2,0,0,0,2.3219,0,1
64,25,5,25,0,2,0,3,1,3,2,0,12,5,47,1,0,0,0,0,0,1,1,1,0,0,0,0,1,1,0.0781,0.1875,0.0,0.7344,4.7299,5,2,0,0,0,3.8439,7,0
65,13,18,25,0,1,0,5,1,3,2,0,13,6,46,0,0,0,0,0,0,1,1,1,0,0,0,0,0,0,0.0923,0.2,0.0,0.7077,4.641,5,2,0,0,0,3.027,3,0
58,38,13,0,0,4,2,3,0,0,0,0,10,0,48,2,0,0,0,0,0,1,1,0,1,0,0,0,2,1,0.0,0.1724,0.0345,0.8276,4.1432,0,2,0,0,1,3.8199,13,1
70,12,33,17,0,4,1,4,1,1,0,0,13,15,42,0,0,0,0,0,0,1,1,0,1,1,0,0,3,1,0.2143,0.1857,0.0143,0.6,4.8969,6,3,1,0,0,2.6258,0,1
73,55,11,0,0,2,5,3,0,0,0,0,11,0,62,0,0,0,0,0,1,1,1,0,1,0,0,0,4,1,0.0,0.1507,0.0685,0.8493,4.3881,0,3,0,0,1,4.1048,20,1
20,5,8,0,0,1,0,3,0,0,0,0,5,0,15,0,0,0,0,0,0,0,1,0,1,0,0,1,0,0,0.0,0.25,0.0,0.75,3.7464,0,2,0,0,0,2.3219,0,1
74,16,24,25,0,2,0,6,1,3,2,0,15,11,48,1,0,0,0,0,0,1,1,1,0,0,0,0,0,0,0.1486,0.2027,0.0,0.6486,4.8105,5,2,0,0,0,3.625,6,0
67,10,27,17,0,4,1,4,1,1,0,0,14,17,36,0,0,0,0,0,0,1,1,0,1,1,0,0,3,1,0.2537,0.209,0.0149,0.5373,4.6654,6,3,1,0,0,2.171,0,1
19,4,8,0,0,1,0,3,0,0,0,0,5,0,14,0,0,0,0,0,0,0,1,0,1,0,0,1,0,0,0.0,0.2632,0.0,0.7368,3.6421,0,2,0,0,0,2.0,1,1
56,38,11,0,0,2,4,3,0,0,0,0,10,0,46,0,0,0,0,0,1,1,1,0,1,0,0,0,3,1,0.0,0.1786,0.0714,0.8214,4.3471,0,3,0,0,1,3.9881,11,1
61,22,5,25,0,2,0,3,1,3,2,0,12,5,44,1,0,0,0,0,0,1,1,1,0,0,0,0,0,0,0.082,0.1967,0.0,0.7213,4.6287,5,2,0,0,0,3.6412,8,0
56,17,32,0,0,1,1,10,0,0,0,0,13,0,43,0,0,0,0,1,0,1,1,0,1,0,0,0,5,1,0.0,0.2321,0.0179,0.7679,4.1315,0,3,0,0,0,3.6169,6,1
62,44,11,0,0,2,5,3,0,0,0,0,11,0,51,0,0,0,0,0,1,1,1,0,1,0,0,0,4,1,0.0,0.1774,0.0806,0.8226,4.2285,0,3,0,0,1,3.9823,14,1
41,15,18,0,0,2,0,4,0,0,0,0,7,0,34,1,0,0,0,0,0,1,1,1,0,0,0,0,0,0,0.0,0.1707,0.0,0.8293,4.1435,0,2,0,0,0,3.0566,5,0
65,47,11,0,0,2,5,3,0,0,0,0,11,0,54,0,0,0,0,0,1,1,1,0,1,0,0,0,5,1,0.0,0.1692,0.0769,0.8308,4.4045,0,3,0,0,1,4.1153,17,1
60,40,13,0,0,4,2,3,0,0,0,0,10,0,50,2,0,0,0,0,0,1,1,0,1,0,0,0,3,1,0.0,0.1667,0.0333,0.8333,4.3172,0,2,0,0,1,3.966,13,1
51,19,24,0,0,2,0,6,0,0,0,0,9,6,36,1,0,0,0,0,0,1,1,1,0,0,0,0,1,1,0.1176,0.1765,0.0,0.7059,4.2599,4,2,0,0,0,3.5369,5,0
41,17,16,0,0,2,0,4,0,0,0,0,7,0,34,1,0,0,0,0,0,1,1,1,0,0,0,0,0,0,0.0,0.1707,0.0,0.8293,3.9788,0,2,0,0,0,3.2639,8,0
43,17,18,0,0,2,0,5,0,0,0,0,8,0,35,1,0,0,0,0,0,1,1,1,0,0,0,0,1,1,0.0,0.186,0.0,0.814,3.9674,0,2,0,0,0,3.3816,5,0
58,38,13,0,0,4,2,3,0,0,0,0,10,0,48,2,0,0,0,0,0,1,1,0,1,0,0,0,2,1,0.0,0.1724,0.0345,0.8276,4.2546,0,2,0,0,1,3.8328,14,1
56,13,18,17,0,4,0,4,1,1,0,0,12,16,28,0,0,0,0,0,0,1,1,0,1,1,0,0,2,1,0.2857,0.2143,0.0,0.5,4.4969,6,3,1,0,0,2.6612,0,1
82,18,7,48,0,2,0,3,2,5,3,0,16,5,61,1,0,0,0,0,0,1,1,1,0,0,0,0,0,0,0.061,0.1951,0.0,0.7439,4.5049,5,2,0,0,0,3.1972,6,0
53,33,13,0,0,4,2,3,0,0,0,0,10,0,43,2,0,0,0,0,0,1,1,0,1,0,0,0,3,1,0.0,0.1887,0.0377,0.8113,4.2982,0,2,0,0,1,3.9603,11,1
60,42,11,0,0,2,5,3,0,0,0,0,11,0,49,0,0,0,0,0,1,1,1,0,1,0,0,0,3,1,0.0,0.1833,0.0833,0.8167,4.4111,0,3,0,0,1,4.1213,14,1
50,15,1,25,0,2,0,3,1,3,2,0,12,5,33,1,0,0,0,0,0,1,1,1,0,0,0,0,0,0,0.1,0.24,0.0,0.66,4.6937,5,2,0,0,0,3.3232,4,0
19,4,8,0,0,1,0,3,0,0,0,0,5,1,13,0,0,0,0,0,0,0,1,0,1,0,0,1,0,0,0.0526,0.2632,0.0,0.6842,3.3264,1,2,0,0,0,2.0,1,1
58,29,11,10,0,4,1,3,1,1,0,0,11,5,42,2,0,0,0,0,0,1,1,0,1,0,0,0,3,1,0.0862,0.1897,0.0172,0.7241,4.5565,5,2,0,0,1,3.9952,8,1
62,33,11,10,0,4,2,3,1,1,0,0,12,5,45,2,0,0,0,0,0,1,1,0,1,0,0,0,3,1,0.0806,0.1935,0.0323,0.7258,4.5464,5,2,0,0,1,4.0061,11,1
26,11,8,0,0,1,0,3,0,0,0,0,5,1,20,0,0,0,0,0,0,0,1,0,1,0,0,1,0,0,0.0385,0.1923,0.0,0.7692,3.9022,1,2,0,0,0,3.0958,3,1
61,19,8,25,0,2,0,3,1,3,2,0,12,5,44,1,0,0,0,0,0,1,1,1,0,0,0,0,1,1,0.082,0.1967,0.0,0.7213,4.5863,5,2,0,0,0,3.5766,6,0
67,16,17,25,0,2,0,4,1,3,2,0,13,5,49,1,0,0,0,0,0,1,1,1,0,0,0,0,0,0,0.0746,0.194,0.0,0.7313,4.6126,5,2,0,0,0,3.1556,5,0
64,46,11,0,0,2,5,3,0,0,0,0,11,0,53,0,0,0,0,0,1,1,1,0,1,0,0,0,2,1,0.0,0.1719,0.0781,0.8281,4.3802,0,3,0,0,1,4.1456,15,1
19,4,8,0,0,1,0,3,0,0,0,0,5,0,14,0,0,0,0,0,0,0,1,0,1,0,0,1,0,0,0.0,0.2632,0.0,0.7368,3.7474,0,2,0,0,0,2.0,1,1
20,11,1,0,0,1,0,3,0,0,0,0,5,0,15,0,0,0,0,0,0,0,1,1,0,0,0,0,0,0,0.0,0.25,0.0,0.75,3.5464,0,1,0,0,0,3.0958,4,0
68,18,17,24,0,2,0,4,1,3,2,0,13,4,51,1,0,0,0,0,0,1,1,1,0,0,0,0,0,0,0.0588,0.1912,0.0,0.75,4.5801,4,2,0,0,0,3.5724,5,0
20,5,8,0,0,1,0,3,0,0,0,0,5,2,13,0,0,0,0,0,0,0,1,0,1,0,0,1,0,0,0.1,0.25,0.0,0.65,3.9842,1,2,0,0,0,2.3219,0,1
26,11,8,0,0,1,0,3,0,0,0,0,5,1,20,0,0,0,0,0,0,0,1,0,1,0,0,1,0,0,0.0385,0.1923,0.0,0.7692,3.7343,1,2,0,0,0,3.0958,3,1
80,51,11,10,0,4,2,3,1,1,0,0,12,5,63,2,0,0,0,0,0,1,1,0,1,0,0,0,3,1,0.0625,0.15,0.025,0.7875,4.635,5,2,0,0,1,4.0399,18,1
65,47,11,0,0,2,5,3,0,0,0,0,11,0,54,0,0,0,0,0,1,1,1,0,1,0,0,0,3,1,0.0,0.1692,0.0769,0.8308,4.3591,0,3,0,0,1,4.0949,16,1
72,16,22,25,0,3,0,4,1,3,2,0,14,5,53,2,0,0,0,0,0,1,1,1,0,0,0,0,1,1,0.0694,0.1944,0.0,0.7361,4.5448,5,2,0,0,0,3.3278,5,0
59,41,11,0,0,2,5,3,0,0,0,0,11,0,48,0,0,0,0,0,1,1,1,0,1,0,0,0,3,1,0.0,0.1864,0.0847,0.8136,4.109,0,3,0,0,1,3.8116,15,1
34,18,8,0,0,2,0,3,0,0,0,0,6,0,28,1,0,0,0,0,0,1,1,1,0,0,0,0,0,0,0.0,0.1765,0.0,0.8235,4.1019,0,2,0,0,0,3.0169,5,0
35,21,6,0,0,2,0,3,0,0,0,0,6,0,29,1,0,0,0,0,0,1,1,1,0,0,0,0,0,0,0.0,0.1714,0.0,0.8286,3.9189,0,2,0,0,0,3.6304,7,0
51,17,1,24,0,2,0,3,1,3,2,0,12,4,35,1,0,0,0,0,0,1,1,1,0,0,0,0,0,0,0.0784,0.2353,0.0,0.6863,4.508,4,2,0,0,0,3.3372,6,0
56,14,8,25,0,1,0,3,1,3,2,0,11,5,40,0,0,0,0,0,0,1,1,1,0,0,0,0,0,0,0.0893,0.1964,0.0,0.7143,4.6638,5,2,0,0,0,3.3788,5,0
49,31,11,0,0,2,4,3,0,0,0,0,10,0,39,0,0,0,0,0,1,1,1,0,1,0,0,0,3,1,0.0,0.2041,0.0816,0.7959,4.1559,0,3,0,0,1,3.8213,12,1
49,25,16,0,0,2,0,4,0,0,0,0,7,0,42,1,0,0,0,0,0,1,1,1,0,0,0,0,2,1,0.0,0.1429,0.0,0.8571,4.0917,0,2,0,0,0,3.8635,9,0
57,13,19,17,0,4,0,4,1,1,0,0,12,16,29,0,0,0,0,0,0,1,1,0,1,1,0,0,2,1,0.2807,0.2105,0.0,0.5088,4.5,6,3,1,0,0,2.5654,0,1
61,18,9,25,0,2,0,3,1,3,2,0,12,5,44,1,0,0,0,0,0,1,1,1,0,0,0,0,1,1,0.082,0.1967,0.0,0.7213,4.5638,5,2,0,0,0,3.3502,5,0
63,34,11,10,0,4,2,3,1,1,0,0,12,5,46,2,0,0,0,0,0,1,1,0,1,0,0,0,3,1,0.0794,0.1905,0.0317,0.7302,4.5481,5,2,0,0,1,3.962,10,1
55,17,7,22,0,2,0,3,1,2,1,0,10,0,45,1,0,0,0,0,0,1,1,1,0,0,0,0,0,0,0.0,0.1818,0.0,0.8182,4.2568,0,2,0,0,0,3.4548,6,0
58,15,18,17,0,4,0,4,1,1,0,0,12,18,28,0,0,0,0,0,0,1,1,0,1,1,0,0,1,1,0.3103,0.2069,0.0,0.4828,4.3897,6,3,1,0,0,2.2389,0,1
72,24,14,25,0,2,0,5,1,3,2,0,14,6,52,1,0,0,0,0,0,1,1,1,0,0,0,0,0,0,0.0833,0.1944,0.0,0.7222,4.712,5,2,0,0,0,3.6368,9,0
41,25,8,0,0,2,0,3,0,0,0,0,6,0,35,1,0,0,0,0,0,1,1,1,0,0,0,0,2,1,0.0,0.1463,0.0,0.8537,4.0132,0,2,0,0,0,3.8635,9,0
26,11,8,0,0,1,0,3,0,0,0,0,5,1,20,0,0,0,0,0,0,0,1,0,1,0,0,1,0,0,0.0385,0.1923,0.0,0.7692,4.056,1,2,0,0,0,3.0958,3,1
70,13,27,17,0,4,1,4,1,1,0,0,14,20,36,0,0,0,0,0,0,1,1,0,1,1,1,0,3,1,0.2857,0.2,0.0143,0.5143,4.7011,6,4,1,0,0,2.5654,0,1
69,51,11,0,0,2,5,3,0,0,0,0,11,0,58,0,0,0,0,0,1,1,1,0,1,0,0,0,3,1,0.0,0.1594,0.0725,0.8406,4.4745,0,3,0,0,1,4.146,18,1
69,12,27,17,0,4,1,4,1,1,0,0,14,19,36,0,0,0,0,0,0,1,1,0,1,1,0,0,1,1,0.2754,0.2029,0.0145,0.5217,4.7333,6,3,1,0,0,2.7925,0,1
67,12,25,17,0,4,1,4,1,1,0,0,14,19,34,0,0,0,0,0,0,1,1,0,1,1,1,0,2,1,0.2836,0.209,0.0149,0.5075,4.7932,6,4,1,0,0,2.6258,0,1
40,14,18,0,0,2,0,5,0,0,0,0,8,0,32,1,0,0,0,0,0,1,1,1,0,0,0,0,0,0,0.0,0.2,0.0,0.8,4.0348,0,2,0,0,0,2.9852,4,0
58,22,28,0,0,2,0,6,0,0,0,0,10,11,37,1,0,0,0,0,0,1,1,1,0,0,0,0,0,0,0.1897,0.1724,0.0,0.6379,4.496,7,2,0,0,0,3.4251,8,0
66,46,13,0,0,4,2,3,0,0,0,0,10,0,56,2,0,0,0,0,0,1,1,0,1,0,0,0,4,1,0.0,0.1515,0.0303,0.8485,4.2412,0,2,0,0,1,3.9553,17,1
59,17,8,25,0,2,0,3,1,3,2,0,12,5,42,1,0,0,0,0,0,1,1,1,0,0,0,0,0,0,0.0847,0.2034,0.0,0.7119,4.5372,5,2,0,0,0,3.4992,5,0
42,12,22,0,0,3,0,4,0,0,0,0,8,0,34,2,0,0,0,0,0,1,1,1,0,0,0,0,0,0,0.0,0.1905,0.0,0.8095,3.9395,0,2,0,0,0,2.7925,3,0
38,17,13,0,0,2,1,5,0,0,0,0,9,0,29,1,0,0,0,0,0,1,1,1,0,0,0,0,0,0,0.0,0.2368,0.0263,0.7632,4.0933,0,2,0,0,0,3.3372,5,0
50,24,18,0,0,2,0,4,0,0,0,0,7,0,43,1,0,0,0,0,0,1,1,1,0,0,0,0,0,0,0.0,0.14,0.0,0.86,4.0811,0,2,0,0,0,3.7406,7,0
71,13,33,17,0,4,1,4,1,1,0,0,13,16,42,0,0,0,0,0,0,1,1,0,1,1,0,0,3,1,0.2254,0.1831,0.0141,0.5915,4.7726,6,3,1,0,0,2.4493,0,1
70,12,33,17,0,4,1,4,1,1,0,0,13,15,42,0,0,0,0,0,0,1,1,0,1,1,0,0,3,1,0.2143,0.1857,0.0143,0.6,4.8894,6,3,1,0,0,2.3962,0,1
48,22,18,0,0,2,0,6,0,0,0,0,9,6,33,1,0,0,0,0,0,1,1,1,0,0,0,0,0,0,0.125,0.1875,0.0,0.6875,4.298,4,2,0,0,0,3.6978,6,0
31,18,5,0,0,2,0,3,0,0,0,0,6,0,25,1,0,0,0,0,0,1,1,1,0,0,0,0,1,1,0.0,0.1935,0.0,0.8065,3.8245,0,2,0,0,0,3.4613,6,0
65,45,13,0,0,4,2,3,0,0,0,0,10,0,55,2,0,0,0,0,0,1,1,0,1,0,0,0,3,1,0.0,0.1538,0.0308,0.8462,4.2225,0,2,0,0,1,3.9133,17,1
51,33,11,0,0,2,4,3,0,0,0,0,10,0,41,0,0,0,0,0,1,1,1,0,1,0,0,0,2,1,0.0,0.1961,0.0784,0.8039,4.2283,0,3,0,0,1,3.9455,11,1
62,13,24,17,0,4,1,4,1,1,0,0,13,16,33,0,0,0,0,0,0,1,1,0,1,1,0,0,2,1,0.2581,0.2097,0.0161,0.5323,4.7442,6,3,1,0,0,2.7193,0,1
72,43,11,10,0,4,2,3,1,1,0,0,12,5,55,2,0,0,0,0,0,1,1,0,1,0,0,0,4,1,0.0694,0.1667,0.0278,0.7639,4.668,5,2,0,0,1,4.1467,14,1
20,5,8,0,0,1,0,3,0,0,0,0,5,1,14,0,0,0,0,0,0,0,1,0,1,0,0,1,0,0,0.05,0.25,0.0,0.7,3.9842,1,2,0,0,0,2.3219,0,1
29,13,8,0,0,1,0,3,0,0,0,0,5,0,24,0,0,0,0,0,0,0,1,1,0,0,0,0,0,0,0.0,0.1724,0.0,0.8276,3.9228,0,1,0,0,0,3.3347,6,0
56,13,18,17,0,4,0,4,1,1,0,0,12,16,28,0,0,0,0,0,0,1,1,0,1,1,0,0,2,1,0.2857,0.2143,0.0,0.5,4.6106,6,3,1,0,0,2.6612,0,1
25,16,1,0,0,2,0,3,0,0,0,0,6,0,19,1,0,0,0,0,0,1,1,1,0,0,0,0,0,0,0.0,0.24,0.0,0.76,3.8333,0,2,0,0,0,3.1556,5,0
72,24,14,25,0,2,0,5,1,3,2,0,14,6,52,1,0,0,0,0,0,1,1,1,0,0,0,0,0,0,0.0833,0.1944,0.0,0.7222,4.646,5,2,0,0,0,3.6368,9,0
29,12,9,0,0,2,0,3,0,0,0,0,6,0,23,1,0,0,0,0,0,1,1,1,0,0,0,0,0,0,0.0,0.2069,0.0,0.7931,3.7159,0,2,0,0,0,2.8554,3,0
62,20,8,25,0,2,0,3,1,3,2,0,12,5,45,1,0,0,0,0,0,1,1,1,0,0,0,0,0,0,0.0806,0.1935,0.0,0.7258,4.7018,5,2,0,0,0,3.3087,6,0
41,15,18,0,0,2,0,4,0,0,0,0,7,0,34,1,0,0,0,0,0,1,1,1,0,0,0,0,0,0,0.0,0.1707,0.0,0.8293,3.9644,0,2,0,0,0,3.5069,6,0
21,6,8,0,0,1,0,3,0,0,0,0,5,1,15,0,0,0,0,0,0,0,1,0,1,0,0,1,0,0,0.0476,0.2381,0.0,0.7143,3.5945,1,2,0,0,0,2.585,1,1
39,15,16,0,0,2,0,4,0,0,0,0,7,0,32,1,0,0,0,0,0,1,1,1,0,0,0,0,0,0,0.0,0.1795,0.0,0.8205,3.9966,0,2,0,0,0,3.0566,5,0
68,39,11,10,0,4,2,3,1,1,0,0,12,5,51,2,0,0,0,0,0,1,1,0,1,0,0,0,3,1,0.0735,0.1765,0.0294,0.75,4.526,5,2,0,0,1,3.9553,10,1
19,10,1,0,0,1,0,3,0,0,0,0,5,0,14,0,0,0,0,0,0,0,1,1,0,0,0,0,0,0,0.0,0.2632,0.0,0.7368,3.8924,0,1,0,0,0,3.3219,3,0
38,14,16,0,0,2,0,4,0,0,0,0,7,0,31,1,0,0,0,0,0,1,1,1,0,0,0,0,0,0,0.0,0.1842,0.0,0.8158,4.0106,0,2,0,0,0,3.0391,3,0
65,13,27,17,0,4,1,4,1,1,0,0,13,16,36,0,0,0,0,0,0,1,1,0,1,1,0,0,3,1,0.2462,0.2,0.0154,0.5538,4.6498,6,3,1,0,0,2.5654,0,1
20,5,8,0,0,1,0,3,0,0,0,0,5,1,14,0,0,0,0,0,0,0,1,0,1,0,0,1,0,0,0.05,0.25,0.0,0.7,3.6842,1,2,0,0,0,2.3219,1,1
65,13,27,17,0,4,1,4,1,1,0,0,13,16,36,0,0,0,0,0,0,1,1,0,1,1,0,0,3,1,0.2462,0.2,0.0154,0.5538,4.8067,6,3,1,0,0,2.8151,0,1
28,9,11,0,0,1,0,3,0,0,0,0,5,0,23,0,0,0,0,0,0,0,1,1,0,0,0,0,0,0,0.0,0.1786,0.0,0.8214,3.8424,0,1,0,0,0,2.7255,4,0
26,11,8,0,0,1,0,3,0,0,0,0,5,1,20,0,0,0,0,0,0,0,1,0,1,0,0,1,0,0,0.0385,0.1923,0.0,0.7692,4.2578,1,2,0,0,0,3.4594,3,1
60,18,8,25,0,2,0,3,1,3,2,0,12,5,43,1,0,0,0,0,0,1,1,1,0,0,0,0,1,1,0.0833,0.2,0.0,0.7167,4.5396,5,2,0,0,0,3.3502,5,0
26,17,1,0,0,2,0,3,0,0,0,0,6,0,20,1,0,0,0,0,0,1,1,1,0,0,0,0,0,0,0.0,0.2308,0.0,0.7692,3.8441,0,2,0,0,0,3.1751,4,0
34,10,16,0,0,1,0,4,0,0,0,0,6,0,28,0,0,0,0,0,0,1,1,1,0,0,0,0,0,0,0.0,0.1765,0.0,0.8235,3.8222,0,2,0,0,0,3.1219,4,0
26,11,8,0,0,1,0,3,0,0,0,0,5,3,18,0,0,0,0,0,0,0,1,0,1,0,0,1,0,0,0.1154,0.1923,0.0,0.6923,4.3347,2,2,0,0,0,3.4594,3,1
34,18,8,0,0,2,0,3,0,0,0,0,6,0,28,1,0,0,0,0,0,1,1,1,0,0,0,0,0,0,0.0,0.1765,0.0,0.8235,4.0912,0,2,0,0,0,3.5724,7,0
41,11,22,0,0,1,0,4,0,0,0,0,6,0,35,0,0,0,0,0,0,1,1,1,0,0,0,0,0,0,0.0,0.1463,0.0,0.8537,3.7116,0,2,0,0,0,3.0958,4,0
37,21,8,0,0,2,0,3,0,0,0,0,6,0,31,1,0,0,0,0,0,1,1,1,0,0,0,0,1,1,0.0,0.1622,0.0,0.8378,4.0237,0,2,0,0,0,3.6538,8,0
44,12,24,0,0,2,0,6,0,0,0,0,9,6,29,1,0,0,0,0,0,1,1,1,0,0,0,0,0,0,0.1364,0.2045,0.0,0.6591,4.2656,4,2,0,0,0,3.2516,4,0
21,6,8,0,0,1,0,3,0,0,0,0,5,1,15,0,0,0,0,0,0,0,1,0,1,0,0,1,0,0,0.0476,0.2381,0.0,0.7143,3.6897,1,2,0,0,0,2.585,1,1
64,15,24,17,0,4,0,4,1,1,0,0,12,18,34,0,0,0,0,0,0,1,1,0,1,1,0,0,2,1,0.2812,0.1875,0.0,0.5312,4.7791,6,3,1,0,0,2.5232,0,1
59,17,8,25,0,2,0,3,1,3,2,0,12,5,42,1,0,0,0,0,0,1,1,1,0,0,0,0,0,0,0.0847,0.2034,0.0,0.7119,4.6209,5,2,0,0,0,3.4548,5,0
53,14,5,25,0,2,0,3,1,3,2,0,12,5,36,1,0,0,0,0,0,1,1,1,0,0,0,0,0,0,0.0943,0.2264,0.0,0.6792,4.6236,5,2,0,0,0,3.3249,3,0
31,14,9,0,0,2,0,3,0,0,0,0,6,0,25,1,0,0,0,0,0,1,1,1,0,0,0,0,0,0,0.0,0.1935,0.0,0.8065,4.0181,0,2,0,0,0,3.3788,4,0
59,39,13,0,0,4,2,3,0,0,0,0,10,0,49,2,0,0,0,0,0,1,1,0,1,0,0,0,3,1,0.0,0.1695,0.0339,0.8305,4.3404,0,2,0,0,1,3.9898,13,1
60,40,13,0,0,4,2,3,0,0,0,0,10,0,50,2,0,0,0,0,0,1,1,0,1,0,0,0,3,1,0.0,0.1667,0.0333,0.8333,4.3237,0,2,0,0,1,4.0087,13,1
72,14,33,17,0,4,1,4,1,1,0,0,13,17,42,0,0,0,0,0,0,1,1,0,1,1,0,0,2,1,0.2361,0.1806,0.0139,0.5833,4.8502,6,3,1,0,0,3.1281,0,1
62,12,25,17,0,4,1,4,1,1,0,0,13,15,34,0,0,0,0,0,0,1,1,0,1,1,0,0,2,1,0.2419,0.2097,0.0161,0.5484,4.6718,6,3,1,0,0,2.8554,0,1
68,50,11,0,0,2,6,3,0,0,0,0,12,0,56,0,0,0,0,0,1,1,1,0,1,0,0,0,5,1,0.0,0.1765,0.0882,0.8235,4.3384,0,3,0,0,1,4.066,14,1
59,17,8,25,0,2,0,3,1,3,2,0,12,5,42,1,0,0,0,0,0,1,1,1,0,0,0,0,0,0,0.0847,0.2034,0.0,0.7119,4.6322,5,2,0,0,0,3.2195,6,0
60,42,11,0,0,2,5,3,0,0,0,0,11,0,49,0,0,0,0,0,1,1,1,0,1,0,0,0,3,1,0.0,0.1833,0.0833,0.8167,4.2852,0,3,0,0,1,3.9464,15,1
72,43,11,10,0,4,2,3,1,1,0,0,12,5,55,2,0,0,0,0,0,1,1,0,1,0,0,0,4,1,0.0694,0.1667,0.0278,0.7639,4.5572,5,2,0,0,1,4.0362,15,1
62,33,11,10,0,4,2,3,1,1,0,0,12,5,45,2,0,0,0,0,0,1,1,0,1,0,0,0,3,1,0.0806,0.1935,0.0323,0.7258,4.6156,5,2,0,0,1,3.9832,10,1
68,39,11,10,0,4,2,3,1,1,0,0,12,5,51,2,0,0,0,0,0,1,1,0,1,0,0,0,3,1,0.0735,0.1765,0.0294,0.75,4.622,5,2,0,0,1,4.0411,11,1
60,42,11,0,0,2,5,3,0,0,0,0,11,0,49,0,0,0,0,0,1,1,1,0,1,0,0,0,4,1,0.0,0.1833,0.0833,0.8167,4.1652,0,3,0,0,1,3.8988,14,1
73,14,29,17,0,4,1,4,1,1,0,0,14,21,38,0,0,0,0,0,0,1,1,0,1,1,1,0,1,1,0.2877,0.1918,0.0137,0.5205,4.638,6,4,1,0,0,2.8424,0,1
74,18,22,25,0,2,0,4,1,3,2,0,13,5,56,1,0,0,0,0,0,1,1,1,0,0,0,0,0,0,0.0676,0.1757,0.0,0.7568,4.4293,5,2,0,0,0,3.1972,6,0
20,5,8,0,0,1,0,3,0,0,0,0,5,3,12,0,0,0,0,0,0,0,1,0,1,0,0,1,0,0,0.15,0.25,0.0,0.6,3.7464,3,2,0,0,0,2.3219,0,1
41,15,18,0,0,2,0,4,0,0,0,0,7,0,34,1,0,0,0,0,0,1,1,1,0,0,0,0,0,0,0.0,0.1707,0.0,0.8293,4.1988,0,2,0,0,0,3.6402,5,0
20,5,8,0,0,1,0,3,0,0,0,0,5,2,13,0,0,0,0,0,0,0,1,0,1,0,0,1,0,0,0.1,0.25,0.0,0.65,3.8842,1,2,0,0,0,2.3219,1,1
51,19,24,0,0,2,0,6,0,0,0,0,9,6,36,1,0,0,0,0,0,1,1,1,0,0,0,0,0,0,0.1176,0.1765,0.0,0.7059,4.3775,4,2,0,0,0,3.4316,6,0
62,44,11,0,0,2,5,3,0,0,0,0,11,0,51,0,0,0,0,0,1,1,1,0,1,0,0,0,2,1,0.0,0.1774,0.0806,0.8226,4.3187,0,3,0,0,1,4.0166,14,1
36,10,18,0,0,1,0,5,0,0,0,0,7,0,29,0,0,0,0,0,0,1,1,1,0,0,0,0,0,0,0.0,0.1944,0.0,0.8056,3.9694,0,2,0,0,0,3.3219,4,0
20,5,8,0,0,1,0,3,0,0,0,0,5,0,15,0,0,0,0,0,0,0,1,0,1,0,0,1,0,0,0.0,0.25,0.0,0.75,3.9842,0,2,0,0,0,2.3219,1,1
43,17,18,0,0,2,0,5,0,0,0,0,8,0,35,1,0,0,0,0,0,1,1,1,0,0,0,0,0,0,0.0,0.186,0.0,0.814,4.0055,0,2,0,0,0,3.3372,6,0
56,14,8,25,0,2,0,3,1,3,2,0,12,5,39,1,0,0,0,0,0,1,1,1,0,0,0,0,0,0,0.0893,0.2143,0.0,0.6964,4.6638,5,2,0,0,0,2.8963,4,0
20,5,8,0,0,1,0,3,0,0,0,0,5,1,14,0,0,0,0,0,0,0,1,0,1,0,0,1,0,0,0.05,0.25,0.0,0.7,3.9842,1,2,0,0,0,2.3219,1,1
54,14,6,25,0,2,0,3,1,3,2,0,12,5,37,1,0,0,0,0,0,1,1,1,0,0,0,0,0,0,0.0926,0.2222,0.0,0.6852,4.708,5,2,0,0,0,3.3249,3,0
53,12,16,17,0,4,0,4,1,1,0,0,12,15,26,0,0,0,0,0,0,1,1,0,1,1,0,0,1,1,0.283,0.2264,0.0,0.4906,4.5246,6,3,1,0,0,2.6887,0,1
68,20,14,25,0,2,0,5,1,3,2,0,14,6,48,1,0,0,0,0,0,1,1,1,0,0,0,0,1,1,0.0882,0.2059,0.0,0.7059,4.5395,5,2,0,0,0,3.5219,6,0
59,17,8,25,0,2,0,3,1,3,2,0,12,5,42,1,0,0,0,0,0,1,1,1,0,0,0,0,0,0,0.0847,0.2034,0.0,0.7119,4.6049,5,2,0,0,0,3.4104,5,0
38,21,9,0,0,2,0,3,0,0,0,0,6,0,32,1,0,0,0,0,0,1,1,1,0,0,0,0,0,0,0.0,0.1579,0.0,0.8421,3.8489,0,2,0,0,0,3.4226,8,0
68,25,9,25,0,2,0,3,1,3,2,0,12,5,51,1,0,0,0,0,0,1,1,1,0,0,0,0,2,1,0.0735,0.1765,0.0,0.75,4.6404,5,2,0,0,0,3.8635,9,0
56,27,11,10,0,4,1,3,1,1,0,0,11,5,40,2,0,0,0,0,0,1,1,0,1,0,0,0,3,1,0.0893,0.1964,0.0179,0.7143,4.5104,5,2,0,0,1,3.8842,9,1
43,16,19,0,0,2,0,4,0,0,0,0,8,0,35,1,0,0,0,0,0,1,1,1,0,0,0,0,0,0,0.0,0.186,0.0,0.814,4.2199,0,2,0,0,0,3.4528,7,0
49,19,22,0,0,2,0,4,0,0,0,0,7,0,42,1,0,0,0,0,0,1,1,1,0,0,0,0,0,0,0.0,0.1429,0.0,0.8571,3.9284,0,2,0,0,0,3.5111,7,0
69,40,11,10,0,4,2,3,1,1,0,0,12,5,52,2,0,0,0,0,0,1,1,0,1,0,0,0,3,1,0.0725,0.1739,0.029,0.7536,4.6144,5,2,0,0,1,3.9842,12,1
70,18,18,25,0,3,0,6,1,3,2,0,16,11,43,2,0,0,0,0,0,1,1,1,0,0,0,0,0,0,0.1571,0.2286,0.0,0.6143,4.827,5,2,0,0,0,3.5305,7,0
44,19,17,0,0,2,0,4,0,0,0,0,7,0,37,1,0,0,0,0,0,1,1,1,0,0,0,0,1,1,0.0,0.1591,0.0,0.8409,3.9689,0,2,0,0,0,3.5369,5,0
62,42,13,0,0,4,2,3,0,0,0,0,10,0,52,2,0,0,0,0,0,1,1,0,1,0,0,0,2,1,0.0,0.1613,0.0323,0.8387,4.1656,0,2,0,0,1,3.6962,15,1
65,13,18,25,0,1,0,5,1,3,2,0,13,5,47,0,0,0,0,0,0,1,1,1,0,0,0,0,0,0,0.0769,0.2,0.0,0.7231,4.5371,5,2,0,0,0,3.027,4,0
65,13,27,17,0,4,1,4,1,1,0,0,13,16,36,0,0,0,0,0,0,1,1,0,1,1,0,0,3,1,0.2462,0.2,0.0154,0.5538,4.7395,6,3,1,0,0,2.6612,0,1
67,38,11,10,0,4,2,3,1,1,0,0,12,5,50,2,0,0,0,0,0,1,1,0,1,0,0,0,4,1,0.0746,0.1791,0.0299,0.7463,4.4696,5,2,0,0,1,3.7802,12,1
36,12,16,0,0,2,0,4,0,0,0,0,7,0,29,1,0,0,0,0,0,1,1,1,0,0,0,0,0,0,0.0,0.1944,0.0,0.8056,4.107,0,2,0,0,0,3.2516,3,0
42,20,14,0,0,2,0,5,0,0,0,0,8,1,33,1,0,0,0,0,0,1,1,1,0,0,0,0,0,0,0.0238,0.1905,0.0,0.7857,4.062,1,2,0,0,0,3.3842,8,0
61,43,11,0,0,2,5,3,0,0,0,0,11,0,50,0,0,0,0,0,1,1,1,0,1,0,0,0,4,1,0.0,0.1803,0.082,0.8197,4.143,0,3,0,0,1,3.7729,15,1
58,11,17,17,0,4,0,4,1,1,0,0,13,18,27,0,0,0,0,0,0,1,1,0,1,1,0,0,2,1,0.3103,0.2241,0.0,0.4655,4.5583,6,3,1,0,0,2.4131,0,1
59,15,19,17,0,4,0,4,1,1,0,0,12,18,29,0,0,0,0,0,0,1,1,0,1,1,0,0,2,1,0.3051,0.2034,0.0,0.4915,4.5033,6,3,1,0,0,2.7899,0,1
66,14,18,25,0,2,0,5,1,3,2,0,14,5,47,1,0,0,0,0,0,1,1,1,0,0,0,0,0,0,0.0758,0.2121,0.0,0.7121,4.6255,5,2,0,0,0,3.5216,5,0
60,40,13,0,0,4,2,3,0,0,0,0,10,0,50,2,0,0,0,0,0,1,1,0,1,0,0,0,2,1,0.0,0.1667,0.0333,0.8333,4.2696,0,2,0,0,1,4.0087,13,1
39,13,18,0,0,1,0,5,0,0,0,0,7,0,32,0,0,0,0,0,0,1,1,1,0,0,0,0,0,0,0.0,0.1795,0.0,0.8205,4.0359,0,2,0,0,0,3.3347,6,0
43,19,16,0,0,1,0,4,0,0,0,0,6,0,37,0,0,0,0,0,0,1,1,1,0,0,0,0,0,0,0.0,0.1395,0.0,0.8605,4.2573,0,2,0,0,0,3.5369,8,0
68,50,11,0,0,2,5,3,0,0,0,0,11,0,57,0,0,0,0,0,1,1,1,0,1,0,0,0,4,1,0.0,0.1618,0.0735,0.8382,4.3875,0,3,0,0,1,4.1244,18,1
67,10,24,24,0,1,0,6,1,3,2,0,14,10,43,0,0,0,0,0,0,1,1,1,0,0,0,0,0,0,0.1493,0.209,0.0,0.6418,4.728,4,2,0,0,0,3.1219,3,0
60,42,11,0,0,2,4,3,0,0,0,0,10,0,50,0,0,0,0,0,1,1,1,0,1,0,0,0,3,1,0.0,0.1667,0.0667,0.8333,4.3947,0,3,0,0,1,4.1183,15,1
39,15,16,0,0,2,0,4,0,0,0,0,7,0,32,1,0,0,0,0,0,1,1,1,0,0,0,0,0,0,0.0,0.1795,0.0,0.8205,3.8746,0,2,0,0,0,2.7899,5,0
32,15,9,0,0,2,0,3,0,0,0,0,6,0,26,1,0,0,0,0,0,1,1,1,0,0,0,0,0,0,0.0,0.1875,0.0,0.8125,4.1167,0,2,0,0,0,3.1899,4,0
20,5,8,0,0,1,0,3,0,0,0,0,5,3,12,0,0,0,0,0,0,0,1,0,1,0,0,1,0,0,0.15,0.25,0.0,0.6,3.6842,1,2,0,0,0,2.3219,0,1
65,45,13,0,0,4,3,3,0,0,0,0,11,0,54,2,0,0,0,0,0,1,1,0,1,0,0,0,4,1,0.0,0.1692,0.0462,0.8308,4.3587,0,2,0,0,1,4.0774,13,1
67,18,16,24,0,2,0,4,1,3,2,0,13,4,50,1,0,0,0,0,0,1,1,1,0,0,0,0,0,0,0.0597,0.194,0.0,0.7463,4.5468,4,2,0,0,0,3.0169,5,0
37,15,14,0,0,2,0,5,0,0,0,0,8,1,28,1,0,0,0,0,0,1,1,1,0,0,0,0,0,0,0.027,0.2162,0.0,0.7568,4.0981,1,2,0,0,0,3.3232,5,0
63,45,11,0,0,2,5,3,0,0,0,0,11,0,52,0,0,0,0,0,1,1,1,0,1,0,0,0,2,1,0.0,0.1746,0.0794,0.8254,4.3065,0,3,0,0,1,3.9668,16,1
34,18,8,0,0,2,0,3,0,0,0,0,6,0,28,1,0,0,0,0,0,1,1,1,0,0,0,0,0,0,0.0,0.1765,0.0,0.8235,3.9957,0,2,0,0,0,3.5724,7,0
39,13,18,0,0,1,0,4,0,0,0,0,6,0,33,0,0,0,0,0,0,1,1,1,0,0,0,0,0,0,0.0,0.1538,0.0,0.8462,4.0259,0,2,0,0,0,3.3347,6,0
48,22,18,0,0,2,0,5,0,0,0,0,8,0,40,1,0,0,0,0,0,1,1,1,0,0,0,0,0,0,0.0,0.1667,0.0,0.8333,4.2522,0,2,0,0,0,3.6978,6,0
69,15,24,17,0,4,1,4,1,1,0,0,14,22,33,0,0,0,0,0,0,1,1,0,1,1,0,0,1,1,0.3188,0.2029,0.0145,0.4783,4.6658,6,3,1,0,0,2.6566,0,1
63,34,11,10,0,4,2,3,1,1,0,0,12,5,46,2,0,0,0,0,0,1,1,0,1,0,0,0,5,1,0.0794,0.1905,0.0317,0.7302,4.6298,5,2,0,0,1,4.1163,11,1
29,12,9,0,0,1,0,3,0,0,0,0,5,0,24,0,0,0,0,0,0,0,1,1,0,0,0,0,0,0,0.0,0.1724,0.0,0.8276,3.7454,0,1,0,0,0,3.4183,4,0
47,15,24,0,0,2,0,6,0,0,0,0,9,6,32,1,0,0,0,0,0,1,1,1,0,0,0,0,0,0,0.1277,0.1915,0.0,0.6809,4.2346,4,2,0,0,0,3.1899,4,0
65,14,26,17,0,4,1,4,1,1,0,0,13,17,35,0,0,0,0,0,0,1,1,0,1,1,0,0,2,1,0.2615,0.2,0.0154,0.5385,4.6633,6,3,1,0,0,2.6106,0,1
36,10,18,0,0,1,0,5,0,0,0,0,7,0,29,0,0,0,0,0,0,1,1,1,0,0,0,0,0,0,0.0,0.1944,0.0,0.8056,3.983,0,2,0,0,0,2.9219,3,0
53,21,24,0,0,2,0,6,0,0,0,0,9,6,38,1,0,0,0,0,0,1,1,1,0,0,0,0,0,0,0.1132,0.1698,0.0,0.717,4.4157,4,2,0,0,0,3.5945,5,0
54,43,4,0,0,1,4,3,0,0,0,0,9,0,45,0,0,0,0,0,1,1,1,0,1,0,0,0,5,1,0.0,0.1667,0.0741,0.8333,4.2198,0,3,0,0,1,4.0452,13,1
57,37,13,0,0,4,2,3,0,0,0,0,10,0,47,2,0,0,0,0,0,1,1,0,1,0,0,0,3,1,0.0,0.1754,0.0351,0.8246,4.1663,0,2,0,0,1,3.787,12,1
55,14,16,17,0,4,0,4,1,1,0,0,12,17,26,0,0,0,0,0,0,1,1,0,1,1,0,0,1,1,0.3091,0.2182,0.0,0.4727,4.5628,6,3,1,0,0,2.6106,0,1
46,20,18,0,0,2,0,4,0,0,0,0,7,0,39,1,0,0,0,0,0,1,1,1,0,0,0,0,0,0,0.0,0.1522,0.0,0.8478,4.0414,0,2,0,0,0,3.3842,8,0
59,30,11,10,0,4,1,3,1,1,0,0,11,5,43,2,0,0,0,0,0,1,1,0,1,0,0,0,1,1,0.0847,0.1864,0.0169,0.7288,4.4677,5,2,0,0,1,3.8062,9,1
20,5,8,0,0,1,0,3,0,0,0,0,5,1,14,0,0,0,0,0,0,0,1,0,1,0,0,1,0,0,0.05,0.25,0.0,0.7,3.8842,1,2,0,0,0,2.3219,1,1
59,39,13,0,0,4,2,3,0,0,0,0,10,0,49,2,0,0,0,0,0,1,1,0,1,0,0,0,3,1,0.0,0.1695,0.0339,0.8305,4.1854,0,2,0,0,1,3.8166,13,1
48,22,18,0,0,2,0,5,0,0,0,0,8,0,40,1,0,0,0,0,0,1,1,1,0,0,0,0,1,1,0.0,0.1667,0.0,0.8333,4.2624,0,2,0,0,0,3.6292,8,0
52,14,7,22,0,2,0,3,1,2,1,0,10,0,42,1,0,0,0,0,0,1,1,1,0,0,0,0,0,0,0.0,0.1923,0.0,0.8077,4.2602,0,2,0,0,0,3.3249,4,0
65,14,26,17,0,4,1,4,1,1,0,0,13,17,35,0,0,0,0,0,0,1,1,0,1,1,0,0,3,1,0.2615,0.2,0.0154,0.5385,4.7763,6,3,1,0,0,2.3527,0,1
68,39,11,10,0,4,2,3,1,1,0,0,12,5,51,2,0,0,0,0,0,1,1,0,1,0,0,0,2,1,0.0735,0.1765,0.0294,0.75,4.499,5,2,0,0,1,3.7115,13,1
57,15,8,25,0,2,0,3,1,3,2,0,12,5,40,1,0,0,0,0,0,1,1,1,0,0,0,0,0,0,0.0877,0.2105,0.0,0.7018,4.6174,5,2,0,0,0,3.0566,5,0
68,50,11,0,0,2,5,3,0,0,0,0,11,0,57,0,0,0,0,0,1,1,1,0,1,0,0,0,4,1,0.0,0.1618,0.0735,0.8382,4.4145,0,3,0,0,1,4.1333,18,1
28,12,8,0,0,2,0,3,0,0,0,0,6,0,22,1,0,0,0,0,0,1,1,1,0,0,0,0,0,0,0.0,0.2143,0.0,0.7857,3.7674,0,2,0,0,0,3.2516,4,0
56,38,11,0,0,2,5,3,0,0,0,0,11,0,45,0,0,0,0,0,1,1,1,0,1,0,0,0,5,1,0.0,0.1964,0.0893,0.8036,4.2644,0,3,0,0,1,4.1062,12,1
57,14,18,17,0,4,0,4,1,1,0,0,12,17,28,0,0,0,0,0,0,1,1,0,1,1,0,0,1,1,0.2982,0.2105,0.0,0.4912,4.5168,6,3,1,0,0,2.4956,0,1
40,14,18,0,0,2,0,5,0,0,0,0,8,0,32,1,0,0,0,0,0,1,1,1,0,0,0,0,0,0,0.0,0.2,0.0,0.8,3.866,0,2,0,0,0,3.0391,5,0
53,11,34,0,0,1,0,5,0,0,0,0,7,19,27,0,0,0,0,0,0,1,1,1,0,0,0,0,0,0,0.3585,0.1321,0.0,0.5094,4.5955,19,2,0,0,0,3.0272,3,0
42,16,18,0,0,2,0,6,0,0,0,0,9,6,27,1,0,0,0,0,0,1,1,1,0,0,0,0,0,0,0.1429,0.2143,0.0,0.6429,4.2728,4,2,0,0,0,3.4528,4,0
20,5,8,0,0,1,0,3,0,0,0,0,5,2,13,0,0,0,0,0,0,0,1,0,1,0,0,1,0,0,0.1,0.25,0.0,0.65,3.7464,1,2,0,0,0,2.3219,1,1
25,16,1,0,0,2,0,3,0,0,0,0,6,0,19,1,0,0,0,0,0,1,1,1,0,0,0,0,0,0,0.0,0.24,0.0,0.76,4.0235,0,2,0,0,0,3.4528,4,0
73,15,33,17,0,4,1,4,1,1,0,0,13,18,42,0,0,0,0,0,0,1,1,0,1,1,0,0,3,1,0.2466,0.1781,0.0137,0.5753,4.8608,6,3,1,0,0,2.7396,0,1
30,16,6,0,0,2,0,3,0,0,0,0,6,0,24,1,0,0,0,0,0,1,1,1,0,0,0,0,0,0,0.0,0.2,0.0,0.8,4.0566,0,2,0,0,0,3.4528,5,0
36,14,14,0,0,1,0,5,0,0,0,0,7,1,28,0,0,0,0,0,0,1,1,1,0,0,0,0,0,0,0.0278,0.1944,0.0,0.7778,4.0833,1,2,0,0,0,3.3788,5,0
26,11,8,0,0,1,0,3,0,0,0,0,5,0,21,0,0,0,0,0,0,0,1,0,1,0,0,1,0,0,0.0,0.1923,0.0,0.8077,3.8441,0,2,0,0,0,3.0958,3,1
60,48,5,0,0,1,5,3,0,0,0,0,10,0,50,0,0,0,0,0,1,1,1,0,1,0,0,0,7,1,0.0,0.1667,0.0833,0.8333,4.1046,0,3,0,0,1,3.9235,15,1
40,15,17,0,0,2,0,4,0,0,0,0,7,0,33,1,0,0,0,0,0,1,1,1,0,0,0,0,0,0,0.0,0.175,0.0,0.825,4.0128,0,2,0,0,0,3.1899,5,0
56,36,13,0,0,4,2,3,0,0,0,0,10,0,46,2,0,0,0,0,0,1,1,0,1,0,0,0,2,1,0.0,0.1786,0.0357,0.8214,4.182,0,2,0,0,1,3.8638,12,1
39,23,8,0,0,2,0,3,0,0,0,0,6,0,33,1,0,0,0,0,0,1,1,1,0,0,0,0,0,0,0.0,0.1538,0.0,0.8462,4.0772,0,2,0,0,0,3.6425,8,0
54,25,11,10,0,4,1,3,1,1,0,0,11,5,38,2,0,0,0,0,0,1,1,0,1,0,0,0,3,1,0.0926,0.2037,0.0185,0.7037,4.4348,5,2,0,0,1,3.7533,9,1
34,18,8,0,0,2,0,3,0,0,0,0,6,0,28,1,0,0,0,0,0,1,1,1,0,0,0,0,1,1,0.0,0.1765,0.0,0.8235,3.7382,0,2,0,0,0,3.3083,4,0
39,15,16,0,0,2,0,4,0,0,0,0,7,0,32,1,0,0,0,0,0,1,1,1,0,0,0,0,1,1,0.0,0.1795,0.0,0.8205,4.0798,0,2,0,0,0,3.5069,4,0
67,19,14,25,0,2,0,5,1,3,2,0,14,6,47,1,0,0,0,0,0,1,1,1,0,0,0,0,1,1,0.0896,0.209,0.0,0.7015,4.6781,5,2,0,0,0,3.5766,6,0
57,39,11,0,0,2,5,3,0,0,0,0,11,0,46,0,0,0,0,0,1,1,1,0,1,0,0,0,3,1,0.0,0.193,0.0877,0.807,4.1241,0,3,0,0,1,3.7821,14,1
62,15,17,17,0,4,0,4,1,1,0,0,13,22,27,0,0,0,0,0,0,1,1,0,1,1,1,0,1,1,0.3548,0.2097,0.0,0.4355,4.5003,6,4,1,0,0,2.2892,0,1
42,12,22,0,0,2,0,4,0,0,0,0,7,0,35,1,0,0,0,0,0,1,1,1,0,0,0,0,0,0,0.0,0.1667,0.0,0.8333,4.026,0,2,0,0,0,3.2516,3,0
42,16,18,0,0,3,0,4,0,0,0,0,8,0,34,2,0,0,0,0,0,1,1,1,0,0,0,0,0,0,0.0,0.1905,0.0,0.8095,4.0144,0,2,0,0,0,2.9056,5,0
65,45,13,0,0,4,2,3,0,0,0,0,10,0,55,2,0,0,0,0,0,1,1,0,1,0,0,0,2,1,0.0,0.1538,0.0308,0.8462,4.2476,0,2,0,0,1,3.9332,14,1
20,5,8,0,0,1,0,3,0,0,0,0,5,1,14,0,0,0,0,0,0,0,1,0,1,0,0,1,0,0,0.05,0.25,0.0,0.7,3.6842,1,2,0,0,0,2.3219,0,1
62,42,13,0,0,4,3,3,0,0,0,0,11,0,51,2,0,0,0,0,0,1,1,0,1,0,0,0,4,1,0.0,0.1774,0.0484,0.8226,4.2804,0,2,0,0,1,3.9988,13,1
21,6,8,0,0,1,0,3,0,0,0,0,5,0,16,0,0,0,0,0,0,0,1,0,1,0,0,1,0,0,0.0,0.2381,0.0,0.7619,3.8442,0,2,0,0,0,2.585,1,1
38,12,18,0,0,3,0,6,0,0,0,0,10,6,22,2,0,0,0,0,0,1,1,1,0,0,0,0,0,0,0.1579,0.2632,0.0,0.5789,4.1287,4,2,0,0,0,2.7925,3,0
57,39,11,0,0,2,5,3,0,0,0,0,11,0,46,0,0,0,0,0,1,1,1,0,1,0,0,0,3,1,0.0,0.193,0.0877,0.807,4.2336,0,3,0,0,1,3.9998,13,1
58,29,11,10,0,4,1,3,1,1,0,0,11,5,42,2,0,0,0,0,0,1,1,0,1,0,0,0,1,1,0.0862,0.1897,0.0172,0.7241,4.4633,5,2,0,0,1,3.6075,9,1
64,21,9,25,0,2,0,3,1,3,2,0,12,6,46,1,0,0,0,0,0,1,1,1,0,0,0,0,1,1,0.0938,0.1875,0.0,0.7188,4.6781,5,2,0,0,0,3.4992,5,0
58,38,13,0,0,4,2,3,0,0,0,0,10,0,48,2,0,0,0,0,0,1,1,0,1,0,0,0,3,1,0.0,0.1724,0.0345,0.8276,4.2891,0,2,0,0,1,4.096,12,1
67,12,30,17,0,4,1,4,1,1,0,0,13,15,39,0,0,0,0,0,0,1,1,0,1,1,0,0,3,1,0.2239,0.194,0.0149,0.5821,4.7633,6,3,1,0,0,2.4591,0,1
32,16,8,0,0,3,0,3,0,0,0,0,7,0,25,2,0,0,0,0,0,1,1,1,0,0,0,0,1,1,0.0,0.2188,0.0,0.7812,3.7067,0,2,0,0,0,3.3278,5,0
49,17,24,0,0,2,0,6,0,0,0,0,9,6,34,1,0,0,0,0,0,1,1,1,0,0,0,0,1,1,0.1224,0.1837,0.0,0.6939,4.1953,4,2,0,0,0,3.4992,5,0
59,41,11,0,0,2,5,3,0,0,0,0,11,0,48,0,0,0,0,0,1,1,1,0,1,0,0,0,3,1,0.0,0.1864,0.0847,0.8136,4.3532,0,3,0,0,1,4.05,14,1
61,43,11,0,0,2,5,3,0,0,0,0,11,0,50,0,0,0,0,0,1,1,1,0,1,0,0,0,3,1,0.0,0.1803,0.082,0.8197,4.2858,0,3,0,0,1,3.9873,15,1
73,44,11,10,0,4,2,3,1,1,0,0,12,5,56,2,0,0,0,0,0,1,1,0,1,0,0,0,3,1,0.0685,0.1644,0.0274,0.7671,4.5862,5,2,0,0,1,3.9108,13,1
42,18,16,0,0,2,0,4,0,0,0,0,7,0,35,1,0,0,0,0,0,1,1,1,0,0,0,0,1,1,0.0,0.1667,0.0,0.8333,3.9308,0,2,0,0,0,3.4613,6,0
73,55,11,0,0,2,5,3,0,0,0,0,11,0,62,0,0,0,0,0,1,1,1,0,1,0,0,0,4,1,0.0,0.1507,0.0685,0.8493,4.3354,0,3,0,0,1,4.1251,20,1
59,39,13,0,0,4,2,3,0,0,0,0,10,0,49,2,0,0,0,0,0,1,1,0,1,0,0,0,3,1,0.0,0.1695,0.0339,0.8305,4.2325,0,2,0,0,1,3.8427,13,1
61,43,11,0,0,2,5,3,0,0,0,0,11,0,50,0,0,0,0,0,1,1,1,0,1,0,0,0,3,1,0.0,0.1803,0.082,0.8197,4.2922,0,3,0,0,1,4.0956,13,1
19,4,8,0,0,1,0,3,0,0,0,0,5,1,13,0,0,0,0,0,0,0,1,0,1,0,0,1,0,0,0.0526,0.2632,0.0,0.6842,3.7474,1,2,0,0,0,2.0,1,1
58,40,11,0,0,2,5,3,0,0,0,0,11,0,47,0,0,0,0,0,1,1,1,0,1,0,0,0,5,1,0.0,0.1897,0.0862,0.8103,4.319,0,3,0,0,1,4.0848,13,1
67,47,13,0,0,4,3,3,0,0,0,0,11,0,56,2,0,0,0,0,0,1,1,0,1,0,0,0,3,1,0.0,0.1642,0.0448,0.8358,4.2508,0,2,0,0,1,3.9025,14,1
19,4,8,0,0,1,0,3,0,0,0,0,5,0,14,0,0,0,0,0,0,0,1,0,1,0,0,1,0,0,0.0,0.2632,0.0,0.7368,3.7474,0,2,0,0,0,2.0,1,1
26,11,8,0,0,1,0,3,0,0,0,0,5,1,20,0,0,0,0,0,0,0,1,0,1,0,0,1,0,0,0.0385,0.1923,0.0,0.7692,4.2578,1,2,0,0,0,3.4594,3,1
47,17,22,0,0,2,0,4,0,0,0,0,7,1,39,1,0,0,0,0,0,1,1,1,0,0,0,0,0,0,0.0213,0.1489,0.0,0.8298,3.9185,1,2,0,0,0,2.9842,3,0
21,6,8,0,0,1,0,3,0,0,0,0,5,1,15,0,0,0,0,0,0,0,1,0,1,0,0,1,0,0,0.0476,0.2381,0.0,0.7143,3.749,1,2,0,0,0,2.585,1,1
59,39,13,0,0,4,2,3,0,0,0,0,10,0,49,2,0,0,0,0,0,1,1,0,1,0,0,0,2,1,0.0,0.1695,0.0339,0.8305,4.2581,0,2,0,0,1,3.9772,13,1
24,15,1,0,0,3,0,3,0,0,0,0,7,0,17,2,0,0,0,0,0,1,1,1,0,0,0,0,0,0,0.0,0.2917,0.0,0.7083,3.4906,0,2,0,0,0,3.0566,5,0
40,14,18,0,0,2,0,4,0,0,0,0,7,0,33,1,0,0,0,0,0,1,1,1,0,0,0,0,0,0,0.0,0.175,0.0,0.825,4.0776,0,2,0,0,0,3.3788,5,0
31,15,8,0,0,2,0,3,0,0,0,0,6,0,25,1,0,0,0,0,0,1,1,1,0,0,0,0,0,0,0.0,0.1935,0.0,0.8065,3.9378,0,2,0,0,0,3.0062,4,0
61,43,11,0,0,2,5,3,0,0,0,0,11,0,50,0,0,0,0,0,1,1,1,0,1,0,0,0,4,1,0.0,0.1803,0.082,0.8197,4.425,0,3,0,0,1,4.1444,13,1
53,14,6,24,0,2,0,3,1,3,2,0,12,4,37,1,0,0,0,0,0,1,1,1,0,0,0,0,0,0,0.0755,0.2264,0.0,0.6981,4.48,4,2,0,0,0,3.182,6,0
65,36,11,10,0,4,2,3,1,1,0,0,12,5,48,2,0,0,0,0,0,1,1,0,1,0,0,0,5,1,0.0769,0.1846,0.0308,0.7385,4.4856,5,2,0,0,1,3.8401,13,1
47,15,24,0,0,2,0,6,0,0,0,0,9,6,32,1,0,0,0,0,0,1,1,1,0,0,0,0,0,0,0.1277,0.1915,0.0,0.6809,4.3518,4,2,0,0,0,3.2402,6,0
26,11,8,0,0,1,0,3,0,0,0,0,5,1,20,0,0,0,0,0,0,0,1,0,1,0,0,1,0,0,0.0385,0.1923,0.0,0.7692,4.1808,1,2,0,0,0,3.4594,3,1
36,20,8,0,0,2,0,3,0,0,0,0,6,0,30,1,0,0,0,0,0,1,1,1,0,0,0,0,0,0,0.0,0.1667,0.0,0.8333,4.1626,0,2,0,0,0,3.5842,6,0
57,19,7,22,0,2,0,3,1,2,1,0,10,0,47,1,0,0,0,0,0,1,1,1,0,0,0,0,0,0,0.0,0.1754,0.0,0.8246,4.1847,0,2,0,0,0,3.4316,6,0
44,20,16,0,0,2,0,4,0,0,0,0,7,0,37,1,0,0,0,0,0,1,1,1,0,0,0,0,0,0,0.0,0.1591,0.0,0.8409,3.8565,0,2,0,0,0,3.4219,8,0
26,11,8,0,0,1,0,3,0,0,0,0,5,1,20,0,0,0,0,0,0,0,1,0,1,0,0,1,0,0,0.0385,0.1923,0.0,0.7692,4.1518,1,2,0,0,0,3.4594,3,1
73,15,24,25,0,2,0,6,1,3,2,0,15,11,47,1,0,0,0,0,0,1,1,1,0,0,0,0,0,0,0.1507,0.2055,0.0,0.6438,4.7376,5,2,0,0,0,2.7899,5,0
66,37,11,10,0,4,2,3,1,1,0,0,12,5,49,2,0,0,0,0,0,1,1,0,1,0,0,0,5,1,0.0758,0.1818,0.0303,0.7424,4.6512,5,2,0,0,1,4.1141,10,1
67,13,29,17,0,4,1,4,1,1,0,0,13,16,38,0,0,0,0,0,0,1,1,0,1,1,0,0,2,1,0.2388,0.194,0.0149,0.5672,4.7378,6,3,1,0,0,2.8151,0,1
66,16,16,25,0,2,0,4,1,3,2,0,13,5,48,1,0,0,0,0,0,1,1,1,0,0,0,0,0,0,0.0758,0.197,0.0,0.7273,4.6121,5,2,0,0,0,3.2028,5,0
29,17,4,0,0,2,0,3,0,0,0,0,6,0,23,1,0,0,0,0,0,1,1,1,0,0,0,0,0,0,0.0,0.2069,0.0,0.7931,3.9783,0,2,0,0,0,3.4992,5,0
64,46,11,0,0,2,5,3,0,0,0,0,11,0,53,0,0,0,0,0,1,1,1,0,1,0,0,0,3,1,0.0,0.1719,0.0781,0.8281,4.4978,0,3,0,0,1,4.2055,14,1
57,39,11,0,0,2,5,3,0,0,0,0,11,0,46,0,0,0,0,0,1,1,1,0,1,0,0,0,3,1,0.0,0.193,0.0877,0.807,4.2848,0,3,0,0,1,3.9553,14,1
29,13,8,0,0,2,0,3,0,0,0,0,6,0,23,1,0,0,0,0,0,1,1,1,0,0,0,0,0,0,0.0,0.2069,0.0,0.7931,3.9783,0,2,0,0,0,3.0851,4,0
58,38,13,0,0,4,2,3,0,0,0,0,10,0,48,2,0,0,0,0,0,1,1,0,1,0,0,0,3,1,0.0,0.1724,0.0345,0.8276,4.2122,0,2,0,0,1,3.8302,11,1
61,12,24,17,0,4,1,4,1,1,0,0,13,15,33,0,0,0,0,0,0,1,1,0,1,1,0,0,2,1,0.2459,0.2131,0.0164,0.541,4.8197,6,3,1,0,0,2.6258,0,1
67,27,6,25,0,2,0,3,1,3,2,0,12,5,50,1,0,0,0,0,0,1,1,1,0,0,0,0,0,0,0.0746,0.1791,0.0,0.7463,4.6424,5,2,0,0,0,3.7919,9,0
44,18,18,0,0,2,0,6,0,0,0,0,9,6,29,1,0,0,0,0,0,1,1,1,0,0,0,0,0,0,0.1364,0.2045,0.0,0.6591,4.0666,4,2,0,0,0,3.281,5,0
60,18,8,25,0,2,0,3,1,3,2,0,12,5,43,1,0,0,0,0,0,1,1,1,0,0,0,0,0,0,0.0833,0.2,0.0,0.7167,4.5193,5,2,0,0,0,3.128,5,0
65,45,13,0,0,4,3,3,0,0,0,0,11,0,54,2,0,0,0,0,0,1,1,0,1,0,0,0,3,1,0.0,0.1692,0.0462,0.8308,4.2769,0,2,0,0,1,3.9332,15,1
60,40,13,0,0,4,2,3,0,0,0,0,10,0,50,2,0,0,0,0,0,1,1,0,1,0,0,0,3,1,0.0,0.1667,0.0333,0.8333,4.1427,0,2,0,0,1,3.7251,15,1
63,14,24,17,0,4,1,4,1,1,0,0,13,17,33,0,0,0,0,0,0,1,1,0,1,1,0,0,3,1,0.2698,0.2063,0.0159,0.5238,4.6579,6,3,1,0,0,2.6106,0,1
69,29,6,25,0,2,0,3,1,3,2,0,12,5,52,1,0,0,0,0,0,1,1,1,0,0,0,0,0,0,0.0725,0.1739,0.0,0.7536,4.5807,5,2,0,0,0,3.8404,12,0
71,11,35,17,0,4,2,4,1,1,0,0,14,14,43,0,0,0,0,0,0,1,1,0,1,1,0,0,2,1,0.1972,0.1972,0.0282,0.6056,4.7675,6,3,1,0,0,2.8454,0,1
63,11,18,25,0,2,0,4,1,3,2,0,13,5,45,1,0,0,0,0,0,1,1,1,0,0,0,0,0,0,0.0794,0.2063,0.0,0.7143,4.6255,5,2,0,0,0,2.8454,3,0
77,19,24,25,0,1,0,6,1,3,2,0,14,11,52,0,0,0,0,0,0,1,1,1,0,0,0,0,0,0,0.1429,0.1818,0.0,0.6753,4.7747,5,2,0,0,0,3.5369,8,0
72,20,18,25,0,2,0,5,1,3,2,0,14,5,53,1,0,0,0,0,0,1,1,1,0,0,0,0,0,0,0.0694,0.1944,0.0,0.7361,4.5457,5,2,0,0,0,3.2842,7,0
55,14,16,17,0,4,0,4,1,1,0,0,12,17,26,0,0,0,0,0,0,1,1,0,1,1,0,0,1,1,0.3091,0.2182,0.0,0.4727,4.5265,6,3,1,0,0,2.7885,0,1
65,47,11,0,0,2,5,3,0,0,0,0,11,0,54,0,0,0,0,0,1,1,1,0,1,0,0,0,4,1,0.0,0.1692,0.0769,0.8308,4.5336,0,3,0,0,1,4.2569,15,1
20,5,8,0,0,1,0,3,0,0,0,0,5,1,14,0,0,0,0,0,0,0,1,0,1,0,0,1,0,0,0.05,0.25,0.0,0.7,3.7464,1,2,0,0,0,2.3219,0,1
33,16,9,0,0,3,0,3,0,0,0,0,7,0,26,2,0,0,0,0,0,1,1,1,0,0,0,0,1,1,0.0,0.2121,0.0,0.7879,3.8391,0,2,0,0,0,3.3278,5,0
32,9,15,0,0,2,0,4,0,0,0,0,7,9,16,0,0,0,0,0,0,1,1,1,0,0,0,0,0,0,0.2812,0.2188,0.0,0.5,4.25,5,2,0,0,0,2.9477,3,0
47,23,16,0,0,2,0,4,0,0,0,0,7,0,40,1,0,0,0,0,0,1,1,1,0,0,0,0,0,0,0.0,0.1489,0.0,0.8511,4.0545,0,2,0,0,0,3.6425,10,0
48,24,16,0,0,2,0,4,0,0,0,0,7,0,41,1,0,0,0,0,0,1,1,1,0,0,0,0,0,0,0.0,0.1458,0.0,0.8542,4.1156,0,2,0,0,0,3.6368,9,0
55,37,11,0,0,2,5,3,0,0,0,0,11,0,44,0,0,0,0,0,1,1,1,0,1,0,0,0,4,1,0.0,0.2,0.0909,0.8,4.2813,0,3,0,0,1,4.0138,13,1
69,17,18,25,0,1,0,5,1,3,2,0,13,5,51,0,0,0,0,0,0,1,1,1,0,0,0,0,1,1,0.0725,0.1884,0.0,0.7391,4.6064,5,2,0,0,0,3.4548,7,0
56,24,24,0,0,2,0,6,0,0,0,0,9,6,41,1,0,0,0,0,0,1,1,1,0,0,0,0,0,0,0.1071,0.1607,0.0,0.7321,4.3851,4,2,0,0,0,3.5221,9,0
45,13,24,0,0,3,0,6,0,0,0,0,10,6,29,2,0,0,0,0,0,1,1,1,0,0,0,0,0,0,0.1333,0.2222,0.0,0.6444,4.2189,4,2,0,0,0,2.6612,3,0
30,18,4,0,0,2,0,3,0,0,0,0,6,0,24,1,0,0,0,0,0,1,1,1,0,0,0,0,0,0,0.0,0.2,0.0,0.8,3.8151,0,2,0,0,0,3.5724,5,0
35,16,11,0,0,2,0,4,0,0,0,0,7,0,28,1,0,0,0,0,0,1,1,1,0,0,0,0,0,0,0.0,0.2,0.0,0.8,4.05,0,2,0,0,0,3.4528,4,0
38,16,14,0,0,2,0,5,0,0,0,0,8,1,29,1,0,0,0,0,0,1,1,1,0,0,0,0,0,0,0.0263,0.2105,0.0,0.7632,3.6524,1,2,0,0,0,3.2028,5,0
72,43,11,10,0,4,2,3,1,1,0,0,12,5,55,2,0,0,0,0,0,1,1,0,1,0,0,0,4,1,0.0694,0.1667,0.0278,0.7639,4.6338,5,2,0,0,1,4.1292,15,1
32,15,9,0,0,2,0,3,0,0,0,0,6,0,26,1,0,0,0,0,0,1,1,1,0,0,0,0,0,0,0.0,0.1875,0.0,0.8125,3.9445,0,2,0,0,0,3.0566,5,0
55,13,8,25,0,3,0,3,1,3,2,0,13,5,37,2,0,0,0,0,0,1,1,1,0,0,0,0,0,0,0.0909,0.2364,0.0,0.6727,4.6671,5,2,0,0,0,3.1808,4,0
70,41,11,10,0,4,3,3,1,1,0,0,13,5,52,2,0,0,0,0,0,1,1,0,1,0,0,0,4,1,0.0714,0.1857,0.0429,0.7429,4.6064,5,2,0,0,1,3.9579,12,1
66,46,13,0,0,4,2,3,0,0,0,0,10,0,56,2,0,0,0,0,0,1,1,0,1,0,0,0,3,1,0.0,0.1515,0.0303,0.8485,4.2344,0,2,0,0,1,3.9696,18,1
58,38,13,0,0,4,2,3,0,0,0,0,10,0,48,2,0,0,0,0,0,1,1,0,1,0,0,0,2,1,0.0,0.1724,0.0345,0.8276,4.1442,0,2,0,0,1,3.7378,14,1
21,6,8,0,0,1,0,3,0,0,0,0,5,1,15,0,0,0,0,0,0,0,1,0,1,0,0,1,0,0,0.0476,0.2381,0.0,0.7143,3.9395,1,2,0,0,0,2.585,1,1
78,20,24,25,0,2,0,6,1,3,2,0,15,11,52,1,0,0,0,0,0,1,1,1,0,0,0,0,0,0,0.141,0.1923,0.0,0.6667,4.6892,5,2,0,0,0,3.4219,8,0
66,14,18,25,0,2,0,5,1,3,2,0,14,5,47,1,0,0,0,0,0,1,1,1,0,0,0,0,0,0,0.0758,0.2121,0.0,0.7121,4.6159,5,2,0,0,0,3.5216,5,0
27,14,5,0,0,2,0,3,0,0,0,0,6,0,21,1,0,0,0,0,0,1,1,1,0,0,0,0,0,0,0.0,0.2222,0.0,0.7778,3.6303,0,2,0,0,0,3.0391,5,0
73,44,11,10,0,4,2,3,1,1,0,0,12,5,56,2,0,0,0,0,0,1,1,0,1,0,0,0,2,1,0.0685,0.1644,0.0274,0.7671,4.6,5,2,0,0,1,3.8816,14,1
25,12,5,0,0,2,0,3,0,0,0,0,6,0,19,1,0,0,0,0,0,1,1,1,0,0,0,0,0,0,0.0,0.24,0.0,0.76,3.6431,0,2,0,0,0,3.2516,4,0
29,15,6,0,0,2,0,3,0,0,0,0,6,0,23,1,0,0,0,0,0,1,1,1,0,0,0,0,0,0,0.0,0.2069,0.0,0.7931,4.0473,0,2,0,0,0,3.3232,4,0
26,11,8,0,0,1,0,3,0,0,0,0,5,0,21,0,0,0,0,0,0,0,1,0,1,0,0,1,0,0,0.0,0.1923,0.0,0.8077,3.9022,0,2,0,0,0,3.0958,3,1
67,13,24,17,0,4,1,4,1,1,0,0,14,20,33,0,0,0,0,0,0,1,1,0,1,1,1,0,2,1,0.2985,0.209,0.0149,0.4925,4.76,6,4,1,0,0,2.6612,0,1
65,13,18,25,0,2,0,6,1,3,2,0,15,11,39,1,0,0,0,0,0,1,1,1,0,0,0,0,0,0,0.1692,0.2308,0.0,0.6,4.7411,5,2,0,0,0,3.027,3,0
34,18,8,0,0,2,0,3,0,0,0,0,6,0,28,1,0,0,0,0,0,1,1,1,0,0,0,0,0,0,0.0,0.1765,0.0,0.8235,4.0209,0,2,0,0,0,3.5033,6,0
31,17,6,0,0,2,0,3,0,0,0,0,6,0,25,1,0,0,0,0,0,1,1,1,0,0,0,0,0,0,0.0,0.1935,0.0,0.8065,3.6553,0,2,0,0,0,3.3372,6,0
65,15,16,25,0,2,0,4,1,3,2,0,13,5,47,1,0,0,0,0,0,1,1,1,0,0,0,0,0,0,0.0769,0.2,0.0,0.7231,4.5286,5,2,0,0,0,3.0566,5,0
54,14,6,25,0,3,0,3,1,3,2,0,13,5,36,2,0,0,0,0,0,1,1,1,0,0,0,0,0,0,0.0926,0.2407,0.0,0.6667,4.7451,5,2,0,0,0,3.182,4,0
53,11,8,25,0,2,0,3,1,3,2,0,12,5,36,1,0,0,0,0,0,1,1,1,0,0,0,0,0,0,0.0943,0.2264,0.0,0.6792,4.6613,5,2,0,0,0,2.8454,2,0
67,15,18,25,0,2,0,4,1,3,2,0,13,5,49,1,0,0,0,0,0,1,1,1,0,0,0,0,0,0,0.0746,0.194,0.0,0.7313,4.6458,5,2,0,0,0,3.0566,5,0
66,37,11,10,0,4,2,3,1,1,0,0,12,5,49,2,0,0,0,0,0,1,1,0,1,0,0,0,5,1,0.0758,0.1818,0.0303,0.7424,4.5837,5,2,0,0,1,3.9696,13,1
44,9,1,25,0,1,0,3,1,3,2,0,11,5,28,0,0,0,0,0,0,1,1,1,0,0,0,0,0,0,0.1136,0.25,0.0,0.6364,4.5443,5,2,0,0,0,2.9477,3,0
57,15,8,25,0,2,0,3,1,3,2,0,12,5,40,1,0,0,0,0,0,1,1,1,0,0,0,0,0,0,0.0877,0.2105,0.0,0.7018,4.5161,5,2,0,0,0,3.3736,5,0
38,22,8,0,0,2,0,3,0,0,0,0,6,0,32,1,0,0,0,0,0,1,1,1,0,0,0,0,0,0,0.0,0.1579,0.0,0.8421,4.2936,0,2,0,0,0,3.8231,6,0
61,29,24,0,0,2,0,6,0,0,0,0,9,6,46,1,0,0,0,0,0,1,1,1,0,0,0,0,0,0,0.0984,0.1475,0.0,0.7541,4.553,4,2,0,0,0,3.8404,12,0
26,11,8,0,0,1,0,3,0,0,0,0,5,2,19,0,0,0,0,0,0,0,1,0,1,0,0,1,0,0,0.0769,0.1923,0.0,0.7308,4.2578,1,2,0,0,0,3.4594,3,1
20,5,8,0,0,1,0,3,0,0,0,0,5,2,13,0,0,0,0,0,0,0,1,0,1,0,0,1,0,0,0.1,0.25,0.0,0.65,3.9842,1,2,0,0,0,2.3219,1,1
57,39,11,0,0,2,5,3,0,0,0,0,11,0,46,0,0,0,0,0,1,1,1,0,1,0,0,0,3,1,0.0,0.193,0.0877,0.807,4.2733,0,3,0,0,1,4.0259,13,1
63,14,24,17,0,4,1,4,1,1,0,0,13,17,33,0,0,0,0,0,0,1,1,0,1,1,0,0,2,1,0.2698,0.2063,0.0159,0.5238,4.6355,6,3,1,0,0,2.217,0,1
60,14,21,17,0,4,1,4,1,1,0,0,13,17,30,0,0,0,0,0,0,1,1,0,1,1,0,0,2,1,0.2833,0.2167,0.0167,0.5,4.709,6,3,1,0,0,2.4956,0,1
65,25,6,25,0,2,0,3,1,3,2,0,12,5,48,1,0,0,0,0,0,1,1,1,0,0,0,0,2,1,0.0769,0.1846,0.0,0.7385,4.6724,5,2,0,0,0,3.8635,9,0
40,14,18,0,0,2,0,4,0,0,0,0,7,0,33,1,0,0,0,0,0,1,1,1,0,0,0,0,0,0,0.0,0.175,0.0,0.825,4.0031,0,2,0,0,0,2.8424,4,0
40,18,14,0,0,2,0,5,0,0,0,0,8,1,31,1,0,0,0,0,0,1,1,1,0,0,0,0,0,0,0.025,0.2,0.0,0.775,4.0939,1,2,0,0,0,3.0169,5,0
19,4,8,0,0,1,0,3,0,0,0,0,5,1,13,0,0,0,0,0,0,0,1,0,1,0,0,1,0,0,0.0526,0.2632,0.0,0.6842,3.7474,1,2,0,0,0,2.0,1,1
40,14,18,0,0,2,0,4,0,0,0,0,7,0,33,1,0,0,0,0,0,1,1,1,0,0,0,0,0,0,0.0,0.175,0.0,0.825,3.9464,0,2,0,0,0,3.182,6,0
34,8,18,0,0,1,0,4,0,0,0,0,6,0,28,0,0,0,0,0,0,1,1,1,0,0,0,0,0,0,0.0,0.1765,0.0,0.8235,3.9764,0,2,0,0,0,2.75,3,0
73,14,29,17,0,4,1,4,1,1,0,0,14,21,38,0,0,0,0,0,0,1,1,0,1,1,1,0,2,1,0.2877,0.1918,0.0137,0.5205,4.7048,6,4,1,0,0,2.8963,0,1
58,40,11,0,0,2,5,3,0,0,0,0,11,0,47,0,0,0,0,0,1,1,1,0,1,0,0,0,4,1,0.0,0.1897,0.0862,0.8103,4.3426,0,3,0,0,1,4.0439,12,1
33,24,1,0,0,2,0,3,0,0,0,0,6,0,27,1,0,0,0,0,0,1,1,1,0,0,0,0,0,0,0.0,0.1818,0.0,0.8182,3.9802,0,2,0,0,0,3.7406,7,0
49,17,24,0,0,2,0,6,0,0,0,0,9,6,34,1,0,0,0,0,0,1,1,1,0,0,0,0,0,0,0.1224,0.1837,0.0,0.6939,4.4202,4,2,0,0,0,3.4548,6,0
79,21,24,25,0,2,0,6,1,3,2,0,15,11,53,1,0,0,0,0,0,1,1,1,0,0,0,0,0,0,0.1392,0.1899,0.0,0.6709,4.7874,5,2,0,0,0,3.5226,8,0
20,5,8,0,0,1,0,3,0,0,0,0,5,3,12,0,0,0,0,0,0,0,1,0,1,0,0,1,0,0,0.15,0.25,0.0,0.6,3.8842,3,2,0,0,0,2.3219,0,1
61,12,19,17,0,4,0,4,1,1,0,0,13,19,29,0,0,0,0,0,0,1,1,0,1,1,0,0,2,1,0.3115,0.2131,0.0,0.4754,4.5826,6,3,1,0,0,2.6258,0,1
72,24,14,25,0,2,0,5,1,3,2,0,14,6,52,1,0,0,0,0,0,1,1,1,0,0,0,0,0,0,0.0833,0.1944,0.0,0.7222,4.6819,5,2,0,0,0,3.7406,7,0
44,18,18,0,0,2,0,5,0,0,0,0,8,0,36,1,0,0,0,0,0,1,1,1,0,0,0,0,1,1,0.0,0.1818,0.0,0.8182,4.133,0,2,0,0,0,3.4613,6,0
33,17,8,0,0,2,0,3,0,0,0,0,6,0,27,1,0,0,0,0,0,1,1,1,0,0,0,0,0,0,0.0,0.1818,0.0,0.8182,3.8849,0,2,0,0,0,3.4548,6,0
55,15,6,25,0,2,0,3,1,3,2,0,12,5,38,1,0,0,0,0,0,1,1,1,0,0,0,0,0,0,0.0909,0.2182,0.0,0.6909,4.6445,5,2,0,0,0,3.2402,6,0
64,46,11,0,0,2,5,3,0,0,0,0,11,0,53,0,0,0,0,0,1,1,1,0,1,0,0,0,4,1,0.0,0.1719,0.0781,0.8281,4.283,0,3,0,0,1,4.0529,15,1
25,16,1,0,0,2,0,3,0,0,0,0,6,0,19,1,0,0,0,0,0,1,1,1,0,0,0,0,0,0,0.0,0.24,0.0,0.76,3.7835,0,2,0,0,0,3.0778,5,0
65,36,11,10,0,4,2,3,1,1,0,0,12,5,48,2,0,0,0,0,0,1,1,0,1,0,0,0,3,1,0.0769,0.1846,0.0308,0.7385,4.5009,5,2,0,0,1,3.912,12,1
70,18,18,25,0,2,0,5,1,3,2,0,14,5,51,1,0,0,0,0,0,1,1,1,0,0,0,0,0,0,0.0714,0.2,0.0,0.7286,4.4845,5,2,0,0,0,3.4613,7,0
54,34,13,0,0,4,2,3,0,0,0,0,10,0,44,2,0,0,0,0,0,1,1,0,1,0,0,0,3,1,0.0,0.1852,0.037,0.8148,4.2126,0,2,0,0,1,3.9032,12,1
36,22,6,0,0,2,0,3,0,0,0,0,6,0,30,1,0,0,0,0,0,1,1,1,0,0,0,0,0,0,0.0,0.1667,0.0,0.8333,3.9302,0,2,0,0,0,3.6069,8,0
45,13,24,0,0,3,0,6,0,0,0,0,10,6,29,2,0,0,0,0,0,1,1,1,0,0,0,0,0,0,0.1333,0.2222,0.0,0.6444,4.1554,4,2,0,0,0,2.8151,5,0
26,11,8,0,0,1,0,3,0,0,0,0,5,1,20,0,0,0,0,0,0,0,1,0,1,0,0,1,0,0,0.0385,0.1923,0.0,0.7692,3.9791,1,2,0,0,0,3.0958,3,1
67,15,18,25,0,2,0,6,1,3,2,0,15,11,41,1,0,0,0,0,0,1,1,1,0,0,0,0,0,0,0.1642,0.2239,0.0,0.6119,4.5694,5,2,0,0,0,2.7899,5,0
71,21,16,25,0,2,0,4,1,3,2,0,13,5,53,1,0,0,0,0,0,1,1,1,0,0,0,0,0,0,0.0704,0.1831,0.0,0.7465,4.5477,5,2,0,0,0,3.5226,8,0
22,13,1,0,0,2,0,3,0,0,0,0,6,0,16,1,0,0,0,0,0,1,1,1,0,0,0,0,0,0,0.0,0.2727,0.0,0.7273,3.8454,0,2,0,0,0,3.1808,4,0
27,13,6,0,0,3,0,3,0,0,0,0,7,0,20,2,0,0,0,0,0,1,1,1,0,0,0,0,0,0,0.0,0.2593,0.0,0.7407,3.8282,0,2,0,0,0,3.1808,4,0
26,11,8,0,0,1,0,3,0,0,0,0,5,0,21,0,0,0,0,0,0,0,1,0,1,0,0,1,0,0,0.0,0.1923,0.0,0.8077,4.1808,0,2,0,0,0,3.4594,3,1
25,16,1,0,0,2,0,3,0,0,0,0,6,0,19,1,0,0,0,0,0,1,1,1,0,0,0,0,0,0,0.0,0.24,0.0,0.76,3.6733,0,2,0,0,0,3.5,4,0
32,23,1,0,0,2,0,3,0,0,0,0,6,0,26,1,0,0,0,0,0,1,1,1,0,0,0,0,0,0,0.0,0.1875,0.0,0.8125,4.0695,0,2,0,0,0,3.6425,8,0
21,6,8,0,0,1,0,3,0,0,0,0,5,1,15,0,0,0,0,0,0,0,1,0,1,0,0,1,0,0,0.0476,0.2381,0.0,0.7143,3.8442,1,2,0,0,0,2.585,1,1
42,18,16,0,0,2,0,4,0,0,0,0,7,0,35,1,0,0,0,0,0,1,1,1,0,0,0,0,0,0,0.0,0.1667,0.0,0.8333,4.0916,0,2,0,0,0,3.3921,5,0
28,15,5,0,0,3,0,3,0,0,0,0,7,0,21,2,0,0,0,0,0,1,1,1,0,0,0,0,0,0,0.0,0.25,0.0,0.75,3.6106,0,2,0,0,0,3.0566,5,0
68,39,11,10,0,4,2,3,1,1,0,0,12,5,51,2,0,0,0,0,0,1,1,0,1,0,0,0,2,1,0.0735,0.1765,0.0294,0.75,4.569,5,2,0,0,1,3.9553,12,1
54,19,1,25,0,2,0,3,1,3,2,0,12,5,37,1,0,0,0,0,0,1,1,1,0,0,0,0,0,0,0.0926,0.2222,0.0,0.6852,4.5573,5,2,0,0,0,3.2608,7,0
60,31,11,10,0,4,1,3,1,1,0,0,11,5,44,2,0,0,0,0,0,1,1,0,1,0,0,0,2,1,0.0833,0.1833,0.0167,0.7333,4.5314,5,2,0,0,1,3.7199,10,1
63,34,11,10,0,4,2,3,1,1,0,0,12,5,46,2,0,0,0,0,0,1,1,0,1,0,0,0,3,1,0.0794,0.1905,0.0317,0.7302,4.4568,5,2,0,0,1,3.6572,12,1
62,33,11,10,0,4,2,3,1,1,0,0,12,5,45,2,0,0,0,0,0,1,1,0,1,0,0,0,4,1,0.0806,0.1935,0.0323,0.7258,4.5786,5,2,0,0,1,3.9832,9,1
20,5,8,0,0,1,0,3,0,0,0,0,5,1,14,0,0,0,0,0,0,0,1,0,1,0,0,1,0,0,0.05,0.25,0.0,0.7,3.7464,1,2,0,0,0,2.3219,1,1
53,18,1,25,0,2,0,3,1,3,2,0,12,6,35,1,0,0,0,0,0,1,1,1,0,0,0,0,0,0,0.1132,0.2264,0.0,0.6604,4.5697,5,2,0,0,0,3.086,4,0
63,45,11,0,0,2,5,3,0,0,0,0,11,0,52,0,0,0,0,0,1,1,1,0,1,0,0,0,2,1,0.0,0.1746,0.0794,0.8254,4.3286,0,3,0,0,1,4.1336,14,1
43,17,18,0,0,2,0,4,0,0,0,0,7,0,36,1,0,0,0,0,0,1,1,1,0,0,0,0,0,0,0.0,0.1628,0.0,0.8372,4.0186,0,2,0,0,0,3.4548,6,0
78,14,56,0,0,2,0,8,0,0,0,0,13,5,60,1,0,0,0,0,0,1,1,1,0,0,0,0,0,0,0.0641,0.1667,0.0,0.7692,4.5084,3,2,0,0,0,3.182,3,0
68,39,11,10,0,4,2,3,1,1,0,0,12,5,51,2,0,0,0,0,0,1,1,0,1,0,0,0,2,1,0.0735,0.1765,0.0294,0.75,4.4243,5,2,0,0,1,3.6383,12,1
62,42,13,0,0,4,2,3,0,0,0,0,10,0,52,2,0,0,0,0,0,1,1,0,1,0,0,0,2,1,0.0,0.1613,0.0323,0.8387,4.2486,0,2,0,0,1,3.9284,13,1
28,14,6,0,0,2,0,3,0,0,0,0,6,0,22,1,0,0,0,0,0,1,1,1,0,0,0,0,0,0,0.0,0.2143,0.0,0.7857,3.7534,0,2,0,0,0,3.182,2,0
70,13,24,24,0,2,0,6,1,3,2,0,15,10,45,1,0,0,0,0,0,1,1,1,0,0,0,0,0,0,0.1429,0.2143,0.0,0.6429,4.7113,4,2,0,0,0,3.2389,5,0
69,18,17,25,0,2,0,4,1,3,2,0,13,6,50,1,0,0,0,0,0,1,1,1,0,0,0,0,0,0,0.087,0.1884,0.0,0.7246,4.639,5,2,0,0,0,3.086,4,0
63,43,13,0,0,4,2,3,0,0,0,0,10,0,53,2,0,0,0,0,0,1,1,0,1,0,0,0,3,1,0.0,0.1587,0.0317,0.8413,4.1779,0,2,0,0,1,3.9408,15,1
69,15,24,17,0,4,1,4,1,1,0,0,14,22,33,0,0,0,0,0,0,1,1,0,1,1,1,0,3,1,0.3188,0.2029,0.0145,0.4783,4.7646,6,4,1,0,0,2.7899,0,1
35,18,9,0,0,2,0,3,0,0,0,0,6,0,29,1,0,0,0,0,0,1,1,1,0,0,0,0,1,1,0.0,0.1714,0.0,0.8286,3.7643,0,2,0,0,0,3.4613,6,0
26,11,8,0,0,1,0,3,0,0,0,0,5,0,21,0,0,0,0,0,0,0,1,0,1,0,0,1,0,0,0.0,0.1923,0.0,0.8077,4.1039,0,2,0,0,0,3.4594,3,1
78,14,7,48,0,2,0,3,2,5,3,0,16,5,57,1,0,0,0,0,0,1,1,1,0,0,0,0,0,0,0.0641,0.2051,0.0,0.7308,4.6377,5,2,0,0,0,2.9852,4,0
30,14,8,0,0,2,0,3,0,0,0,0,6,0,24,1,0,0,0,0,0,1,1,1,0,0,0,0,0,0,0.0,0.2,0.0,0.8,3.8314,0,2,0,0,0,3.3788,5,0
52,9,9,25,0,2,0,3,1,3,2,0,12,5,35,1,0,0,0,0,0,1,1,1,0,0,0,0,0,0,0.0962,0.2308,0.0,0.6731,4.6644,5,2,0,0,0,2.5033,3,0
20,5,8,0,0,1,0,3,0,0,0,0,5,0,15,0,0,0,0,0,0,0,1,0,1,0,0,1,0,0,0.0,0.25,0.0,0.75,3.8464,0,2,0,0,0,2.3219,1,1
65,47,11,0,0,2,5,3,0,0,0,0,11,0,54,0,0,0,0,0,1,1,1,0,1,0,0,0,2,1,0.0,0.1692,0.0769,0.8308,4.3735,0,3,0,0,1,4.1369,14,1
58,15,9,25,0,2,0,3,1,3,2,0,12,5,41,1,0,0,0,0,0,1,1,1,0,0,0,0,0,0,0.0862,0.2069,0.0,0.7069,4.5322,5,2,0,0,0,2.9736,5,0
20,5,8,0,0,1,0,3,0,0,0,0,5,1,14,0,0,0,0,0,0,0,1,0,1,0,0,1,0,0,0.05,0.25,0.0,0.7,3.8842,1,2,0,0,0,2.3219,1,1
56,14,8,25,0,2,0,3,1,3,2,0,12,5,39,1,0,0,0,0,0,1,1,1,0,0,0,0,0,0,0.0893,0.2143,0.0,0.6964,4.5971,5,2,0,0,0,3.5216,5,0
53,15,4,25,0,2,0,3,1,3,2,0,12,5,36,1,0,0,0,0,0,1,1,1,0,0,0,0,0,0,0.0943,0.2264,0.0,0.6792,4.6848,5,2,0,0,0,3.1899,4,0
54,19,1,25,0,3,0,3,1,3,2,0,13,5,36,2,0,0,0,0,0,1,1,1,0,0,0,0,0,0,0.0926,0.2407,0.0,0.6667,4.634,5,2,0,0,0,3.5369,7,0
59,41,11,0,0,2,5,3,0,0,0,0,11,0,48,0,0,0,0,0,1,1,1,0,1,0,0,0,4,1,0.0,0.1864,0.0847,0.8136,4.3999,0,3,0,0,1,4.1834,13,1
19,4,8,0,0,1,0,3,0,0,0,0,5,1,13,0,0,0,0,0,0,0,1,0,1,0,0,1,0,0,0.0526,0.2632,0.0,0.6842,3.5766,1,2,0,0,0,2.0,1,1
69,40,11,10,0,4,2,3,1,1,0,0,12,5,52,2,0,0,0,0,0,1,1,0,1,0,0,0,3,1,0.0725,0.1739,0.029,0.7536,4.581,5,2,0,0,1,3.7848,13,1
63,13,16,25,0,1,0,4,1,3,2,0,12,6,45,0,0,0,0,0,0,1,1,1,0,0,0,0,0,0,0.0952,0.1905,0.0,0.7143,4.6417,5,2,0,0,0,3.027,3,0
31,15,8,0,0,2,0,3,0,0,0,0,6,0,25,1,0,0,0,0,0,1,1,1,0,0,0,0,0,0,0.0,0.1935,0.0,0.8065,3.9134,0,2,0,0,0,2.9736,5,0
43,29,6,0,0,2,0,3,0,0,0,0,6,0,37,1,0,0,0,0,0,1,1,1,0,0,0,0,0,0,0.0,0.1395,0.0,0.8605,4.2023,0,2,0,0,0,3.8404,12,0
39,13,18,0,0,2,0,6,0,0,0,0,9,6,24,1,0,0,0,0,0,1,1,1,0,0,0,0,0,0,0.1538,0.2308,0.0,0.6154,4.0923,4,2,0,0,0,3.2389,5,0
27,15,4,0,0,2,0,3,0,0,0,0,6,0,21,1,0,0,0,0,0,1,1,1,0,0,0,0,0,0,0.0,0.2222,0.0,0.7778,4.0323,0,2,0,0,0,3.3736,4,0
63,34,11,10,0,4,2,3,1,1,0,0,12,5,46,2,0,0,0,0,0,1,1,0,1,0,0,0,2,1,0.0794,0.1905,0.0317,0.7302,4.4111,5,2,0,0,1,3.6938,11,1
43,29,7,0,0,1,2,3,0,0,0,0,7,0,36,0,0,0,0,0,0,1,1,0,1,0,0,0,4,1,0.0,0.1628,0.0465,0.8372,4.4258,0,2,0,0,1,4.0733,11,1
64,12,27,17,0,4,1,4,1,1,0,0,13,15,36,0,0,0,0,0,0,1,1,0,1,1,0,0,2,1,0.2344,0.2031,0.0156,0.5625,4.6392,6,3,1,0,0,2.8554,0,1
26,11,8,0,0,1,0,3,0,0,0,0,5,2,19,0,0,0,0,0,0,0,1,0,1,0,0,1,0,0,0.0769,0.1923,0.0,0.7308,4.1808,1,2,0,0,0,3.4594,3,1
69,15,29,17,0,4,1,4,1,1,0,0,13,18,38,0,0,0,0,0,0,1,1,0,1,1,0,0,1,1,0.2609,0.1884,0.0145,0.5507,4.7318,6,3,1,0,0,2.5493,0,1
59,17,8,25,0,2,0,3,1,3,2,0,12,6,41,1,0,0,0,0,0,1,1,1,0,0,0,0,0,0,0.1017,0.2034,0.0,0.6949,4.6277,5,2,0,0,0,2.9842,3,0
59,41,11,0,0,2,5,3,0,0,0,0,11,0,48,0,0,0,0,0,1,1,1,0,1,0,0,0,4,1,0.0,0.1864,0.0847,0.8136,4.2674,0,3,0,0,1,3.9211,15,1
28,19,1,0,0,2,0,3,0,0,0,0,6,0,22,1,0,0,0,0,0,1,1,1,0,0,0,0,0,0,0.0,0.2143,0.0,0.7857,3.6995,0,2,0,0,0,3.3264,6,0
43,11,24,0,0,1,0,6,0,0,0,0,8,6,29,0,0,0,0,0,0,1,1,1,0,0,0,0,0,0,0.1395,0.186,0.0,0.6744,4.3442,4,2,0,0,0,3.0958,4,0
67,17,17,24,0,2,0,4,1,3,2,0,13,4,50,1,0,0,0,0,0,1,1,1,0,0,0,0,0,0,0.0597,0.194,0.0,0.7463,4.5245,4,2,0,0,0,3.3372,6,0
49,13,29,0,0,4,1,5,0,0,0,0,11,10,28,0,0,0,0,0,0,1,1,0,1,1,0,0,3,1,0.2041,0.2245,0.0204,0.5714,4.6631,3,3,1,0,0,2.8151,0,1
43,27,8,0,0,2,0,3,0,0,0,0,6,0,37,1,0,0,0,0,0,1,1,1,0,0,0,0,0,0,0.0,0.1395,0.0,0.8605,4.2687,0,2,0,0,0,3.7919,9,0
71,20,17,25,0,2,0,4,1,3,2,0,13,5,53,1,0,0,0,0,0,1,1,1,0,0,0,0,0,0,0.0704,0.1831,0.0,0.7465,4.6034,5,2,0,0,0,3.3842,8,0
56,36,13,0,0,4,2,3,0,0,0,0,10,0,46,2,0,0,0,0,0,1,1,0,1,0,0,0,2,1,0.0,0.1786,0.0357,0.8214,4.1625,0,2,0,0,1,3.8083,12,1
55,35,13,0,0,4,2,3,0,0,0,0,10,0,45,2,0,0,0,0,0,1,1,0,1,0,0,0,2,1,0.0,0.1818,0.0364,0.8182,4.1544,0,2,0,0,1,3.7719,12,1
56,14,30,0,0,1,3,4,0,0,0,0,10,4,42,0,0,0,0,0,0,1,1,0,1,0,1,0,4,1,0.0714,0.1786,0.0536,0.75,4.3763,4,3,0,0,0,3.5216,4,1
67,15,18,25,0,2,0,5,1,3,2,0,14,5,48,1,0,0,0,0,0,1,1,1,0,0,0,0,0,0,0.0746,0.209,0.0,0.7164,4.5161,5,2,0,0,0,2.7899,5,0
26,11,8,0,0,1,0,3,0,0,0,0,5,1,20,0,0,0,0,0,0,0,1,0,1,0,0,1,0,0,0.0385,0.1923,0.0,0.7692,4.1329,1,2,0,0,0,3.4594,3,1
41,15,18,0,0,2,0,6,0,0,0,0,9,6,26,1,0,0,0,0,0,1,1,1,0,0,0,0,0,0,0.1463,0.2195,0.0,0.6341,4.0948,4,2,0,0,0,3.3736,5,0
61,33,7,13,0,2,2,3,1,1,0,0,10,0,51,1,0,0,0,0,0,1,1,0,1,0,0,0,4,1,0.0,0.1639,0.0328,0.8361,4.4331,0,2,0,0,1,4.1502,10,1
26,14,4,0,0,2,0,3,0,0,0,0,6,0,20,1,0,0,0,0,0,1,1,1,0,0,0,0,0,0,0.0,0.2308,0.0,0.7692,3.8441,0,2,0,0,0,3.3788,5,0
72,20,18,25,0,2,0,5,1,3,2,0,14,5,53,1,0,0,0,0,0,1,1,1,0,0,0,0,0,0,0.0694,0.1944,0.0,0.7361,4.4623,5,2,0,0,0,3.5219,7,0
69,15,29,17,0,4,1,4,1,1,0,0,13,18,38,0,0,0,0,0,0,1,1,0,1,1,0,0,2,1,0.2609,0.1884,0.0145,0.5507,4.6463,6,3,1,0,0,2.8226,0,1
58,21,29,0,0,2,1,7,0,0,0,0,11,0,47,1,0,0,0,0,0,1,1,1,0,0,0,0,0,0,0.0,0.1897,0.0172,0.8103,4.5551,0,2,0,0,0,3.5226,8,0
57,15,8,25,0,2,0,3,1,3,2,0,12,5,40,1,0,0,0,0,0,1,1,1,0,0,0,0,0,0,0.0877,0.2105,0.0,0.7018,4.6922,5,2,0,0,0,3.3232,4,0
33,16,9,0,0,3,0,3,0,0,0,0,7,0,26,2,0,0,0,0,0,1,1,1,0,0,0,0,0,0,0.0,0.2121,0.0,0.7879,3.6543,0,2,0,0,0,2.9056,5,0
70,52,11,0,0,2,5,3,0,0,0,0,11,0,59,0,0,0,0,0,1,1,1,0,1,0,0,0,5,1,0.0,0.1571,0.0714,0.8429,4.4245,0,3,0,0,1,4.1738,19,1
53,29,16,0,0,2,0,4,0,0,0,0,7,0,46,1,0,0,0,0,0,1,1,1,0,0,0,0,0,0,0.0,0.1321,0.0,0.8679,4.0865,0,2,0,0,0,3.8404,12,0
62,27,1,25,0,2,0,3,1,3,2,0,12,5,45,1,0,0,0,0,0,1,1,1,0,0,0,0,1,1,0.0806,0.1935,0.0,0.7258,4.6235,5,2,0,0,0,3.736,10,0
54,16,7,22,0,2,0,3,1,2,1,0,10,0,44,1,0,0,0,0,0,1,1,1,0,0,0,0,0,0,0.0,0.1852,0.0,0.8148,4.0569,0,2,0,0,0,3.2028,5,0
69,40,11,10,0,4,2,3,1,1,0,0,12,5,52,2,0,0,0,0,0,1,1,0,1,0,0,0,2,1,0.0725,0.1739,0.029,0.7536,4.6339,5,2,0,0,1,3.9776,12,1
66,48,11,0,0,2,5,3,0,0,0,0,11,0,55,0,0,0,0,0,1,1,1,0,1,0,0,0,2,1,0.0,0.1667,0.0758,0.8333,4.4057,0,3,0,0,1,4.179,14,1
37,11,18,0,0,2,0,6,0,0,0,0,9,6,22,1,0,0,0,0,0,1,1,1,0,0,0,0,0,0,0.1622,0.2432,0.0,0.5946,4.0264,4,2,0,0,0,2.8454,2,0
58,15,9,25,0,2,0,3,1,3,2,0,12,5,41,1,0,0,0,0,0,1,1,1,0,0,0,0,0,0,0.0862,0.2069,0.0,0.7069,4.5814,5,2,0,0,0,3.3232,4,0
36,14,14,0,0,2,0,5,0,0,0,0,8,1,27,1,0,0,0,0,0,1,1,1,0,0,0,0,0,0,0.0278,0.2222,0.0,0.75,3.9275,1,2,0,0,0,3.3249,3,0
62,33,11,10,0,4,2,3,1,1,0,0,12,5,45,2,0,0,0,0,0,1,1,0,1,0,0,0,3,1,0.0806,0.1935,0.0323,0.7258,4.5405,5,2,0,0,1,3.8132,10,1
49,14,1,25,0,2,0,3,1,3,2,0,12,5,32,1,0,0,0,0,0,1,1,1,0,0,0,0,0,0,0.102,0.2449,0.0,0.6531,4.6805,5,2,0,0,0,3.3249,4,0
64,16,14,25,0,2,0,5,1,3,2,0,14,6,44,1,0,0,0,0,0,1,1,1,0,0,0,0,0,0,0.0938,0.2188,0.0,0.6875,4.6484,5,2,0,0,0,3.3278,4,0
67,49,11,0,0,2,5,3,0,0,0,0,11,0,56,0,0,0,0,0,1,1,1,0,1,0,0,0,3,1,0.0,0.1642,0.0746,0.8358,4.3191,0,3,0,0,1,4.0713,18,1
19,4,8,0,0,1,0,3,0,0,0,0,5,0,14,0,0,0,0,0,0,0,1,0,1,0,0,1,0,0,0.0,0.2632,0.0,0.7368,3.7474,0,2,0,0,0,2.0,1,1
67,13,29,17,0,4,1,4,1,1,0,0,13,16,38,0,0,0,0,0,0,1,1,0,1,1,0,0,2,1,0.2388,0.194,0.0149,0.5672,4.6796,6,3,1,0,0,2.6612,0,1
64,12,18,25,0,2,0,4,1,3,2,0,13,5,46,1,0,0,0,0,0,1,1,1,0,0,0,0,0,0,0.0781,0.2031,0.0,0.7188,4.5813,5,2,0,0,0,3.2516,3,0
37,23,6,0,0,2,0,3,0,0,0,0,6,0,31,1,0,0,0,0,0,1,1,1,0,0,0,0,0,0,0.0,0.1622,0.0,0.8378,4.0237,0,2,0,0,0,3.3931,8,0
68,50,11,0,0,2,6,3,0,0,0,0,12,0,56,0,0,0,0,0,1,1,1,0,1,0,0,0,3,1,0.0,0.1765,0.0882,0.8235,4.3756,0,3,0,0,1,4.186,14,1
62,20,8,25,0,2,0,3,1,3,2,0,12,5,45,1,0,0,0,0,0,1,1,1,0,0,0,0,1,1,0.0806,0.1935,0.0,0.7258,4.5908,5,2,0,0,0,3.5219,6,0
51,19,24,0,0,2,0,6,0,0,0,0,9,6,36,1,0,0,0,0,0,1,1,1,0,0,0,0,0,0,0.1176,0.1765,0.0,0.7059,4.2972,4,2,0,0,0,3.2608,7,0
44,20,16,0,0,2,0,4,0,0,0,0,7,0,37,1,0,0,0,0,0,1,1,1,0,0,0,0,1,1,0.0,0.1591,0.0,0.8409,3.9989,0,2,0,0,0,3.5219,6,0
39,11,21,0,0,4,1,3,0,0,0,0,9,8,22,0,0,0,0,0,0,1,1,0,1,1,0,0,1,1,0.2051,0.2308,0.0256,0.5641,4.2017,3,3,1,0,0,2.2999,0,1
59,41,11,0,0,2,5,3,0,0,0,0,11,0,48,0,0,0,0,0,1,1,1,0,1,0,0,0,3,1,0.0,0.1864,0.0847,0.8136,4.135,0,3,0,0,1,3.7579,15,1
20,5,8,0,0,1,0,3,0,0,0,0,5,1,14,0,0,0,0,0,0,0,1,0,1,0,0,1,0,0,0.05,0.25,0.0,0.7,3.8842,1,2,0,0,0,2.3219,0,1
19,4,8,0,0,1,0,3,0,0,0,0,5,1,13,0,0,0,0,0,0,0,1,0,1,0,0,1,0,0,0.0526,0.2632,0.0,0.6842,3.6421,1,2,0,0,0,2.0,1,1
67,12,30,17,0,4,1,4,1,1,0,0,13,15,39,0,0,0,0,0,0,1,1,0,1,1,0,0,1,1,0.2239,0.194,0.0149,0.5821,4.8529,6,3,1,0,0,2.4591,0,1
60,18,8,25,0,2,0,3,1,3,2,0,12,5,43,1,0,0,0,0,0,1,1,1,0,0,0,0,1,1,0.0833,0.2,0.0,0.7167,4.7232,5,2,0,0,0,3.4613,5,0
61,10,17,25,0,1,0,4,1,3,2,0,12,5,44,0,0,0,0,0,0,1,1,1,0,0,0,0,0,0,0.082,0.1967,0.0,0.7213,4.5778,5,2,0,0,0,2.6464,4,0
20,5,8,0,0,1,0,3,0,0,0,0,5,0,15,0,0,0,0,0,0,0,1,0,1,0,0,1,0,0,0.0,0.25,0.0,0.75,3.8842,0,2,0,0,0,2.3219,0,1
56,16,6,25,0,3,0,3,1,3,2,0,13,5,38,2,0,0,0,0,0,1,1,1,0,0,0,0,1,1,0.0893,0.2321,0.0,0.6786,4.6773,5,2,0,0,0,3.3278,5,0
22,10,4,0,0,1,0,3,0,0,0,0,5,0,17,0,0,0,0,0,0,0,1,1,0,0,0,0,0,0,0.0,0.2273,0.0,0.7727,3.8797,0,1,0,0,0,3.1219,3,0
55,17,4,25,0,2,0,3,1,3,2,0,12,5,38,1,0,0,0,0,0,1,1,1,0,0,0,0,0,0,0.0909,0.2182,0.0,0.6909,4.6426,5,2,0,0,0,3.3372,6,0
26,11,8,0,0,1,0,3,0,0,0,0,5,1,20,0,0,0,0,0,0,0,1,0,1,0,0,1,0,0,0.0385,0.1923,0.0,0.7692,4.056,1,2,0,0,0,3.0958,3,1
64,12,27,17,0,4,1,4,1,1,0,0,13,15,36,0,0,0,0,0,0,1,1,0,1,1,0,0,3,1,0.2344,0.2031,0.0156,0.5625,4.7013,6,3,1,0,0,2.6887,0,1
62,10,18,25,0,1,0,5,1,3,2,0,13,5,44,0,0,0,0,0,0,1,1,1,0,0,0,0,0,0,0.0806,0.2097,0.0,0.7097,4.5948,5,2,0,0,0,3.3219,3,0
60,18,8,25,0,2,0,3,1,3,2,0,12,5,43,1,0,0,0,0,0,1,1,1,0,0,0,0,1,1,0.0833,0.2,0.0,0.7167,4.6505,5,2,0,0,0,3.3083,4,0
63,13,25,17,0,4,1,4,1,1,0,0,13,16,34,0,0,0,0,0,0,1,1,0,1,1,0,0,2,1,0.254,0.2063,0.0159,0.5397,4.7589,6,3,1,0,0,2.7193,0,1
61,21,6,25,0,2,0,3,1,3,2,0,12,5,44,1,0,0,0,0,0,1,1,1,0,0,0,0,0,0,0.082,0.1967,0.0,0.7213,4.5099,5,2,0,0,0,3.5226,8,0
68,18,16,25,0,2,0,4,1,3,2,0,13,5,50,1,0,0,0,0,0,1,1,1,0,0,0,0,0,0,0.0735,0.1912,0.0,0.7353,4.4955,5,2,0,0,0,3.1972,6,0
40,14,18,0,0,2,0,4,0,0,0,0,7,0,33,1,0,0,0,0,0,1,1,1,0,0,0,0,0,0,0.0,0.175,0.0,0.825,4.0342,0,2,0,0,0,3.182,6,0
56,27,11,10,0,4,1,3,1,1,0,0,11,5,40,2,0,0,0,0,0,1,1,0,1,0,0,0,1,1,0.0893,0.1964,0.0179,0.7143,4.4565,5,2,0,0,1,3.634,9,1
73,17,22,25,0,2,0,4,1,3,2,0,13,6,54,1,0,0,0,0,0,1,1,1,0,0,0,0,0,0,0.0822,0.1781,0.0,0.7397,4.5659,5,2,0,0,0,3.4548,5,0
63,15,14,25,0,2,0,5,1,3,2,0,14,6,43,1,0,0,0,0,0,1,1,1,0,0,0,0,1,1,0.0952,0.2222,0.0,0.6825,4.5725,5,2,0,0,0,3.5069,4,0
65,45,13,0,0,4,2,3,0,0,0,0,10,0,55,2,0,0,0,0,0,1,1,0,1,0,0,0,3,1,0.0,0.1538,0.0308,0.8462,4.2596,0,2,0,0,1,3.9668,17,1
54,34,13,0,0,4,2,3,0,0,0,0,10,0,44,2,0,0,0,0,0,1,1,0,1,0,0,0,4,1,0.0,0.1852,0.037,0.8148,4.2301,0,2,0,0,1,3.8,11,1
38,16,14,0,0,2,0,5,0,0,0,0,8,1,29,1,0,0,0,0,0,1,1,1,0,0,0,0,0,0,0.0263,0.2105,0.0,0.7632,4.0606,1,2,0,0,0,3.4528,5,0
63,14,19,17,0,4,0,4,1,1,0,0,13,21,29,0,0,0,0,0,0,1,1,0,1,1,1,0,2,1,0.3333,0.2063,0.0,0.4603,4.4257,6,4,1,0,0,2.217,0,1
41,15,18,0,0,2,0,6,0,0,0,0,9,6,26,1,0,0,0,0,0,1,1,1,0,0,0,0,0,0,0.1463,0.2195,0.0,0.6341,4.1043,4,2,0,0,0,3.0062,4,0
59,41,11,0,0,2,4,3,0,0,0,0,10,0,49,0,0,0,0,0,1,1,1,0,1,0,0,0,2,1,0.0,0.1695,0.0678,0.8305,4.3259,0,3,0,0,1,3.9972,13,1
67,15,18,25,0,2,0,5,1,3,2,0,14,5,48,1,0,0,0,0,0,1,1,1,0,0,0,0,0,0,0.0746,0.209,0.0,0.7164,4.5992,5,2,0,0,0,3.3736,5,0
20,5,8,0,0,1,0,3,0,0,0,0,5,1,14,0,0,0,0,0,0,0,1,0,1,0,0,1,0,0,0.05,0.25,0.0,0.7,3.8842,1,2,0,0,0,2.3219,0,1
19,10,1,0,0,1,0,3,0,0,0,0,5,0,14,0,0,0,0,0,0,0,1,1,0,0,0,0,0,0,0.0,0.2632,0.0,0.7368,3.6421,0,1,0,0,0,2.8464,4,0
46,16,22,0,0,2,0,4,0,0,0,0,7,0,39,1,0,0,0,0,0,1,1,1,0,0,0,0,0,0,0.0,0.1522,0.0,0.8478,3.9532,0,2,0,0,0,3.5,5,0
26,11,8,0,0,1,0,3,0,0,0,0,5,1,20,0,0,0,0,0,0,0,1,0,1,0,0,1,0,0,0.0385,0.1923,0.0,0.7692,3.9501,1,2,0,0,0,3.0958,3,1
58,19,31,0,0,2,2,4,0,0,0,0,9,3,46,1,0,0,0,0,0,1,1,1,0,0,0,0,0,0,0.0517,0.1552,0.0345,0.7931,4.319,3,2,0,0,0,3.5766,7,0
26,11,8,0,0,1,0,3,0,0,0,0,5,0,21,0,0,0,0,0,0,0,1,0,1,0,0,1,0,0,0.0,0.1923,0.0,0.8077,4.1808,0,2,0,0,0,3.4594,3,1
64,35,11,10,0,4,1,3,1,1,0,0,11,5,48,2,0,0,0,0,0,1,1,0,1,0,0,0,3,1,0.0781,0.1719,0.0156,0.75,4.5986,5,2,0,0,1,3.8973,11,1
61,43,11,0,0,2,5,3,0,0,0,0,11,0,50,0,0,0,0,0,1,1,1,0,1,0,0,0,2,1,0.0,0.1803,0.082,0.8197,4.2528,0,3,0,0,1,4.04,13,1
35,13,14,0,0,2,0,5,0,0,0,0,8,1,26,1,0,0,0,0,0,1,1,1,0,0,0,0,0,0,0.0286,0.2286,0.0,0.7429,3.8262,1,2,0,0,0,3.0851,4,0
26,11,8,0,0,1,0,3,0,0,0,0,5,2,19,0,0,0,0,0,0,0,1,0,1,0,0,1,0,0,0.0769,0.1923,0.0,0.7308,3.9501,1,2,0,0,0,3.0958,3,1
19,4,8,0,0,1,0,3,0,0,0,0,5,0,14,0,0,0,0,0,0,0,1,0,1,0,0,1,0,0,0.0,0.2632,0.0,0.7368,3.5369,0,2,0,0,0,2.0,1,1
59,19,6,25,0,2,0,3,1,3,2,0,12,5,42,1,0,0,0,0,0,1,1,1,0,0,0,0,1,1,0.0847,0.2034,0.0,0.7119,4.6194,5,2,0,0,0,3.5766,6,0
82,24,24,25,0,2,0,6,1,3,2,0,15,11,56,1,0,0,0,0,0,1,1,1,0,0,0,0,0,0,0.1341,0.1829,0.0,0.6829,4.836,5,2,0,0,0,3.6368,9,0
66,13,23,17,0,4,1,4,1,1,0,0,14,20,32,0,0,0,0,0,0,1,1,0,1,1,1,0,3,1,0.303,0.2121,0.0152,0.4848,4.7297,6,4,1,0,0,2.8731,0,1
64,26,4,25,0,2,0,3,1,3,2,0,12,5,47,1,0,0,0,0,0,1,1,1,0,0,0,0,0,0,0.0781,0.1875,0.0,0.7344,4.6171,5,2,0,0,0,3.6612,10,0
61,43,11,0,0,2,5,3,0,0,0,0,11,0,50,0,0,0,0,0,1,1,1,0,1,0,0,0,4,1,0.0,0.1803,0.082,0.8197,4.4046,0,3,0,0,1,4.1269,13,1
60,40,13,0,0,4,2,3,0,0,0,0,10,0,50,2,0,0,0,0,0,1,1,0,1,0,0,0,3,1,0.0,0.1667,0.0333,0.8333,4.1826,0,2,0,0,1,3.8464,13,1
65,13,27,17,0,4,1,4,1,1,0,0,13,16,36,0,0,0,0,0,0,1,1,0,1,1,0,0,3,1,0.2462,0.2,0.0154,0.5538,4.7572,6,3,1,0,0,2.9689,0,1
64,14,16,25,0,2,0,4,1,3,2,0,13,5,46,1,0,0,0,0,0,1,1,1,0,0,0,0,0,0,0.0781,0.2031,0.0,0.7188,4.6167,5,2,0,0,0,3.3788,5,0
68,13,30,17,0,4,1,4,1,1,0,0,13,16,39,0,0,0,0,0,0,1,1,0,1,1,0,0,2,1,0.2353,0.1912,0.0147,0.5735,4.7952,6,3,1,0,0,2.5654,0,1
46,16,22,0,0,2,0,4,0,0,0,0,7,0,39,1,0,0,0,0,0,1,1,1,0,0,0,0,0,0,0.0,0.1522,0.0,0.8478,3.8312,0,2,0,0,0,3.375,5,0
36,12,16,0,0,2,0,4,0,0,0,0,7,0,29,1,0,0,0,0,0,1,1,1,0,0,0,0,0,0,0.0,0.1944,0.0,0.8056,3.9959,0,2,0,0,0,2.8554,3,0
31,15,8,0,0,2,0,3,0,0,0,0,6,0,25,1,0,0,0,0,0,1,1,1,0,0,0,0,0,0,0.0,0.1935,0.0,0.8065,3.9134,0,2,0,0,0,3.2402,6,0
63,45,11,0,0,2,5,3,0,0,0,0,11,0,52,0,0,0,0,0,1,1,1,0,1,0,0,0,3,1,0.0,0.1746,0.0794,0.8254,4.3445,0,3,0,0,1,4.0665,15,1
26,11,8,0,0,1,0,3,0,0,0,0,5,0,21,0,0,0,0,0,0,0,1,0,1,0,0,1,0,0,0.0,0.1923,0.0,0.8077,4.2578,0,2,0,0,0,3.4594,3,1
65,14,26,17,0,4,1,4,1,1,0,0,13,17,35,0,0,0,0,0,0,1,1,0,1,1,0,0,2,1,0.2615,0.2,0.0154,0.5385,4.7486,6,3,1,0,0,2.6456,0,1
70,41,11,10,0,4,2,3,1,1,0,0,12,5,53,2,0,0,0,0,0,1,1,0,1,0,0,0,2,1,0.0714,0.1714,0.0286,0.7571,4.5375,5,2,0,0,1,3.8187,13,1
61,15,21,17,0,4,0,4,1,1,0,0,12,18,31,0,0,0,0,0,0,1,1,0,1,1,0,0,1,1,0.2951,0.1967,0.0,0.5082,4.5438,6,3,1,0,0,2.6062,0,1
56,18,7,22,0,2,0,3,1,2,1,0,10,0,46,1,0,0,0,0,0,1,1,1,0,0,0,0,0,0,0.0,0.1786,0.0,0.8214,4.2604,0,2,0,0,0,3.6144,7,0
79,15,7,48,0,2,0,3,2,5,3,0,16,5,58,1,0,0,0,0,0,1,1,1,0,0,0,0,1,1,0.0633,0.2025,0.0,0.7342,4.6077,5,2,0,0,0,3.5069,4,0
57,28,11,10,0,4,1,3,1,1,0,0,11,5,41,2,0,0,0,0,0,1,1,0,1,0,0,0,2,1,0.0877,0.193,0.0175,0.7193,4.4505,5,2,0,0,1,3.709,7,1
37,20,9,0,0,2,0,3,0,0,0,0,6,0,31,1,0,0,0,0,0,1,1,1,0,0,0,0,0,0,0.0,0.1622,0.0,0.8378,3.9927,0,2,0,0,0,3.2219,8,0
74,45,11,10,0,4,3,3,1,1,0,0,13,5,56,2,0,0,0,0,0,1,1,0,1,0,0,0,3,1,0.0676,0.1757,0.0405,0.7568,4.5201,5,2,0,0,1,3.893,13,1
55,17,4,25,0,2,0,3,1,3,2,0,12,5,38,1,0,0,0,0,0,1,1,1,0,0,0,0,0,0,0.0909,0.2182,0.0,0.6909,4.7035,5,2,0,0,0,3.1751,4,0
62,13,19,17,0,4,0,4,1,1,0,0,13,20,29,0,0,0,0,0,0,1,1,0,1,1,0,0,2,1,0.3226,0.2097,0.0,0.4677,4.4786,6,3,1,0,0,2.4116,0,1
43,23,13,0,0,1,3,3,0,0,0,0,8,1,34,0,0,0,0,0,0,1,1,0,1,0,0,0,2,1,0.0233,0.186,0.0698,0.7907,4.2801,1,2,0,0,0,3.7623,7,1
58,40,11,0,0,2,5,3,0,0,0,0,11,0,47,0,0,0,0,0,1,1,1,0,1,0,0,0,5,1,0.0,0.1897,0.0862,0.8103,4.3134,0,3,0,0,1,3.9848,13,1
63,34,11,10,0,4,2,3,1,1,0,0,12,5,46,2,0,0,0,0,0,1,1,0,1,0,0,0,3,1,0.0794,0.1905,0.0317,0.7302,4.5407,5,2,0,0,1,4.0179,10,1
40,18,14,0,0,2,0,5,0,0,0,0,8,1,31,1,0,0,0,0,0,1,1,1,0,0,0,0,1,1,0.025,0.2,0.0,0.775,3.8562,1,2,0,0,0,3.5033,6,0
57,19,4,25,0,2,0,3,1,3,2,0,12,5,40,1,0,0,0,0,0,1,1,1,0,0,0,0,0,0,0.0877,0.2105,0.0,0.7018,4.5798,5,2,0,0,0,3.2608,7,0
64,35,11,10,0,4,2,3,1,1,0,0,12,5,47,2,0,0,0,0,0,1,1,0,1,0,0,0,3,1,0.0781,0.1875,0.0312,0.7344,4.5196,5,2,0,0,1,3.604,12,1
70,19,18,24,0,1,0,5,1,3,2,0,13,4,53,0,0,0,0,0,0,1,1,1,0,0,0,0,0,0,0.0571,0.1857,0.0,0.7571,4.4999,4,2,0,0,0,3.5369,8,0
57,17,6,25,0,2,0,3,1,3,2,0,12,5,40,1,0,0,0,0,0,1,1,1,0,0,0,0,0,0,0.0877,0.2105,0.0,0.7018,4.5035,5,2,0,0,0,3.3816,7,0
65,36,11,10,0,4,2,3,1,1,0,0,12,5,48,2,0,0,0,0,0,1,1,0,1,0,0,0,4,1,0.0769,0.1846,0.0308,0.7385,4.5317,5,2,0,0,1,3.9194,11,1
56,41,8,0,0,2,3,4,0,0,0,0,10,0,46,1,0,0,0,0,0,1,1,0,1,0,0,0,4,1,0.0,0.1786,0.0536,0.8214,4.2182,0,2,0,0,1,3.8972,14,1
52,34,11,0,0,2,4,3,0,0,0,0,10,0,42,0,0,0,0,0,1,1,1,0,1,0,0,0,2,1,0.0,0.1923,0.0769,0.8077,4.3257,0,3,0,0,1,4.0431,11,1
53,14,5,25,0,2,0,3,1,3,2,0,12,5,36,1,0,0,0,0,0,1,1,1,0,0,0,0,0,0,0.0943,0.2264,0.0,0.6792,4.7603,5,2,0,0,0,3.3249,3,0
58,29,11,10,0,4,1,3,1,1,0,0,11,5,42,2,0,0,0,0,0,1,1,0,1,0,0,0,3,1,0.0862,0.1897,0.0172,0.7241,4.4123,5,2,0,0,1,3.6504,10,1
62,12,25,17,0,4,1,4,1,1,0,0,13,15,34,0,0,0,0,0,0,1,1,0,1,1,0,0,1,1,0.2419,0.2097,0.0161,0.5484,4.6632,6,3,1,0,0,2.8554,0,1
56,36,13,0,0,4,2,3,0,0,0,0,10,0,46,2,0,0,0,0,0,1,1,0,1,0,0,0,2,1,0.0,0.1786,0.0357,0.8214,4.2891,0,2,0,0,1,3.8191,12,1
59,17,8,25,0,2,0,3,1,3,2,0,12,5,42,1,0,0,0,0,0,1,1,1,0,0,0,0,0,0,0.0847,0.2034,0.0,0.7119,4.6827,5,2,0,0,0,3.3372,6,0
40,14,18,0,0,2,0,4,0,0,0,0,7,0,33,1,0,0,0,0,0,1,1,1,0,0,0,0,0,0,0.0,0.175,0.0,0.825,4.0964,0,2,0,0,0,3.3788,4,0
50,32,11,0,0,2,4,3,0,0,0,0,10,0,40,0,0,0,0,0,1,1,1,0,1,0,0,0,2,1,0.0,0.2,0.08,0.8,4.2884,0,3,0,0,1,3.9681,12,1
54,20,1,24,0,2,0,3,1,3,2,0,12,4,38,1,0,0,0,0,0,1,1,1,0,0,0,0,1,1,0.0741,0.2222,0.0,0.7037,4.4949,4,2,0,0,0,3.5219,6,0
33,17,8,0,0,2,0,3,0,0,0,0,6,0,27,1,0,0,0,0,0,1,1,1,0,0,0,0,0,0,0.0,0.1818,0.0,0.8182,3.9196,0,2,0,0,0,3.2195,6,0
65,14,26,17,0,4,1,4,1,1,0,0,13,17,35,0,0,0,0,0,0,1,1,0,1,1,0,0,2,1,0.2615,0.2,0.0154,0.5385,4.6931,6,3,1,0,0,2.6456,0,1
40,14,18,0,0,3,0,5,0,0,0,0,9,0,31,2,0,0,0,0,0,1,1,1,0,0,0,0,0,0,0.0,0.225,0.0,0.775,4.1751,0,2,0,0,0,3.182,4,0
71,21,16,25,0,2,0,4,1,3,2,0,13,5,53,1,0,0,0,0,0,1,1,1,0,0,0,0,0,0,0.0704,0.1831,0.0,0.7465,4.5051,5,2,0,0,0,3.4226,8,0
63,14,16,24,0,2,0,4,1,3,2,0,13,4,46,1,0,0,0,0,0,1,1,1,0,0,0,0,0,0,0.0635,0.2063,0.0,0.7302,4.6256,4,2,0,0,0,3.5216,5,0
63,34,11,10,0,4,2,3,1,1,0,0,12,5,46,2,0,0,0,0,0,1,1,0,1,0,0,0,3,1,0.0794,0.1905,0.0317,0.7302,4.5798,5,2,0,0,1,3.962,10,1
32,18,6,0,0,2,0,3,0,0,0,0,6,0,26,1,0,0,0,0,0,1,1,1,0,0,0,0,1,1,0.0,0.1875,0.0,0.8125,3.6678,0,2,0,0,0,3.3083,4,0
55,17,4,25,0,2,0,3,1,3,2,0,12,5,38,1,0,0,0,0,0,1,1,1,0,0,0,0,0,0,0.0909,0.2182,0.0,0.6909,4.6671,5,2,0,0,0,3.4992,5,0
76,14,32,17,0,4,1,4,1,1,0,0,14,21,41,0,0,0,0,0,0,1,1,0,1,1,1,0,1,1,0.2763,0.1842,0.0132,0.5395,4.7413,6,4,1,0,0,2.4138,0,1
26,11,8,0,0,1,0,3,0,0,0,0,5,0,21,0,0,0,0,0,0,0,1,0,1,0,0,1,0,0,0.0,0.1923,0.0,0.8077,4.1808,0,2,0,0,0,3.4594,3,1
73,15,33,17,0,4,2,4,1,1,0,0,14,18,41,0,0,0,0,0,0,1,1,0,1,1,0,0,3,1,0.2466,0.1918,0.0274,0.5616,4.8234,6,3,1,0,0,2.4729,0,1
53,11,8,25,0,2,0,3,1,3,2,0,12,5,36,1,0,0,0,0,0,1,1,1,0,0,0,0,0,0,0.0943,0.2264,0.0,0.6792,4.6236,5,2,0,0,0,2.8454,2,0
62,42,13,0,0,4,3,3,0,0,0,0,11,0,51,2,0,0,0,0,0,1,1,0,1,0,0,0,4,1,0.0,0.1774,0.0484,0.8226,4.365,0,2,0,0,1,4.0644,13,1
67,17,16,25,0,2,0,4,1,3,2,0,13,5,49,1,0,0,0,0,0,1,1,1,0,0,0,0,0,0,0.0746,0.194,0.0,0.7313,4.5514,5,2,0,0,0,3.4548,6,0
56,38,11,0,0,2,5,3,0,0,0,0,11,0,45,0,0,0,0,0,1,1,1,0,1,0,0,0,4,1,0.0,0.1964,0.0893,0.8036,4.3738,0,3,0,0,1,4.0606,13,1
40,14,18,0,0,2,0,6,0,0,0,0,9,6,25,1,0,0,0,0,0,1,1,1,0,0,0,0,0,0,0.15,0.225,0.0,0.625,4.1464,4,2,0,0,0,2.8963,4,0
77,27,16,25,0,2,0,4,1,3,2,0,13,5,59,1,0,0,0,0,0,1,1,1,0,0,0,0,0,0,0.0649,0.1688,0.0,0.7662,4.6398,5,2,0,0,0,3.7919,9,0
58,38,13,0,0,4,2,3,0,0,0,0,10,0,48,2,0,0,0,0,0,1,1,0,1,0,0,0,3,1,0.0,0.1724,0.0345,0.8276,4.2694,0,2,0,0,1,3.9381,12,1
67,13,29,17,0,4,1,4,1,1,0,0,13,16,38,0,0,0,0,0,0,1,1,0,1,1,0,0,1,1,0.2388,0.194,0.0149,0.5672,4.5617,6,3,1,0,0,2.5654,0,1
66,46,13,0,0,4,3,3,0,0,0,0,11,0,55,2,0,0,0,0,0,1,1,0,1,0,0,0,3,1,0.0,0.1667,0.0455,0.8333,4.226,0,2,0,0,1,3.9283,14,1
27,10,9,0,0,1,0,3,0,0,0,0,5,0,22,0,0,0,0,0,0,0,1,1,0,0,0,0,0,0,0.0,0.1852,0.0,0.8148,3.8101,0,1,0,0,0,3.3219,4,0
65,47,11,0,0,2,5,3,0,0,0,0,11,0,54,0,0,0,0,0,1,1,1,0,1,0,0,0,3,1,0.0,0.1692,0.0769,0.8308,4.2345,0,3,0,0,1,3.8843,16,1
83,25,24,25,0,2,0,6,1,3,2,0,15,11,57,1,0,0,0,0,0,1,1,1,0,0,0,0,2,1,0.1325,0.1807,0.0,0.6867,4.8251,5,2,0,0,0,3.8635,9,0
29,16,5,0,0,2,0,3,0,0,0,0,6,0,23,1,0,0,0,0,0,1,1,1,0,0,0,0,1,1,0.0,0.2069,0.0,0.7931,3.7883,0,2,0,0,0,3.375,5,0
65,23,8,25,0,2,0,3,1,3,2,0,12,5,48,1,0,0,0,0,0,1,1,1,0,0,0,0,0,0,0.0769,0.1846,0.0,0.7385,4.5446,5,2,0,0,0,3.3931,8,0
68,16,18,25,0,2,0,6,1,3,2,0,15,11,42,1,0,0,0,0,0,1,1,1,0,0,0,0,0,0,0.1618,0.2206,0.0,0.6176,4.7436,5,2,0,0,0,3.375,5,0
48,18,22,0,0,2,0,4,0,0,0,0,7,0,41,1,0,0,0,0,0,1,1,1,0,0,0,0,1,1,0.0,0.1458,0.0,0.8542,3.8442,0,2,0,0,0,3.5033,6,0
33,17,8,0,0,2,0,3,0,0,0,0,6,0,27,1,0,0,0,0,0,1,1,1,0,0,0,0,0,0,0.0,0.1818,0.0,0.8182,4.0438,0,2,0,0,0,3.3816,7,0
29,13,8,0,0,1,0,3,0,0,0,0,5,1,23,0,0,0,0,0,0,0,1,1,0,0,0,0,0,0,0.0345,0.1724,0.0,0.7931,3.6335,1,1,0,0,0,3.027,3,0
63,12,26,17,0,4,1,4,1,1,0,0,13,15,35,0,0,0,0,0,0,1,1,0,1,1,0,0,2,1,0.2381,0.2063,0.0159,0.5556,4.7943,6,3,1,0,0,2.8554,0,1
60,40,13,0,0,4,2,3,0,0,0,0,10,0,50,2,0,0,0,0,0,1,1,0,1,0,0,0,3,1,0.0,0.1667,0.0333,0.8333,4.2761,0,2,0,0,1,3.9087,14,1
49,23,18,0,0,2,0,5,0,0,0,0,8,0,41,1,0,0,0,0,0,1,1,1,0,0,0,0,0,0,0.0,0.1633,0.0,0.8367,4.0663,0,2,0,0,0,3.5342,10,0
65,45,13,0,0,4,3,3,0,0,0,0,11,0,54,2,0,0,0,0,0,1,1,0,1,0,0,0,3,1,0.0,0.1692,0.0462,0.8308,4.1591,0,2,0,0,1,3.7896,13,1
68,17,18,24,0,2,0,6,1,3,2,0,15,10,43,1,0,0,0,0,0,1,1,1,0,0,0,0,0,0,0.1471,0.2206,0.0,0.6324,4.6848,4,2,0,0,0,3.4548,5,0
26,11,8,0,0,1,0,3,0,0,0,0,5,1,20,0,0,0,0,0,0,0,1,0,1,0,0,1,0,0,0.0385,0.1923,0.0,0.7692,3.9791,1,2,0,0,0,3.0958,3,1
67,49,11,0,0,2,6,3,0,0,0,0,12,0,55,0,0,0,0,0,1,1,1,0,1,0,0,0,3,1,0.0,0.1791,0.0896,0.8209,4.2667,0,3,0,0,1,3.9638,14,1
62,44,11,0,0,2,5,3,0,0,0,0,11,0,51,0,0,0,0,0,1,1,1,0,1,0,0,0,2,1,0.0,0.1774,0.0806,0.8226,4.2077,0,3,0,0,1,3.7916,16,1
61,41,13,0,0,4,2,3,0,0,0,0,10,0,51,2,0,0,0,0,0,1,1,0,1,0,0,0,2,1,0.0,0.1639,0.0328,0.8361,4.1972,0,2,0,0,1,3.9092,13,1
57,15,8,25,0,2,0,3,1,3,2,0,12,5,40,1,0,0,0,0,0,1,1,1,0,0,0,0,0,0,0.0877,0.2105,0.0,0.7018,4.6306,5,2,0,0,0,3.0566,5,0
28,14,6,0,0,2,0,3,0,0,0,0,6,0,22,1,0,0,0,0,0,1,1,1,0,0,0,0,0,0,0.0,0.2143,0.0,0.7857,3.8693,0,2,0,0,0,3.5216,5,0
55,35,13,0,0,4,2,3,0,0,0,0,10,0,45,2,0,0,0,0,0,1,1,0,1,0,0,0,3,1,0.0,0.1818,0.0364,0.8182,4.3588,0,2,0,0,1,4.0716,12,1
65,36,11,10,0,4,2,3,1,1,0,0,12,5,48,2,0,0,0,0,0,1,1,0,1,0,0,0,5,1,0.0769,0.1846,0.0308,0.7385,4.5745,5,2,0,0,1,4.0487,12,1
68,39,11,10,0,4,2,3,1,1,0,0,12,5,51,2,0,0,0,0,0,1,1,0,1,0,0,0,3,1,0.0735,0.1765,0.0294,0.75,4.598,5,2,0,0,1,3.8872,12,1
59,15,19,17,0,4,0,4,1,1,0,0,12,18,29,0,0,0,0,0,0,1,1,0,1,1,0,0,2,1,0.3051,0.2034,0.0,0.4915,4.5499,6,3,1,0,0,2.8226,0,1
49,11,7,22,0,1,0,3,1,2,1,0,9,0,40,0,0,0,0,0,0,1,1,1,0,0,0,0,0,0,0.0,0.1837,0.0,0.8163,4.1967,0,2,0,0,0,3.0958,4,0
58,40,11,0,0,2,5,3,0,0,0,0,11,0,47,0,0,0,0,0,1,1,1,0,1,0,0,0,4,1,0.0,0.1897,0.0862,0.8103,4.2824,0,3,0,0,1,3.9562,13,1
64,35,11,10,0,4,2,3,1,1,0,0,12,5,47,2,0,0,0,0,0,1,1,0,1,0,0,0,2,1,0.0781,0.1875,0.0312,0.7344,4.6248,5,2,0,0,1,3.9469,12,1
26,11,8,0,0,1,0,3,0,0,0,0,5,0,21,0,0,0,0,0,0,0,1,0,1,0,0,1,0,0,0.0,0.1923,0.0,0.8077,4.2578,0,2,0,0,0,3.4594,3,1
59,39,13,0,0,4,2,3,0,0,0,0,10,0,49,2,0,0,0,0,0,1,1,0,1,0,0,0,4,1,0.0,0.1695,0.0339,0.8305,4.2681,0,2,0,0,1,3.9966,13,1
71,42,11,10,0,4,2,3,1,1,0,0,12,5,54,2,0,0,0,0,0,1,1,0,1,0,0,0,4,1,0.0704,0.169,0.0282,0.7606,4.6154,5,2,0,0,1,4.044,12,1
21,6,8,0,0,1,0,3,0,0,0,0,5,2,14,0,0,0,0,0,0,0,1,0,1,0,0,1,0,0,0.0952,0.2381,0.0,0.6667,3.749,1,2,0,0,0,2.585,1,1
53,18,27,0,0,3,0,4,0,0,0,0,8,16,29,1,0,0,0,0,0,1,1,1,0,0,0,0,0,0,0.3019,0.1509,0.0,0.5472,4.532,16,2,0,0,0,3.5724,5,0
65,36,11,10,0,4,2,3,1,1,0,0,12,5,48,2,0,0,0,0,0,1,1,0,1,0,0,0,4,1,0.0769,0.1846,0.0308,0.7385,4.6548,5,2,0,0,1,4.1762,10,1
23,10,5,0,0,1,0,3,0,0,0,0,5,0,18,0,0,0,0,0,0,0,1,1,0,0,0,0,0,0,0.0,0.2174,0.0,0.7826,3.6212,0,1,0,0,0,2.6464,4,0
33,17,8,0,0,1,0,3,0,0,0,0,5,0,28,0,0,0,0,0,0,0,1,1,0,0,0,0,0,0,0.0,0.1515,0.0,0.8485,4.2256,0,1,0,0,0,3.6901,5,0
44,14,22,0,0,3,0,4,0,0,0,0,8,0,36,2,0,0,0,0,0,1,1,1,0,0,0,0,0,0,0.0,0.1818,0.0,0.8182,3.9734,0,2,0,0,0,2.9852,4,0
75,17,24,25,0,3,0,6,1,3,2,0,16,11,48,2,0,0,0,0,0,1,1,1,0,0,0,0,1,1,0.1467,0.2133,0.0,0.64,4.8433,5,2,0,0,0,3.3372,5,0
20,5,8,0,0,1,0,3,0,0,0,0,5,1,14,0,0,0,0,0,0,0,1,0,1,0,0,1,0,0,0.05,0.25,0.0,0.7,3.7842,1,2,0,0,0,2.3219,0,1
59,16,9,25,0,2,0,3,1,3,2,0,12,5,42,1,0,0,0,0,0,1,1,1,0,0,0,0,0,0,0.0847,0.2034,0.0,0.7119,4.6472,5,2,0,0,0,3.4528,5,0
35,12,15,0,0,2,0,3,0,0,0,0,6,0,29,1,0,0,0,0,0,1,1,1,0,0,0,0,0,0,0.0,0.1714,0.0,0.8286,4.2646,0,2,0,0,0,3.0221,2,0
56,41,8,0,0,2,3,3,0,0,0,0,9,0,47,1,0,0,0,0,0,1,1,0,1,0,0,0,2,1,0.0,0.1607,0.0536,0.8393,4.3716,0,2,0,0,1,4.0923,13,1
68,14,24,17,0,4,1,4,1,1,0,0,14,21,33,0,0,0,0,0,0,1,1,0,1,1,1,0,3,1,0.3088,0.2059,0.0147,0.4853,4.8261,6,4,1,0,0,2.6456,0,1
31,14,9,0,0,2,0,4,0,0,0,0,8,0,23,1,0,0,0,0,0,1,1,1,0,0,0,0,0,0,0.0,0.2581,0.0,0.7419,4.0424,0,2,0,0,0,3.3788,4,0
42,16,18,0,0,2,0,6,0,0,0,0,9,6,27,1,0,0,0,0,0,1,1,1,0,0,0,0,0,0,0.1429,0.2143,0.0,0.6429,4.1689,4,2,0,0,0,3.4528,5,0
69,15,29,17,0,4,1,4,1,1,0,0,13,18,38,0,0,0,0,0,0,1,1,0,1,1,0,0,2,1,0.2609,0.1884,0.0145,0.5507,4.6339,6,3,1,0,0,2.4226,0,1
64,21,9,25,0,2,0,3,1,3,2,0,12,5,47,1,0,0,0,0,0,1,1,1,0,0,0,0,1,1,0.0781,0.1875,0.0,0.7344,4.5531,5,2,0,0,0,3.3447,6,0
64,12,18,25,0,3,0,4,1,3,2,0,14,5,45,2,0,0,0,0,0,1,1,1,0,0,0,0,0,0,0.0781,0.2188,0.0,0.7031,4.7688,5,2,0,0,0,2.7925,3,0
58,38,13,0,0,4,2,3,0,0,0,0,10,0,48,2,0,0,0,0,0,1,1,0,1,0,0,0,2,1,0.0,0.1724,0.0345,0.8276,4.1223,0,2,0,0,1,3.6981,14,1
56,38,11,0,0,2,4,3,0,0,0,0,10,0,46,0,0,0,0,0,1,1,1,0,1,0,0,0,2,1,0.0,0.1786,0.0714,0.8214,4.3916,0,3,0,0,1,4.0235,12,1
20,5,8,0,0,1,0,3,0,0,0,0,5,1,14,0,0,0,0,0,0,0,1,0,1,0,0,1,0,0,0.05,0.25,0.0,0.7,3.9842,1,2,0,0,0,2.3219,0,1
69,11,24,25,0,2,0,6,1,3,2,0,15,11,43,1,0,0,0,0,0,1,1,1,0,0,0,0,0,0,0.1594,0.2174,0.0,0.6232,4.7152,5,2,0,0,0,3.0958,5,0
70,41,11,10,0,4,2,3,1,1,0,0,12,5,53,2,0,0,0,0,0,1,1,0,1,0,0,0,2,1,0.0714,0.1714,0.0286,0.7571,4.4821,5,2,0,0,1,3.842,12,1
57,15,8,25,0,2,0,3,1,3,2,0,12,5,40,1,0,0,0,0,0,1,1,1,0,0,0,0,0,0,0.0877,0.2105,0.0,0.7018,4.5609,5,2,0,0,0,3.5069,6,0
56,27,11,10,0,4,1,3,1,1,0,0,11,5,40,2,0,0,0,0,0,1,1,0,1,0,0,0,3,1,0.0893,0.1964,0.0179,0.7143,4.5086,5,2,0,0,1,3.7821,8,1
73,15,33,17,0,4,2,4,1,1,0,0,14,18,41,0,0,0,0,0,0,1,1,0,1,1,0,0,3,1,0.2466,0.1918,0.0274,0.5616,4.7359,6,3,1,0,0,2.5232,0,1
59,41,11,0,0,2,5,3,0,0,0,0,11,0,48,0,0,0,0,0,1,1,1,0,1,0,0,0,3,1,0.0,0.1864,0.0847,0.8136,4.2847,0,3,0,0,1,4.1227,13,1
20,5,8,0,0,1,0,3,0,0,0,0,5,0,15,0,0,0,0,0,0,0,1,0,1,0,0,1,0,0,0.0,0.25,0.0,0.75,3.9842,0,2,0,0,0,2.3219,0,1
57,37,13,0,0,4,2,3,0,0,0,0,10,0,47,2,0,0,0,0,0,1,1,0,1,0,0,0,2,1,0.0,0.1754,0.0351,0.8246,4.2469,0,2,0,0,1,3.872,13,1
72,14,33,17,0,4,1,4,1,1,0,0,13,17,42,0,0,0,0,0,0,1,1,0,1,1,0,0,3,1,0.2361,0.1806,0.0139,0.5833,4.8333,6,3,1,0,0,2.4138,0,1
21,6,8,0,0,1,0,3,0,0,0,0,5,1,15,0,0,0,0,0,0,0,1,0,1,0,0,1,0,0,0.0476,0.2381,0.0,0.7143,3.8442,1,2,0,0,0,2.585,1,1
64,44,13,0,0,4,3,3,0,0,0,0,11,0,53,2,0,0,0,0,0,1,1,0,1,0,0,0,3,1,0.0,0.1719,0.0469,0.8281,4.2185,0,2,0,0,1,3.8765,13,1
63,14,24,17,0,4,1,4,1,1,0,0,13,17,33,0,0,0,0,0,0,1,1,0,1,1,0,0,2,1,0.2698,0.2063,0.0159,0.5238,4.6084,6,3,1,0,0,2.4138,0,1
66,37,11,10,0,4,3,3,1,1,0,0,13,5,48,2,0,0,0,0,0,1,1,0,1,0,0,0,4,1,0.0758,0.197,0.0455,0.7273,4.6459,5,2,0,0,1,4.1141,11,1
62,12,17,24,0,2,0,4,1,3,2,0,13,4,45,1,0,0,0,0,0,1,1,1,0,0,0,0,0,0,0.0645,0.2097,0.0,0.7258,4.577,4,2,0,0,0,3.4183,4,0
45,15,22,0,0,2,0,4,0,0,0,0,7,0,38,1,0,0,0,0,0,1,1,1,0,0,0,0,0,0,0.0,0.1556,0.0,0.8444,4.0389,0,2,0,0,0,3.0566,5,0
66,46,13,0,0,4,2,3,0,0,0,0,10,0,56,2,0,0,0,0,0,1,1,0,1,0,0,0,3,1,0.0,0.1515,0.0303,0.8485,4.3073,0,2,0,0,1,4.0693,16,1
68,39,11,10,0,4,2,3,1,1,0,0,12,5,51,2,0,0,0,0,0,1,1,0,1,0,0,0,2,1,0.0735,0.1765,0.0294,0.75,4.5521,5,2,0,0,1,3.8872,11,1
66,14,27,17,0,4,1,4,1,1,0,0,13,17,36,0,0,0,0,0,0,1,1,0,1,1,0,0,3,1,0.2576,0.197,0.0152,0.5455,4.5593,6,3,1,0,0,2.3527,0,1
66,46,13,0,0,4,3,3,0,0,0,0,11,0,55,2,0,0,0,0,0,1,1,0,1,0,0,0,3,1,0.0,0.1667,0.0455,0.8333,4.2483,0,2,0,0,1,3.9203,14,1
60,42,11,0,0,2,5,3,0,0,0,0,11,0,49,0,0,0,0,0,1,1,1,0,1,0,0,0,3,1,0.0,0.1833,0.0833,0.8167,4.4822,0,3,0,0,1,4.1392,15,1
69,13,22,25,0,1,0,4,1,3,2,0,12,6,51,0,0,0,0,0,0,1,1,1,0,0,0,0,0,0,0.087,0.1739,0.0,0.7391,4.5463,5,2,0,0,0,3.027,3,0
21,6,8,0,0,1,0,3,0,0,0,0,5,0,16,0,0,0,0,0,0,0,1,0,1,0,0,1,0,0,0.0,0.2381,0.0,0.7619,3.8442,0,2,0,0,0,2.585,1,1
50,18,24,0,0,2,0,6,0,0,0,0,9,6,35,1,0,0,0,0,0,1,1,1,0,0,0,0,0,0,0.12,0.18,0.0,0.7,4.1138,4,2,0,0,0,3.1972,6,0
41,15,18,0,0,2,0,5,0,0,0,0,8,0,33,1,0,0,0,0,0,1,1,1,0,0,0,0,0,0,0.0,0.1951,0.0,0.8049,4.1227,0,2,0,0,0,3.2402,6,0
55,17,7,22,0,2,0,3,1,2,1,0,10,0,45,1,0,0,0,0,0,1,1,1,0,0,0,0,1,1,0.0,0.1818,0.0,0.8182,4.1269,0,2,0,0,0,3.3816,5,0
72,43,11,10,0,4,2,3,1,1,0,0,12,5,55,2,0,0,0,0,0,1,1,0,1,0,0,0,3,1,0.0694,0.1667,0.0278,0.7639,4.7304,5,2,0,0,1,4.1672,14,1
49,19,22,0,0,2,0,4,0,0,0,0,7,0,42,1,0,0,0,0,0,1,1,1,0,0,0,0,1,1,0.0,0.1429,0.0,0.8571,4.006,0,2,0,0,0,3.5766,6,0
38,22,8,0,0,2,0,3,0,0,0,0,6,0,32,1,0,0,0,0,0,1,1,1,0,0,0,0,0,0,0.0,0.1579,0.0,0.8421,3.9881,0,2,0,0,0,3.6069,8,0
27,14,5,0,0,2,0,4,0,0,0,0,7,1,19,1,0,0,0,0,0,1,1,1,0,0,0,0,0,0,0.037,0.2593,0.0,0.7037,3.838,1,2,0,0,0,3.0391,5,0
53,35,11,0,0,2,5,3,0,0,0,0,11,0,42,0,0,0,0,0,1,1,1,0,1,0,0,0,3,1,0.0,0.2075,0.0943,0.7925,4.3668,0,3,0,0,1,4.0472,12,1
62,12,20,17,0,4,0,4,1,1,0,0,13,19,30,0,0,0,0,0,0,1,1,0,1,1,1,0,1,1,0.3065,0.2097,0.0,0.4839,4.6073,6,4,1,0,0,2.6258,0,1
44,12,24,0,0,2,1,3,0,0,0,0,7,0,37,1,0,0,0,0,0,1,1,1,0,0,0,0,1,1,0.0,0.1591,0.0227,0.8409,4.0987,0,2,0,0,0,3.0221,3,0
54,36,11,0,0,2,4,3,0,0,0,0,10,0,44,0,0,0,0,0,1,1,1,0,1,0,0,0,3,1,0.0,0.1852,0.0741,0.8148,4.3128,0,3,0,0,1,3.9959,12,1
33,19,6,0,0,2,0,3,0,0,0,0,6,0,27,1,0,0,0,0,0,1,1,1,0,0,0,0,0,0,0.0,0.1818,0.0,0.8182,3.9832,0,2,0,0,0,3.6819,6,0
63,21,8,25,0,2,0,3,1,3,2,0,12,5,46,1,0,0,0,0,0,1,1,1,0,0,0,0,0,0,0.0794,0.1905,0.0,0.7302,4.622,5,2,0,0,0,3.4226,8,0
64,46,11,0,0,2,5,3,0,0,0,0,11,0,53,0,0,0,0,0,1,1,1,0,1,0,0,0,2,1,0.0,0.1719,0.0781,0.8281,4.2559,0,3,0,0,1,3.8604,16,1
73,25,14,25,0,2,0,5,1,3,2,0,14,6,53,1,0,0,0,0,0,1,1,1,0,0,0,0,1,1,0.0822,0.1918,0.0,0.726,4.6096,5,2,0,0,0,3.8439,7,0
61,13,18,17,0,4,0,4,1,1,0,0,13,20,28,0,0,0,0,0,0,1,1,0,1,1,1,0,1,1,0.3279,0.2131,0.0,0.459,4.5042,6,4,1,0,0,2.6032,0,1
21,6,8,0,0,1,0,3,0,0,0,0,5,2,14,0,0,0,0,0,0,0,1,0,1,0,0,1,0,0,0.0952,0.2381,0.0,0.6667,3.8442,1,2,0,0,0,2.585,1,1
63,45,11,0,0,2,5,3,0,0,0,0,11,0,52,0,0,0,0,0,1,1,1,0,1,0,0,0,4,1,0.0,0.1746,0.0794,0.8254,4.2883,0,3,0,0,1,3.9754,16,1
70,41,11,10,0,4,3,3,1,1,0,0,13,5,52,2,0,0,0,0,0,1,1,0,1,0,0,0,5,1,0.0714,0.1857,0.0429,0.7429,4.5413,5,2,0,0,1,3.9051,12,1
24,15,1,0,0,2,0,3,0,0,0,0,6,0,18,1,0,0,0,0,0,1,1,1,0,0,0,0,0,0,0.0,0.25,0.0,0.75,3.9387,0,2,0,0,0,3.3232,4,0
54,25,11,10,0,4,1,3,1,1,0,0,11,5,38,2,0,0,0,0,0,1,1,0,1,0,0,0,4,1,0.0926,0.2037,0.0185,0.7037,4.498,5,2,0,0,1,3.9737,8,1
76,13,33,17,0,4,2,4,1,1,0,0,15,20,41,0,0,0,0,0,0,1,1,0,1,1,1,0,3,1,0.2632,0.1974,0.0263,0.5395,4.904,6,4,1,0,0,2.8731,0,1
38,22,8,0,0,2,0,3,0,0,0,0,6,0,32,1,0,0,0,0,0,1,1,1,0,0,0,0,1,1,0.0,0.1579,0.0,0.8421,4.2012,0,2,0,0,0,3.6635,8,0
43,17,18,0,0,2,0,6,0,0,0,0,9,6,28,1,0,0,0,0,0,1,1,1,0,0,0,0,0,0,0.1395,0.2093,0.0,0.6512,4.1093,4,2,0,0,0,3.1751,4,0
68,39,11,10,0,4,2,3,1,1,0,0,12,5,51,2,0,0,0,0,0,1,1,0,1,0,0,0,4,1,0.0735,0.1765,0.0294,0.75,4.637,5,2,0,0,1,4.0066,12,1
20,5,8,0,0,1,0,3,0,0,0,0,5,1,14,0,0,0,0,0,0,0,1,0,1,0,0,1,0,0,0.05,0.25,0.0,0.7,3.9842,1,2,0,0,0,2.3219,0,1
52,20,24,0,0,2,0,6,0,0,0,0,9,6,37,1,0,0,0,0,0,1,1,1,0,0,0,0,0,0,0.1154,0.1731,0.0,0.7115,4.3516,4,2,0,0,0,3.2842,7,0
37,24,5,0,0,2,0,3,0,0,0,0,6,0,31,1,0,0,0,0,0,1,1,1,0,0,0,0,1,1,0.0,0.1622,0.0,0.8378,4.0672,0,2,0,0,0,3.7516,9,0
71,13,33,17,0,4,2,4,1,1,0,0,14,16,41,0,0,0,0,0,0,1,1,0,1,1,0,0,2,1,0.2254,0.1972,0.0282,0.5775,4.8238,6,3,1,0,0,2.6612,0,1
51,13,7,22,0,2,0,3,1,2,1,0,10,0,41,1,0,0,0,0,0,1,1,1,0,0,0,0,0,0,0.0,0.1961,0.0,0.8039,4.1403,0,2,0,0,0,3.2389,5,0
40,14,18,0,0,2,0,4,0,0,0,0,7,0,33,1,0,0,0,0,0,1,1,1,0,0,0,0,0,0,0.0,0.175,0.0,0.825,3.9653,0,2,0,0,0,3.0391,5,0
23,14,1,0,0,2,0,3,0,0,0,0,6,0,17,1,0,0,0,0,0,1,1,1,0,0,0,0,0,0,0.0,0.2609,0.0,0.7391,3.6425,0,2,0,0,0,2.8424,4,0
35,19,8,0,0,2,0,3,0,0,0,0,6,0,29,1,0,0,0,0,0,1,1,1,0,0,0,0,1,1,0.0,0.1714,0.0,0.8286,4.0716,0,2,0,0,0,3.5766,6,0
44,18,18,0,0,2,0,4,0,0,0,0,7,0,37,1,0,0,0,0,0,1,1,1,0,0,0,0,0,0,0.0,0.1591,0.0,0.8409,3.8974,0,2,0,0,0,3.1972,6,0
20,5,8,0,0,1,0,3,0,0,0,0,5,1,14,0,0,0,0,0,0,0,1,0,1,0,0,1,0,0,0.05,0.25,0.0,0.7,3.8842,1,2,0,0,0,2.3219,1,1
63,11,18,25,0,2,0,5,1,3,2,0,14,5,44,1,0,0,0,0,0,1,1,1,0,0,0,0,0,0,0.0794,0.2222,0.0,0.6984,4.6275,5,2,0,0,0,2.8454,2,0
66,24,8,25,0,2,0,3,1,3,2,0,12,5,49,1,0,0,0,0,0,1,1,1,0,0,0,0,0,0,0.0758,0.1818,0.0,0.7424,4.62,5,2,0,0,0,3.7202,9,0
34,17,9,0,0,2,0,3,0,0,0,0,6,0,28,1,0,0,0,0,0,1,1,1,0,0,0,0,0,0,0.0,0.1765,0.0,0.8235,3.716,0,2,0,0,0,3.4104,5,0
57,15,8,25,0,2,0,3,1,3,2,0,12,5,40,1,0,0,0,0,0,1,1,1,0,0,0,0,0,0,0.0877,0.2105,0.0,0.7018,4.7491,5,2,0,0,0,3.1899,5,0
65,13,27,17,0,4,1,4,1,1,0,0,13,16,36,0,0,0,0,0,0,1,1,0,1,1,0,0,3,1,0.2462,0.2,0.0154,0.5538,4.5295,6,3,1,0,0,2.4493,0,1
41,15,18,0,0,2,0,4,0,0,0,0,7,0,34,1,0,0,0,0,0,1,1,1,0,0,0,0,0,0,0.0,0.1707,0.0,0.8293,4.0763,0,2,0,0,0,3.2402,6,0
57,37,13,0,0,4,2,3,0,0,0,0,10,0,47,2,0,0,0,0,0,1,1,0,1,0,0,0,2,1,0.0,0.1754,0.0351,0.8246,4.278,0,2,0,0,1,3.9927,12,1
18,9,1,0,0,1,0,3,0,0,0,0,5,0,13,0,0,0,0,0,0,0,1,1,0,0,0,0,0,0,0.0,0.2778,0.0,0.7222,3.5724,0,1,0,0,0,2.9477,2,0
67,38,11,10,0,4,2,3,1,1,0,0,12,5,50,2,0,0,0,0,0,1,1,0,1,0,0,0,2,1,0.0746,0.1791,0.0299,0.7463,4.4034,5,2,0,0,1,3.5434,11,1
55,35,13,0,0,4,2,3,0,0,0,0,10,0,45,2,0,0,0,0,0,1,1,0,1,0,0,0,2,1,0.0,0.1818,0.0364,0.8182,4.3673,0,2,0,0,1,3.9713,11,1
61,41,13,0,0,4,2,3,0,0,0,0,10,0,51,2,0,0,0,0,0,1,1,0,1,0,0,0,4,1,0.0,0.1639,0.0328,0.8361,4.2159,0,2,0,0,1,3.8723,15,1
64,13,21,17,0,4,0,4,1,1,0,0,13,20,31,0,0,0,0,0,0,1,1,0,1,1,1,0,1,1,0.3125,0.2031,0.0,0.4844,4.7223,6,4,1,0,0,2.6612,0,1
45,15,22,0,0,2,0,4,0,0,0,0,7,0,38,1,0,0,0,0,0,1,1,1,0,0,0,0,0,0,0.0,0.1556,0.0,0.8444,3.9587,0,2,0,0,0,3.3736,5,0
26,11,8,0,0,1,0,3,0,0,0,0,5,1,20,0,0,0,0,0,0,0,1,0,1,0,0,1,0,0,0.0385,0.1923,0.0,0.7692,4.056,1,2,0,0,0,3.0958,3,1
26,17,1,0,0,2,0,3,0,0,0,0,6,0,20,1,0,0,0,0,0,1,1,1,0,0,0,0,0,0,0.0,0.2308,0.0,0.7692,3.7962,0,2,0,0,0,3.3816,7,0
70,18,18,25,0,2,0,4,1,3,2,0,13,5,52,1,0,0,0,0,0,1,1,1,0,0,0,0,1,1,0.0714,0.1857,0.0,0.7429,4.6448,5,2,0,0,0,3.4613,6,0
69,13,22,25,0,1,0,4,1,3,2,0,12,5,52,0,0,0,0,0,0,1,1,1,0,0,0,0,0,0,0.0725,0.1739,0.0,0.7536,4.5287,5,2,0,0,0,3.027,4,0
60,40,13,0,0,4,2,3,0,0,0,0,10,0,50,2,0,0,0,0,0,1,1,0,1,0,0,0,2,1,0.0,0.1667,0.0333,0.8333,4.1608,0,2,0,0,1,3.7537,16,1
26,11,8,0,0,1,0,3,0,0,0,0,5,0,21,0,0,0,0,0,0,0,1,0,1,0,0,1,0,0,0.0,0.1923,0.0,0.8077,4.1329,0,2,0,0,0,3.4594,3,1
68,39,11,10,0,4,2,3,1,1,0,0,12,5,51,2,0,0,0,0,0,1,1,0,1,0,0,0,3,1,0.0735,0.1765,0.0294,0.75,4.5317,5,2,0,0,1,3.8104,11,1
27,13,6,0,0,1,0,3,0,0,0,0,5,1,21,0,0,0,0,0,0,0,1,1,0,0,0,0,0,0,0.037,0.1852,0.0,0.7778,3.7821,1,1,0,0,0,3.027,3,0
72,14,24,25,0,2,0,6,1,3,2,0,15,11,46,1,0,0,0,0,0,1,1,1,0,0,0,0,0,0,0.1528,0.2083,0.0,0.6389,4.6921,5,2,0,0,0,3.182,6,0
40,14,18,0,0,2,0,5,0,0,0,0,8,0,32,1,0,0,0,0,0,1,1,1,0,0,0,0,0,0,0.0,0.2,0.0,0.8,4.1939,0,2,0,0,0,2.8963,4,0
50,20,22,0,0,2,0,4,0,0,0,0,7,0,43,1,0,0,0,0,0,1,1,1,0,0,0,0,0,0,0.0,0.14,0.0,0.86,3.9966,0,2,0,0,0,3.2219,8,0
73,13,35,17,0,4,2,4,1,1,0,0,14,16,43,0,0,0,0,0,0,1,1,0,1,1,0,0,2,1,0.2192,0.1918,0.0274,0.589,4.8248,6,3,1,0,0,2.8151,0,1
53,35,11,0,0,1,2,3,0,0,0,0,7,2,44,0,0,0,0,0,0,1,1,0,1,0,0,0,1,1,0.0377,0.1321,0.0377,0.8302,4.2016,2,2,0,0,0,4.0004,12,1
71,42,11,10,0,4,2,3,1,1,0,0,12,5,54,2,0,0,0,0,0,1,1,0,1,0,0,0,4,1,0.0704,0.169,0.0282,0.7606,4.475,5,2,0,0,1,3.7723,15,1
20,5,8,0,0,1,0,3,0,0,0,0,5,1,14,0,0,0,0,0,0,0,1,0,1,0,0,1,0,0,0.05,0.25,0.0,0.7,3.8842,1,2,0,0,0,2.3219,0,1
58,10,14,25,0,1,0,5,1,3,2,0,13,6,39,0,0,0,0,0,0,1,1,1,0,0,0,0,0,0,0.1034,0.2241,0.0,0.6724,4.578,5,2,0,0,0,3.1219,4,0
34,21,5,0,0,2,0,3,0,0,0,0,6,0,28,1,0,0,0,0,0,1,1,1,0,0,0,0,0,0,0.0,0.1765,0.0,0.8235,4.1163,0,2,0,0,0,3.8802,7,0
51,22,11,10,0,4,1,3,1,1,0,0,11,5,35,2,0,0,0,0,0,1,1,0,1,0,0,0,3,1,0.098,0.2157,0.0196,0.6863,4.6572,5,2,0,0,1,3.9706,7,1
64,35,11,10,0,4,2,3,1,1,0,0,12,5,47,2,0,0,0,0,0,1,1,0,1,0,0,0,3,1,0.0781,0.1875,0.0312,0.7344,4.5664,5,2,0,0,1,4.0931,10,1
24,15,1,0,0,2,0,3,0,0,0,0,6,0,18,1,0,0,0,0,0,1,1,1,0,0,0,0,0,0,0.0,0.25,0.0,0.75,3.4387,0,2,0,0,0,3.0062,5,0
43,17,18,0,0,2,0,4,0,0,0,0,7,0,36,1,0,0,0,0,0,1,1,1,0,0,0,0,0,0,0.0,0.1628,0.0,0.8372,3.9864,0,2,0,0,0,3.3816,7,0
47,22,17,0,0,2,0,4,0,0,0,0,7,0,40,1,0,0,0,0,0,1,1,1,0,0,0,0,0,0,0.0,0.1489,0.0,0.8511,4.1634,0,2,0,0,0,3.8231,6,0
60,46,7,0,0,1,4,3,0,0,0,0,9,0,51,0,0,0,0,0,1,1,1,0,1,0,0,0,4,1,0.0,0.15,0.0667,0.85,4.1652,0,3,0,0,1,3.9939,16,1
56,18,4,25,0,2,0,3,1,3,2,0,12,5,39,1,0,0,0,0,0,1,1,1,0,0,0,0,0,0,0.0893,0.2143,0.0,0.6964,4.6193,5,2,0,0,0,3.4613,7,0
60,36,17,0,0,3,3,3,0,0,0,0,10,0,50,0,0,0,0,0,0,1,1,0,1,0,0,0,1,1,0.0,0.1667,0.05,0.8333,4.2067,0,2,0,0,1,3.8956,14,1
35,19,8,0,0,2,0,3,0,0,0,0,6,0,29,1,0,0,0,0,0,1,1,1,0,0,0,0,1,1,0.0,0.1714,0.0,0.8286,3.6996,0,2,0,0,0,3.2608,6,0
67,17,16,25,0,2,0,4,1,3,2,0,13,5,49,1,0,0,0,0,0,1,1,1,0,0,0,0,0,0,0.0746,0.194,0.0,0.7313,4.6013,5,2,0,0,0,3.2639,8,0
58,20,7,22,0,2,0,3,1,2,1,0,10,0,48,1,0,0,0,0,0,1,1,1,0,0,0,0,0,0,0.0,0.1724,0.0,0.8276,4.2754,0,2,0,0,0,3.3842,8,0
42,17,17,0,0,2,0,4,0,0,0,0,7,0,35,1,0,0,0,0,0,1,1,1,0,0,0,0,0,0,0.0,0.1667,0.0,0.8333,3.9098,0,2,0,0,0,3.4992,5,0
29,15,6,0,0,2,0,3,0,0,0,0,6,0,23,1,0,0,0,0,0,1,1,1,0,0,0,0,0,0,0.0,0.2069,0.0,0.7931,3.8573,0,2,0,0,0,3.3232,3,0
20,5,8,0,0,1,0,3,0,0,0,0,5,2,13,0,0,0,0,0,0,0,1,0,1,0,0,1,0,0,0.1,0.25,0.0,0.65,3.9842,1,2,0,0,0,2.3219,0,1
25,16,1,0,0,3,0,3,0,0,0,0,7,0,18,2,0,0,0,0,0,1,1,1,0,0,0,0,0,0,0.0,0.28,0.0,0.72,3.8333,0,2,0,0,0,3.1556,5,0
54,13,16,17,0,4,0,4,1,1,0,0,12,16,26,0,0,0,0,0,0,1,1,0,1,1,0,0,1,1,0.2963,0.2222,0.0,0.4815,4.5089,6,3,1,0,0,2.6612,0,1
57,39,11,0,0,2,4,3,0,0,0,0,10,0,47,0,0,0,0,0,1,1,1,0,1,0,0,0,3,1,0.0,0.1754,0.0702,0.8246,4.1899,0,3,0,0,1,3.8627,13,1
64,16,14,25,0,2,0,5,1,3,2,0,14,6,44,1,0,0,0,0,0,1,1,1,0,0,0,0,0,0,0.0938,0.2188,0.0,0.6875,4.6971,5,2,0,0,0,3.1556,5,0
57,27,22,0,0,2,0,4,0,0,0,0,7,0,50,1,0,0,0,0,0,1,1,1,0,0,0,0,1,1,0.0,0.1228,0.0,0.8772,4.1213,0,2,0,0,0,3.736,10,0
70,52,11,0,0,2,5,3,0,0,0,0,11,0,59,0,0,0,0,0,1,1,1,0,1,0,0,0,3,1,0.0,0.1571,0.0714,0.8429,4.3932,0,3,0,0,1,4.0805,18,1
62,14,14,25,0,2,0,5,1,3,2,0,14,6,42,1,0,0,0,0,0,1,1,1,0,0,0,0,0,0,0.0968,0.2258,0.0,0.6774,4.6774,5,2,0,0,0,3.0391,6,0
48,18,22,0,0,2,0,4,0,0,0,0,7,0,41,1,0,0,0,0,0,1,1,1,0,0,0,0,1,1,0.0,0.1458,0.0,0.8542,3.7807,0,2,0,0,0,3.4613,6,0
30,18,4,0,0,2,0,3,0,0,0,0,6,0,24,1,0,0,0,0,0,1,1,1,0,0,0,0,0,0,0.0,0.2,0.0,0.8,4.1232,0,2,0,0,0,3.5724,7,0
64,35,11,10,0,4,2,3,1,1,0,0,12,5,47,2,0,0,0,0,0,1,1,0,1,0,0,0,4,1,0.0781,0.1875,0.0312,0.7344,4.5859,5,2,0,0,1,3.8326,11,1
74,22,18,25,0,2,0,5,1,3,2,0,14,5,55,1,0,0,0,0,0,1,1,1,0,0,0,0,1,1,0.0676,0.1892,0.0,0.7432,4.586,5,2,0,0,0,3.6978,7,0
26,11,8,0,0,1,0,3,0,0,0,0,5,1,20,0,0,0,0,0,0,0,1,0,1,0,0,1,0,0,0.0385,0.1923,0.0,0.7692,4.1518,1,2,0,0,0,3.4594,3,1
30,14,8,0,0,2,0,3,0,0,0,0,6,0,24,1,0,0,0,0,0,1,1,1,0,0,0,0,0,0,0.0,0.2,0.0,0.8,3.8314,0,2,0,0,0,3.3788,4,0
65,14,26,17,0,4,1,4,1,1,0,0,13,17,35,0,0,0,0,0,0,1,1,0,1,1,0,0,2,1,0.2615,0.2,0.0154,0.5385,4.7088,6,3,1,0,0,2.8424,0,1
27,13,6,0,0,2,0,3,0,0,0,0,6,0,21,1,0,0,0,0,0,1,1,1,0,0,0,0,0,0,0.0,0.2222,0.0,0.7778,3.736,0,2,0,0,0,3.027,5,0
49,16,25,0,0,2,0,4,0,0,0,0,8,0,41,1,0,0,0,0,0,1,1,1,0,0,0,0,0,0,0.0,0.1633,0.0,0.8367,4.0429,0,2,0,0,0,3.4528,7,0
85,29,22,25,0,2,0,4,1,3,2,0,13,5,67,1,0,0,0,0,0,1,1,1,0,0,0,0,0,0,0.0588,0.1529,0.0,0.7882,4.6167,5,2,0,0,0,3.8404,12,0
71,21,16,25,0,2,0,4,1,3,2,0,13,5,53,1,0,0,0,0,0,1,1,1,0,0,0,0,0,0,0.0704,0.1831,0.0,0.7465,4.5985,5,2,0,0,0,3.6304,7,0
49,10,5,25,0,1,0,3,1,3,2,0,11,5,33,0,0,0,0,0,0,1,1,1,0,0,0,0,0,0,0.102,0.2245,0.0,0.6735,4.7059,5,2,0,0,0,3.3219,3,0
61,9,18,25,0,2,0,5,1,3,2,0,14,5,42,1,0,0,0,0,0,1,1,1,0,0,0,0,0,0,0.082,0.2295,0.0,0.6885,4.5899,5,2,0,0,0,2.5033,3,0
74,22,18,25,0,2,0,5,1,3,2,0,14,5,55,1,0,0,0,0,0,1,1,1,0,0,0,0,0,0,0.0676,0.1892,0.0,0.7432,4.5312,5,2,0,0,0,3.6412,8,0
67,13,29,17,0,4,1,4,1,1,0,0,13,16,38,0,0,0,0,0,0,1,1,0,1,1,0,0,2,1,0.2388,0.194,0.0149,0.5672,4.7863,6,3,1,0,0,2.6612,0,1
65,47,11,0,0,2,6,3,0,0,0,0,12,0,53,0,0,0,0,0,1,1,1,0,1,0,0,0,5,1,0.0,0.1846,0.0923,0.8154,4.2526,0,3,0,0,1,3.9611,15,1
44,14,22,0,0,2,0,4,0,0,0,0,7,0,37,1,0,0,0,0,0,1,1,1,0,0,0,0,0,0,0.0,0.1591,0.0,0.8409,4.0106,0,2,0,0,0,3.3788,4,0
65,47,11,0,0,2,5,3,0,0,0,0,11,0,54,0,0,0,0,0,1,1,1,0,1,0,0,0,2,1,0.0,0.1692,0.0769,0.8308,4.2646,0,3,0,0,1,3.9087,16,1
63,45,11,0,0,2,5,3,0,0,0,0,11,0,52,0,0,0,0,0,1,1,1,0,1,0,0,0,3,1,0.0,0.1746,0.0794,0.8254,4.1495,0,3,0,0,1,3.8421,15,1
66,46,13,0,0,4,3,3,0,0,0,0,11,0,55,2,0,0,0,0,0,1,1,0,1,0,0,0,3,1,0.0,0.1667,0.0455,0.8333,4.243,0,2,0,0,1,3.9389,14,1
69,40,11,10,0,4,2,3,1,1,0,0,12,5,52,2,0,0,0,0,0,1,1,0,1,0,0,0,2,1,0.0725,0.1739,0.029,0.7536,4.6629,5,2,0,0,1,3.9776,12,1
57,37,13,0,0,4,2,3,0,0,0,0,10,0,47,2,0,0,0,0,0,1,1,0,1,0,0,0,2,1,0.0,0.1754,0.0351,0.8246,4.1548,0,2,0,0,1,3.6895,14,1
49,17,24,0,0,3,0,6,0,0,0,0,10,6,33,2,0,0,0,0,0,1,1,1,0,0,0,0,1,1,0.1224,0.2041,0.0,0.6735,4.2208,4,2,0,0,0,3.3372,5,0
58,40,11,0,0,2,4,3,0,0,0,0,10,0,48,0,0,0,0,0,1,1,1,0,1,0,0,0,2,1,0.0,0.1724,0.069,0.8276,4.3434,0,3,0,0,1,4.0439,13,1
30,17,5,0,0,2,0,3,0,0,0,0,6,0,24,1,0,0,0,0,0,1,1,1,0,0,0,0,0,0,0.0,0.2,0.0,0.8,4.0314,0,2,0,0,0,3.6169,5,0
69,17,18,25,0,2,0,6,1,3,2,0,15,11,43,1,0,0,0,0,0,1,1,1,0,0,0,0,0,0,0.1594,0.2174,0.0,0.6232,4.6496,5,2,0,0,0,3.4548,6,0
32,18,6,0,0,2,0,3,0,0,0,0,6,0,26,1,0,0,0,0,0,1,1,1,0,0,0,0,0,0,0.0,0.1875,0.0,0.8125,4.007,0,2,0,0,0,3.4613,7,0
63,34,11,10,0,4,2,3,1,1,0,0,12,5,46,2,0,0,0,0,0,1,1,0,1,0,0,0,3,1,0.0794,0.1905,0.0317,0.7302,4.521,5,2,0,0,1,3.719,11,1
55,35,13,0,0,4,2,3,0,0,0,0,10,0,45,2,0,0,0,0,0,1,1,0,1,0,0,0,4,1,0.0,0.1818,0.0364,0.8182,4.2546,0,2,0,0,1,3.8354,12,1
75,12,33,17,0,4,1,4,1,1,0,0,14,19,42,0,0,0,0,0,0,1,1,0,1,1,1,0,3,1,0.2533,0.1867,0.0133,0.56,4.7541,6,4,1,0,0,2.6258,0,1
26,11,8,0,0,1,0,3,0,0,0,0,5,0,21,0,0,0,0,0,0,0,1,0,1,0,0,1,0,0,0.0,0.1923,0.0,0.8077,3.998,0,2,0,0,0,3.4594,3,1
66,37,11,10,0,4,2,3,1,1,0,0,12,5,49,2,0,0,0,0,0,1,1,0,1,0,0,0,3,1,0.0758,0.1818,0.0303,0.7424,4.6407,5,2,0,0,1,3.9598,11,1
30,16,6,0,0,2,0,3,0,0,0,0,6,0,24,1,0,0,0,0,0,1,1,1,0,0,0,0,0,0,0.0,0.2,0.0,0.8,4.0566,0,2,0,0,0,3.5778,6,0
62,33,11,10,0,4,2,3,1,1,0,0,12,5,45,2,0,0,0,0,0,1,1,0,1,0,0,0,3,1,0.0806,0.1935,0.0323,0.7258,4.5606,5,2,0,0,1,3.8509,11,1
53,35,11,0,0,2,4,3,0,0,0,0,10,0,43,0,0,0,0,0,1,1,1,0,1,0,0,0,3,1,0.0,0.1887,0.0755,0.8113,4.2301,0,3,0,0,1,3.9544,11,1
62,44,11,0,0,2,5,3,0,0,0,0,11,0,51,0,0,0,0,0,1,1,1,0,1,0,0,0,4,1,0.0,0.1774,0.0806,0.8226,4.4283,0,3,0,0,1,4.1015,15,1
58,18,6,25,0,2,0,3,1,3,2,0,12,5,41,1,0,0,0,0,0,1,1,1,0,0,0,0,0,0,0.0862,0.2069,0.0,0.7069,4.5797,5,2,0,0,0,3.5724,5,0
21,6,8,0,0,1,0,3,0,0,0,0,5,2,14,0,0,0,0,0,0,0,1,0,1,0,0,1,0,0,0.0952,0.2381,0.0,0.6667,3.8442,1,2,0,0,0,2.585,1,1
55,17,7,22,0,2,0,3,1,2,1,0,10,0,45,1,0,0,0,0,0,1,1,1,0,0,0,0,0,0,0.0,0.1818,0.0,0.8182,4.0371,0,2,0,0,0,3.4548,6,0
61,14,22,17,0,4,1,4,1,1,0,0,13,17,31,0,0,0,0,0,0,1,1,0,1,1,0,0,2,1,0.2787,0.2131,0.0164,0.5082,4.7013,6,3,1,0,0,2.6456,0,1
64,12,18,25,0,2,0,5,1,3,2,0,14,5,45,1,0,0,0,0,0,1,1,1,0,0,0,0,0,0,0.0781,0.2188,0.0,0.7031,4.5214,5,2,0,0,0,3.2516,4,0
42,29,5,0,0,2,0,3,0,0,0,0,6,0,36,1,0,0,0,0,0,1,1,1,0,0,0,0,0,0,0.0,0.1429,0.0,0.8571,4.2165,0,2,0,0,0,3.8404,12,0
70,12,33,17,0,4,1,4,1,1,0,0,13,15,42,0,0,0,0,0,0,1,1,0,1,1,0,0,3,1,0.2143,0.1857,0.0143,0.6,4.7329,6,3,1,0,0,2.4591,0,1
68,20,14,25,0,2,0,5,1,3,2,0,14,6,48,1,0,0,0,0,0,1,1,1,0,0,0,0,0,0,0.0882,0.2059,0.0,0.7059,4.5375,5,2,0,0,0,3.2219,8,0
70,52,11,0,0,2,5,3,0,0,0,0,11,0,59,0,0,0,0,0,1,1,1,0,1,0,0,0,4,1,0.0,0.1571,0.0714,0.8429,4.4475,0,3,0,0,1,4.1504,20,1
51,25,18,0,0,2,0,5,0,0,0,0,8,0,43,1,0,0,0,0,0,1,1,1,0,0,0,0,2,1,0.0,0.1569,0.0,0.8431,4.256,0,2,0,0,0,3.8635,9,0
39,15,16,0,0,2,0,4,0,0,0,0,7,0,32,1,0,0,0,0,0,1,1,1,0,0,0,0,0,0,0.0,0.1795,0.0,0.8205,4.0159,0,2,0,0,0,3.3736,5,0
41,27,6,0,0,2,0,3,0,0,0,0,6,0,35,1,0,0,0,0,0,1,1,1,0,0,0,0,1,1,0.0,0.1463,0.0,0.8537,4.2476,0,2,0,0,0,3.8101,11,0
62,42,13,0,0,4,2,3,0,0,0,0,10,0,52,2,0,0,0,0,0,1,1,0,1,0,0,0,3,1,0.0,0.1613,0.0323,0.8387,4.2624,0,2,0,0,1,3.9667,13,1
21,6,8,0,0,1,0,3,0,0,0,0,5,0,16,0,0,0,0,0,0,0,1,0,1,0,0,1,0,0,0.0,0.2381,0.0,0.7619,3.9395,0,2,0,0,0,2.585,1,1
54,16,7,22,0,3,0,3,1,2,1,0,11,0,43,2,0,0,0,0,0,1,1,1,0,0,0,0,0,0,0.0,0.2037,0.0,0.7963,4.1265,0,2,0,0,0,2.9056,5,0
34,12,14,0,0,2,0,5,0,0,0,0,8,1,25,1,0,0,0,0,0,1,1,1,0,0,0,0,0,0,0.0294,0.2353,0.0,0.7353,3.8636,1,2,0,0,0,3.2516,3,0
55,35,13,0,0,4,2,3,0,0,0,0,10,0,45,2,0,0,0,0,0,1,1,0,1,0,0,0,2,1,0.0,0.1818,0.0364,0.8182,4.22,0,2,0,0,1,3.8646,11,1
71,42,11,10,0,4,2,3,1,1,0,0,12,5,54,2,0,0,0,0,0,1,1,0,1,0,0,0,3,1,0.0704,0.169,0.0282,0.7606,4.5209,5,2,0,0,1,3.9667,13,1
51,21,22,0,0,2,0,4,0,0,0,0,7,0,44,1,0,0,0,0,0,1,1,1,0,0,0,0,0,0,0.0,0.1373,0.0,0.8627,4.0887,0,2,0,0,0,3.5226,8,0
71,42,11,10,0,4,2,3,1,1,0,0,12,5,54,2,0,0,0,0,0,1,1,0,1,0,0,0,2,1,0.0704,0.169,0.0282,0.7606,4.4856,5,2,0,0,1,3.8322,13,1
62,42,13,0,0,4,2,3,0,0,0,0,10,0,52,2,0,0,0,0,0,1,1,0,1,0,0,0,3,1,0.0,0.1613,0.0323,0.8387,4.1597,0,2,0,0,1,3.7496,15,1
42,16,18,0,0,2,0,6,0,0,0,0,9,6,27,1,0,0,0,0,0,1,1,1,0,0,0,0,0,0,0.1429,0.2143,0.0,0.6429,4.1183,4,2,0,0,0,3.25,5,0
69,17,18,25,0,2,0,6,1,3,2,0,15,11,43,1,0,0,0,0,0,1,1,1,0,0,0,0,0,0,0.1594,0.2174,0.0,0.6232,4.7194,5,2,0,0,0,3.4548,5,0
62,12,25,17,0,4,1,4,1,1,0,0,13,15,34,0,0,0,0,0,0,1,1,0,1,1,0,0,1,1,0.2419,0.2097,0.0161,0.5484,4.6415,6,3,1,0,0,2.8554,0,1
21,6,8,0,0,1,0,3,0,0,0,0,5,2,14,0,0,0,0,0,0,0,1,0,1,0,0,1,0,0,0.0952,0.2381,0.0,0.6667,3.9395,2,2,0,0,0,2.585,1,1
27,18,1,0,0,2,0,3,0,0,0,0,6,0,21,1,0,0,0,0,0,1,1,1,0,0,0,0,1,1,0.0,0.2222,0.0,0.7778,3.736,0,2,0,0,0,3.5033,6,0
26,11,8,0,0,1,0,3,0,0,0,0,5,1,20,0,0,0,0,0,0,0,1,0,1,0,0,1,0,0,0.0385,0.1923,0.0,0.7692,4.056,1,2,0,0,0,3.4594,3,1
59,17,8,25,0,1,0,3,1,3,2,0,11,5,43,0,0,0,0,0,0,1,1,1,0,0,0,0,0,0,0.0847,0.1864,0.0,0.7288,4.7083,5,2,0,0,0,3.6901,5,0
62,42,13,0,0,4,2,3,0,0,0,0,10,0,52,2,0,0,0,0,0,1,1,0,1,0,0,0,2,1,0.0,0.1613,0.0323,0.8387,4.1373,0,2,0,0,1,3.8379,15,1
20,5,8,0,0,1,0,3,0,0,0,0,5,1,14,0,0,0,0,0,0,0,1,0,1,0,0,1,0,0,0.05,0.25,0.0,0.7,3.9842,1,2,0,0,0,2.3219,0,1
71,13,33,17,0,4,1,4,1,1,0,0,13,16,42,0,0,0,0,0,0,1,1,0,1,1,0,0,3,1,0.2254,0.1831,0.0141,0.5915,4.7919,6,3,1,0,0,2.6612,0,1
65,25,6,25,0,2,0,3,1,3,2,0,12,5,48,1,0,0,0,0,0,1,1,1,0,0,0,0,1,1,0.0769,0.1846,0.0,0.7385,4.6709,5,2,0,0,0,3.8439,7,0
64,35,11,10,0,4,2,3,1,1,0,0,12,5,47,2,0,0,0,0,0,1,1,0,1,0,0,0,4,1,0.0781,0.1875,0.0312,0.7344,4.5039,5,2,0,0,1,3.8786,10,1
26,11,8,0,0,1,0,3,0,0,0,0,5,2,19,0,0,0,0,0,0,0,1,0,1,0,0,1,0,0,0.0769,0.1923,0.0,0.7308,3.9791,1,2,0,0,0,3.0958,3,1
19,4,8,0,0,1,0,3,0,0,0,0,5,1,13,0,0,0,0,0,0,0,1,0,1,0,0,1,0,0,0.0526,0.2632,0.0,0.6842,3.7474,1,2,0,0,0,2.0,1,1
32,20,4,0,0,2,0,3,0,0,0,0,6,0,26,1,0,0,0,0,0,1,1,1,0,0,0,0,0,0,0.0,0.1875,0.0,0.8125,4.0778,0,2,0,0,0,3.2842,7,0
20,5,8,0,0,1,0,3,0,0,0,0,5,0,15,0,0,0,0,0,0,0,1,0,1,0,0,1,0,0,0.0,0.25,0.0,0.75,3.8842,0,2,0,0,0,2.3219,0,1
81,23,24,25,0,2,0,6,1,3,2,0,15,11,55,1,0,0,0,0,0,1,1,1,0,0,0,0,0,0,0.1358,0.1852,0.0,0.679,4.7428,5,2,0,0,0,3.3931,8,0
40,8,24,0,0,2,0,6,0,0,0,0,9,6,25,1,0,0,0,0,0,1,1,1,0,0,0,0,0,0,0.15,0.225,0.0,0.625,4.2964,4,2,0,0,0,2.75,3,0
60,18,8,25,0,2,0,3,1,3,2,0,12,5,43,1,0,0,0,0,0,1,1,1,0,0,0,0,1,1,0.0833,0.2,0.0,0.7167,4.7232,5,2,0,0,0,3.4613,5,0
29,15,6,0,0,2,0,3,0,0,0,0,6,0,23,1,0,0,0,0,0,1,1,1,0,0,0,0,0,0,0.0,0.2069,0.0,0.7931,3.7975,0,2,0,0,0,3.3232,3,0
69,14,25,17,0,4,0,4,1,1,0,0,13,21,35,0,0,0,0,0,0,1,1,0,1,1,1,0,2,1,0.3043,0.1884,0.0,0.5072,4.6035,6,4,1,0,0,2.217,0,1
29,13,8,0,0,1,0,3,0,0,0,0,5,0,24,0,0,0,0,0,0,0,1,1,0,0,0,0,0,0,0.0,0.1724,0.0,0.8276,3.8404,0,1,0,0,0,3.027,4,0
26,14,4,0,0,2,0,3,0,0,0,0,6,0,20,1,0,0,0,0,0,1,1,1,0,0,0,0,0,0,0.0,0.2308,0.0,0.7692,3.998,0,2,0,0,0,3.3249,4,0
55,36,12,0,0,3,2,3,0,0,0,0,9,0,46,1,0,0,0,0,0,1,1,0,1,0,0,0,3,1,0.0,0.1636,0.0364,0.8364,4.2605,0,2,0,0,1,3.9512,13,1
79,27,18,25,0,2,0,5,1,3,2,0,14,5,60,1,0,0,0,0,0,1,1,1,0,0,0,0,1,1,0.0633,0.1772,0.0,0.7595,4.5669,5,2,0,0,0,3.8101,11,0
20,5,8,0,0,1,0,3,0,0,0,0,5,1,14,0,0,0,0,0,0,0,1,0,1,0,0,1,0,0,0.05,0.25,0.0,0.7,3.7842,1,2,0,0,0,2.3219,0,1
26,11,8,0,0,1,0,3,0,0,0,0,5,1,20,0,0,0,0,0,0,0,1,0,1,0,0,1,0,0,0.0385,0.1923,0.0,0.7692,4.3347,1,2,0,0,0,3.4594,3,1
25,11,6,0,0,2,0,3,0,0,0,0,6,0,19,1,0,0,0,0,0,1,1,1,0,0,0,0,0,0,0.0,0.24,0.0,0.76,3.7337,0,2,0,0,0,2.4817,1,0
39,17,14,0,0,2,1,4,0,0,0,0,8,0,31,1,0,0,0,0,0,1,1,1,0,0,0,0,0,0,0.0,0.2051,0.0256,0.7949,3.994,0,2,0,0,0,3.1751,4,0
50,10,6,25,0,1,0,3,1,3,2,0,11,5,34,0,0,0,0,0,0,1,1,1,0,0,0,0,0,0,0.1,0.22,0.0,0.68,4.6386,5,2,0,0,0,3.3219,3,0
54,15,5,25,0,2,0,3,1,3,2,0,12,5,37,1,0,0,0,0,0,1,1,1,0,0,0,0,0,0,0.0926,0.2222,0.0,0.6852,4.6042,5,2,0,0,0,3.5069,6,0
45,20,5,11,0,2,0,3,1,1,0,0,8,8,29,1,0,0,0,0,0,1,1,1,0,0,0,0,0,0,0.1778,0.1778,0.0,0.6444,4.6692,8,2,0,0,0,3.6842,6,0
31,22,1,0,0,2,0,3,0,0,0,0,6,0,25,1,0,0,0,0,0,1,1,1,0,0,0,0,0,0,0.0,0.1935,0.0,0.8065,3.9134,0,2,0,0,0,3.6069,8,0
39,15,16,0,0,2,0,4,0,0,0,0,7,0,32,1,0,0,0,0,0,1,1,1,0,0,0,0,0,0,0.0,0.1795,0.0,0.8205,4.2017,0,2,0,0,0,3.3736,4,0
53,23,22,0,0,2,0,4,0,0,0,0,7,0,46,1,0,0,0,0,0,1,1,1,0,0,0,0,0,0,0.0,0.1321,0.0,0.8679,4.0065,0,2,0,0,0,3.6212,8,0
54,36,11,0,0,2,4,3,0,0,0,0,10,0,44,0,0,0,0,0,1,1,1,0,1,0,0,0,2,1,0.0,0.1852,0.0741,0.8148,4.312,0,3,0,0,1,4.0724,11,1
31,15,8,0,0,2,0,3,0,0,0,0,6,0,25,1,0,0,0,0,0,1,1,1,0,0,0,0,0,0,0.0,0.1935,0.0,0.8065,3.8615,0,2,0,0,0,3.3736,4,0
29,14,7,0,0,1,0,3,0,0,0,0,5,0,24,0,0,0,0,0,0,0,1,1,0,0,0,0,0,0,0.0,0.1724,0.0,0.8276,4.1163,0,1,0,0,0,3.3249,5,0
47,13,14,12,0,4,0,3,1,1,1,0,11,11,25,0,0,0,0,0,0,1,1,0,1,1,0,0,2,1,0.234,0.234,0.0,0.5319,4.4586,3,3,1,0,0,2.8151,0,1
29,17,4,0,0,2,0,3,0,0,0,0,6,0,23,1,0,0,0,0,0,1,1,1,0,0,0,0,0,0,0.0,0.2069,0.0,0.7931,3.7849,0,2,0,0,0,3.4548,4,0
20,5,8,0,0,1,0,3,0,0,0,0,5,2,13,0,0,0,0,0,0,0,1,0,1,0,0,1,0,0,0.1,0.25,0.0,0.65,3.9842,1,2,0,0,0,2.3219,1,1
54,25,11,10,0,4,1,3,1,1,0,0,11,5,38,2,0,0,0,0,0,1,1,0,1,0,0,0,1,1,0.0926,0.2037,0.0185,0.7037,4.507,5,2,0,0,1,3.8031,7,1
44,10,26,0,0,1,2,4,0,0,0,0,8,0,36,0,0,0,0,0,0,1,1,1,0,0,0,0,0,0,0.0,0.1818,0.0455,0.8182,4.1701,0,2,0,0,0,3.3219,3,0
53,35,11,0,0,2,4,3,0,0,0,0,10,0,43,0,0,0,0,0,1,1,1,0,1,0,0,0,3,1,0.0,0.1887,0.0755,0.8113,4.3106,0,3,0,0,1,3.9649,14,1
47,7,6,25,0,1,0,3,1,3,2,0,11,5,31,0,0,0,0,0,0,1,1,1,0,0,0,0,0,0,0.1064,0.234,0.0,0.6596,4.5863,5,2,0,0,0,2.8074,3,0
68,50,11,0,0,2,5,3,0,0,0,0,11,0,57,0,0,0,0,0,1,1,1,0,1,0,0,0,2,1,0.0,0.1618,0.0735,0.8382,4.2917,0,3,0,0,1,3.9767,17,1
33,17,8,0,0,2,0,3,0,0,0,0,6,0,27,1,0,0,0,0,0,1,1,1,0,0,0,0,0,0,0.0,0.1818,0.0,0.8182,3.7,0,2,0,0,0,3.3372,6,0
66,18,14,25,0,2,0,5,1,3,2,0,14,6,46,1,0,0,0,0,0,1,1,1,0,0,0,0,1,1,0.0909,0.2121,0.0,0.697,4.5981,5,2,0,0,0,3.4613,6,0
61,13,14,25,0,3,0,5,1,3,2,0,15,6,40,2,0,0,0,0,0,1,1,1,0,0,0,0,0,0,0.0984,0.2459,0.0,0.6557,4.7605,5,2,0,0,0,3.1808,4,0
61,41,13,0,0,4,2,3,0,0,0,0,10,0,51,2,0,0,0,0,0,1,1,0,1,0,0,0,2,1,0.0,0.1639,0.0328,0.8361,4.224,0,2,0,0,1,3.8972,15,1
64,16,14,25,0,2,0,5,1,3,2,0,14,6,44,1,0,0,0,0,0,1,1,1,0,0,0,0,0,0,0.0938,0.2188,0.0,0.6875,4.6659,5,2,0,0,0,3.1556,5,0
28,12,8,0,0,2,0,3,0,0,0,0,6,0,22,1,0,0,0,0,0,1,1,1,0,0,0,0,0,0,0.0,0.2143,0.0,0.7857,3.6375,0,2,0,0,0,3.0221,5,0
68,20,14,25,0,2,0,5,1,3,2,0,14,6,48,1,0,0,0,0,0,1,1,1,0,0,0,0,0,0,0.0882,0.2059,0.0,0.7059,4.62,5,2,0,0,0,3.3087,6,0
53,21,24,0,0,2,0,6,0,0,0,0,9,7,37,1,0,0,0,0,0,1,1,1,0,0,0,0,1,1,0.1321,0.1698,0.0,0.6981,4.2863,4,2,0,0,0,3.4992,5,0
47,15,24,0,0,2,0,6,0,0,0,0,9,6,32,1,0,0,0,0,0,1,1,1,0,0,0,0,0,0,0.1277,0.1915,0.0,0.6809,4.3358,4,2,0,0,0,3.1899,4,0
60,40,13,0,0,4,2,3,0,0,0,0,10,0,50,2,0,0,0,0,0,1,1,0,1,0,0,0,3,1,0.0,0.1667,0.0333,0.8333,4.2017,0,2,0,0,1,3.8062,13,1
45,21,16,0,0,2,0,4,0,0,0,0,7,0,38,1,0,0,0,0,0,1,1,1,0,0,0,0,1,1,0.0,0.1556,0.0,0.8444,4.0411,0,2,0,0,0,3.5352,9,0
39,13,18,0,0,2,0,5,0,0,0,0,8,0,31,1,0,0,0,0,0,1,1,1,0,0,0,0,0,0,0.0,0.2051,0.0,0.7949,4.0485,0,2,0,0,0,3.027,3,0
61,32,11,10,0,4,1,3,1,1,0,0,11,5,45,2,0,0,0,0,0,1,1,0,1,0,0,0,2,1,0.082,0.1803,0.0164,0.7377,4.4159,5,2,0,0,1,3.7028,10,1
62,44,11,0,0,2,5,3,0,0,0,0,11,0,51,0,0,0,0,0,1,1,1,0,1,0,0,0,3,1,0.0,0.1774,0.0806,0.8226,4.4807,0,3,0,0,1,4.2007,14,1
21,6,8,0,0,1,0,3,0,0,0,0,5,2,14,0,0,0,0,0,0,0,1,0,1,0,0,1,0,0,0.0952,0.2381,0.0,0.6667,3.7849,1,2,0,0,0,2.585,1,1
21,6,8,0,0,1,0,3,0,0,0,0,5,1,15,0,0,0,0,0,0,0,1,0,1,0,0,1,0,0,0.0476,0.2381,0.0,0.7143,3.8442,1,2,0,0,0,2.585,1,1
61,47,7,0,0,3,2,3,0,0,0,0,9,0,52,2,0,0,0,0,0,1,1,0,1,0,0,0,1,1,0.0,0.1475,0.0328,0.8525,4.3407,0,2,0,0,1,4.1656,13,1
76,13,33,17,0,4,1,4,1,1,0,0,14,20,42,0,0,0,0,0,0,1,1,0,1,1,1,0,2,1,0.2632,0.1842,0.0132,0.5526,4.8924,6,4,1,0,0,2.5074,0,1
63,13,25,17,0,4,1,4,1,1,0,0,13,16,34,0,0,0,0,0,0,1,1,0,1,1,0,0,1,1,0.254,0.2063,0.0159,0.5397,4.6871,6,3,1,0,0,2.8731,0,1
35,19,8,0,0,2,0,3,0,0,0,0,6,0,29,1,0,0,0,0,0,1,1,1,0,0,0,0,1,1,0.0,0.1714,0.0,0.8286,3.9929,0,2,0,0,0,3.5766,6,0
57,37,13,0,0,4,2,3,0,0,0,0,10,0,47,2,0,0,0,0,0,1,1,0,1,0,0,0,4,1,0.0,0.1754,0.0351,0.8246,4.3199,0,2,0,0,1,4.006,13,1
60,11,19,17,0,4,0,4,1,1,0,0,13,18,29,0,0,0,0,0,0,1,1,0,1,1,1,0,2,1,0.3,0.2167,0.0,0.4833,4.3411,6,4,1,0,0,2.2313,0,1
37,20,9,0,0,2,0,3,0,0,0,0,6,0,31,1,0,0,0,0,0,1,1,1,0,0,0,0,0,0,0.0,0.1622,0.0,0.8378,4.006,0,2,0,0,0,3.2842,7,0
72,14,24,25,0,2,0,6,1,3,2,0,15,11,46,1,0,0,0,0,0,1,1,1,0,0,0,0,0,0,0.1528,0.2083,0.0,0.6389,4.8119,5,2,0,0,0,3.5216,5,0
21,6,8,0,0,1,0,3,0,0,0,0,5,0,16,0,0,0,0,0,0,0,1,0,1,0,0,1,0,0,0.0,0.2381,0.0,0.7619,3.6897,0,2,0,0,0,2.585,1,1
65,13,18,25,0,3,0,6,1,3,2,0,16,11,38,2,0,0,0,0,0,1,1,1,0,0,0,0,0,0,0.1692,0.2462,0.0,0.5846,4.7239,5,2,0,0,0,3.1808,4,0
66,37,11,10,0,4,2,3,1,1,0,0,12,5,49,2,0,0,0,0,0,1,1,0,1,0,0,0,5,1,0.0758,0.1818,0.0303,0.7424,4.5061,5,2,0,0,1,3.9387,12,1
20,5,8,0,0,1,0,3,0,0,0,0,5,1,14,0,0,0,0,0,0,0,1,0,1,0,0,1,0,0,0.05,0.25,0.0,0.7,3.8842,1,2,0,0,0,2.3219,0,1
65,14,26,17,0,4,1,4,1,1,0,0,13,17,35,0,0,0,0,0,0,1,1,0,1,1,0,0,3,1,0.2615,0.2,0.0154,0.5385,4.5543,6,3,1,0,0,2.4956,0,1
72,43,11,10,0,4,3,3,1,1,0,0,13,5,54,2,0,0,0,0,0,1,1,0,1,0,0,0,4,1,0.0694,0.1806,0.0417,0.75,4.6748,5,2,0,0,1,4.1093,13,1
20,5,8,0,0,1,0,3,0,0,0,0,5,0,15,0,0,0,0,0,0,0,1,0,1,0,0,1,0,0,0.0,0.25,0.0,0.75,3.9842,0,2,0,0,0,2.3219,1,1
75,46,11,10,0,4,3,3,1,1,0,0,13,5,57,2,0,0,0,0,0,1,1,0,1,0,0,0,5,1,0.0667,0.1733,0.04,0.76,4.6934,5,2,0,0,1,4.135,14,1
65,36,11,10,0,4,2,3,1,1,0,0,12,5,48,2,0,0,0,0,0,1,1,0,1,0,0,0,3,1,0.0769,0.1846,0.0308,0.7385,4.5842,5,2,0,0,1,3.8848,10,1
71,42,11,10,0,4,3,3,1,1,0,0,13,5,53,2,0,0,0,0,0,1,1,0,1,0,0,0,3,1,0.0704,0.1831,0.0423,0.7465,4.6724,5,2,0,0,1,4.1713,12,1
62,44,11,0,0,2,5,3,0,0,0,0,11,0,51,0,0,0,0,0,1,1,1,0,1,0,0,0,3,1,0.0,0.1774,0.0806,0.8226,4.4326,0,3,0,0,1,4.0987,16,1
51,33,11,0,0,2,4,3,0,0,0,0,10,0,41,0,0,0,0,0,1,1,1,0,1,0,0,0,3,1,0.0,0.1961,0.0784,0.8039,4.3808,0,3,0,0,1,4.1044,12,1
71,14,27,17,0,4,1,4,1,1,0,0,14,21,36,0,0,0,0,0,0,1,1,0,1,1,1,0,3,1,0.2958,0.1972,0.0141,0.507,4.5914,6,4,1,0,0,2.7534,0,1
55,26,11,10,0,4,1,3,1,1,0,0,11,5,39,2,0,0,0,0,0,1,1,0,1,0,0,0,2,1,0.0909,0.2,0.0182,0.7091,4.4679,5,2,0,0,1,3.8441,7,1
27,11,8,0,0,2,0,3,0,0,0,0,6,0,21,1,0,0,0,0,0,1,1,1,0,0,0,0,0,0,0.0,0.2222,0.0,0.7778,3.7784,0,2,0,0,0,3.0958,5,0
59,41,11,0,0,2,5,3,0,0,0,0,11,0,48,0,0,0,0,0,1,1,1,0,1,0,0,0,4,1,0.0,0.1864,0.0847,0.8136,4.2788,0,3,0,0,1,3.9579,15,1
68,39,11,10,0,4,2,3,1,1,0,0,12,5,51,2,0,0,0,0,0,1,1,0,1,0,0,0,5,1,0.0735,0.1765,0.0294,0.75,4.7031,5,2,0,0,1,4.1117,13,1
74,15,29,17,0,4,1,4,1,1,0,0,14,22,38,0,0,0,0,0,0,1,1,0,1,1,1,0,1,1,0.2973,0.1892,0.0135,0.5135,4.702,6,4,1,0,0,3.1396,0,1
59,39,13,0,0,4,2,3,0,0,0,0,10,0,49,2,0,0,0,0,0,1,1,0,1,0,0,0,4,1,0.0,0.1695,0.0339,0.8305,4.3615,0,2,0,0,1,4.0798,13,1
60,40,13,0,0,4,2,3,0,0,0,0,10,0,50,2,0,0,0,0,0,1,1,0,1,0,0,0,3,1,0.0,0.1667,0.0333,0.8333,4.0852,0,2,0,0,1,3.6537,14,1
27,18,1,0,0,2,0,3,0,0,0,0,6,0,21,1,0,0,0,0,0,1,1,1,0,0,0,0,0,0,0.0,0.2222,0.0,0.7778,3.8562,0,2,0,0,0,3.4613,6,0
53,13,15,17,0,4,0,4,1,1,0,0,12,16,25,0,0,0,0,0,0,1,1,0,1,1,0,0,1,1,0.3019,0.2264,0.0,0.4717,4.4584,6,3,1,0,0,2.4493,0,1
80,24,22,25,0,2,0,4,1,3,2,0,13,5,62,1,0,0,0,0,0,1,1,1,0,0,0,0,0,0,0.0625,0.1625,0.0,0.775,4.5506,5,2,0,0,0,3.5221,9,0
27,13,6,0,0,3,0,3,0,0,0,0,7,0,20,2,0,0,0,0,0,1,1,1,0,0,0,0,0,0,0.0,0.2593,0.0,0.7407,3.9023,0,2,0,0,0,3.027,4,0
36,19,9,0,0,3,0,3,0,0,0,0,7,0,29,2,0,0,0,0,0,1,1,1,0,0,0,0,0,0,0.0,0.1944,0.0,0.8056,4.0413,0,2,0,0,0,3.5369,7,0
67,13,29,17,0,4,1,4,1,1,0,0,13,16,38,0,0,0,0,0,0,1,1,0,1,1,0,0,2,1,0.2388,0.194,0.0149,0.5672,4.7451,6,3,1,0,0,2.6032,0,1
21,6,8,0,0,1,0,3,0,0,0,0,5,0,16,0,0,0,0,0,0,0,1,0,1,0,0,1,0,0,0.0,0.2381,0.0,0.7619,3.8442,0,2,0,0,0,2.585,1,1
48,10,4,25,0,1,0,3,1,3,2,0,11,5,32,0,0,0,0,0,0,1,1,1,0,0,0,0,0,0,0.1042,0.2292,0.0,0.6667,4.6211,5,2,0,0,0,3.3219,3,0
58,38,13,0,0,4,2,3,0,0,0,0,10,0,48,2,0,0,0,0,0,1,1,0,1,0,0,0,2,1,0.0,0.1724,0.0345,0.8276,4.1596,0,2,0,0,1,3.7024,14,1
55,14,8,24,0,2,0,3,1,3,2,0,12,4,39,1,0,0,0,0,0,1,1,1,0,0,0,0,0,0,0.0727,0.2182,0.0,0.7091,4.6534,4,2,0,0,0,3.3788,5,0
61,21,6,25,0,2,0,3,1,3,2,0,12,5,44,1,0,0,0,0,0,1,1,1,0,0,0,0,0,0,0.082,0.1967,0.0,0.7213,4.7853,5,2,0,0,0,3.5945,5,0
73,21,18,25,0,2,0,6,1,3,2,0,15,11,47,1,0,0,0,0,0,1,1,1,0,0,0,0,1,1,0.1507,0.2055,0.0,0.6438,4.8625,5,2,0,0,0,3.5585,7,0
26,11,8,0,0,1,0,3,0,0,0,0,5,0,21,0,0,0,0,0,0,0,1,0,1,0,0,1,0,0,0.0,0.1923,0.0,0.8077,4.1808,0,2,0,0,0,3.4594,3,1
72,14,33,17,0,4,1,4,1,1,0,0,13,17,42,0,0,0,0,0,0,1,1,0,1,1,0,0,2,1,0.2361,0.1806,0.0139,0.5833,4.8401,6,3,1,0,0,2.9852,0,1
41,15,18,0,0,2,0,5,0,0,0,0,8,0,33,1,0,0,0,0,0,1,1,1,0,0,0,0,0,0,0.0,0.1951,0.0,0.8049,3.9764,0,2,0,0,0,3.5069,6,0
63,34,11,10,0,4,2,3,1,1,0,0,12,5,46,2,0,0,0,0,0,1,1,0,1,0,0,0,3,1,0.0794,0.1905,0.0317,0.7302,4.5427,5,2,0,0,1,3.635,11,1
59,20,5,25,0,2,0,3,1,3,2,0,12,5,42,1,0,0,0,0,0,1,1,1,0,0,0,0,0,0,0.0847,0.2034,0.0,0.7119,4.5109,5,2,0,0,0,3.4219,8,0
75,57,11,0,0,2,5,3,0,0,0,0,11,0,64,0,0,0,0,0,1,1,1,0,1,0,0,0,4,1,0.0,0.1467,0.0667,0.8533,4.3942,0,3,0,0,1,4.1432,21,1
66,16,16,25,0,2,0,4,1,3,2,0,13,5,48,1,0,0,0,0,0,1,1,1,0,0,0,0,0,0,0.0758,0.197,0.0,0.7273,4.546,5,2,0,0,0,3.625,6,0
44,20,16,0,0,2,0,4,0,0,0,0,7,0,37,1,0,0,0,0,0,1,1,1,0,0,0,0,0,0,0.0,0.1591,0.0,0.8409,3.9906,0,2,0,0,0,3.5842,6,0
52,38,7,0,0,1,5,3,0,0,0,0,10,0,42,0,0,0,0,0,1,1,1,0,1,0,0,0,5,1,0.0,0.1923,0.0962,0.8077,4.2583,0,3,0,0,1,4.0804,11,1
33,17,8,0,0,2,0,3,0,0,0,0,6,0,27,1,0,0,0,0,0,1,1,1,0,0,0,0,1,1,0.0,0.1818,0.0,0.8182,3.9226,0,2,0,0,0,3.4992,5,0
60,31,11,10,0,4,2,3,1,1,0,0,12,5,43,2,0,0,0,0,0,1,1,0,1,0,0,0,2,1,0.0833,0.2,0.0333,0.7167,4.6522,5,2,0,0,1,3.889,11,1
20,5,8,0,0,1,0,3,0,0,0,0,5,1,14,0,0,0,0,0,0,0,1,0,1,0,0,1,0,0,0.05,0.25,0.0,0.7,3.6842,1,2,0,0,0,2.3219,1,1
59,39,13,0,0,4,2,3,0,0,0,0,10,0,49,2,0,0,0,0,0,1,1,0,1,0,0,0,3,1,0.0,0.1695,0.0339,0.8305,4.1647,0,2,0,0,1,3.8301,13,1
63,43,13,0,0,4,2,3,0,0,0,0,10,0,53,2,0,0,0,0,0,1,1,0,1,0,0,0,3,1,0.0,0.1587,0.0317,0.8413,4.2035,0,2,0,0,1,3.8659,15,1
64,12,27,17,0,4,1,4,1,1,0,0,13,15,36,0,0,0,0,0,0,1,1,0,1,1,0,0,3,1,0.2344,0.2031,0.0156,0.5625,4.8221,6,3,1,0,0,2.7925,0,1
23,6,9,0,0,1,0,4,0,0,0,0,6,0,17,0,0,0,0,0,0,1,1,1,0,0,0,0,0,0,0.0,0.2609,0.0,0.7391,3.4101,0,2,0,0,0,2.585,2,0
31,17,6,0,0,2,0,3,0,0,0,0,6,0,25,1,0,0,0,0,0,1,1,1,0,0,0,0,0,0,0.0,0.1935,0.0,0.8065,4.0668,0,2,0,0,0,3.4992,5,0
66,14,18,25,0,1,0,4,1,3,2,0,12,5,49,0,0,0,0,0,0,1,1,1,0,0,0,0,0,0,0.0758,0.1818,0.0,0.7424,4.6592,5,2,0,0,0,3.3788,5,0
57,16,8,24,0,2,0,3,1,3,2,0,12,4,41,1,0,0,0,0,0,1,1,1,0,0,0,0,0,0,0.0702,0.2105,0.0,0.7193,4.6174,4,2,0,0,0,3.4528,4,0
27,11,8,0,0,1,0,3,0,0,0,0,5,0,22,0,0,0,0,0,0,0,1,1,0,0,0,0,0,0,0.0,0.1852,0.0,0.8148,3.6764,0,1,0,0,0,3.0958,4,0
42,20,14,0,0,2,0,5,0,0,0,0,8,1,33,1,0,0,0,0,0,1,1,1,0,0,0,0,0,0,0.0238,0.1905,0.0,0.7857,4.08,1,2,0,0,0,3.2219,8,0
65,15,25,17,0,4,1,4,1,1,0,0,13,18,34,0,0,0,0,0,0,1,1,0,1,1,0,0,1,1,0.2769,0.2,0.0154,0.5231,4.5317,6,3,1,0,0,2.3656,0,1
20,5,8,0,0,1,0,3,0,0,0,0,5,0,15,0,0,0,0,0,0,0,1,0,1,0,0,1,0,0,0.0,0.25,0.0,0.75,3.8842,0,2,0,0,0,2.3219,0,1
67,47,13,0,0,4,3,3,0,0,0,0,11,0,56,2,0,0,0,0,0,1,1,0,1,0,0,0,3,1,0.0,0.1642,0.0448,0.8358,4.3199,0,2,0,0,1,4.0197,14,1
41,17,16,0,0,2,0,4,0,0,0,0,7,0,34,1,0,0,0,0,0,1,1,1,0,0,0,0,0,0,0.0,0.1707,0.0,0.8293,4.062,0,2,0,0,0,3.4548,5,0
64,35,11,10,0,4,2,3,1,1,0,0,12,5,47,2,0,0,0,0,0,1,1,0,1,0,0,0,3,1,0.0781,0.1875,0.0312,0.7344,4.4819,5,2,0,0,1,3.9002,11,1
20,5,8,0,0,1,0,3,0,0,0,0,5,2,13,0,0,0,0,0,0,0,1,0,1,0,0,1,0,0,0.1,0.25,0.0,0.65,3.8842,1,2,0,0,0,2.3219,0,1
64,12,27,17,0,4,1,4,1,1,0,0,13,15,36,0,0,0,0,0,0,1,1,0,1,1,0,0,1,1,0.2344,0.2031,0.0156,0.5625,4.6853,6,3,1,0,0,2.7925,0,1
34,18,8,0,0,3,0,3,0,0,0,0,7,0,27,2,0,0,0,0,0,1,1,1,0,0,0,0,0,0,0.0,0.2059,0.0,0.7941,4.1751,0,2,0,0,0,3.5305,7,0
71,42,11,10,0,4,3,3,1,1,0,0,13,5,53,2,0,0,0,0,0,1,1,0,1,0,0,0,4,1,0.0704,0.1831,0.0423,0.7465,4.6054,5,2,0,0,1,3.9511,11,1
71,13,33,17,0,4,2,4,1,1,0,0,14,16,41,0,0,0,0,0,0,1,1,0,1,1,0,0,2,1,0.2254,0.1972,0.0282,0.5775,4.8063,6,3,1,0,0,2.8731,0,1
66,37,11,10,0,4,2,3,1,1,0,0,12,5,49,2,0,0,0,0,0,1,1,0,1,0,0,0,4,1,0.0758,0.1818,0.0303,0.7424,4.6846,5,2,0,0,1,4.2293,11,1
26,17,1,0,0,2,0,3,0,0,0,0,6,0,20,1,0,0,0,0,0,1,1,1,0,0,0,0,1,1,0.0,0.2308,0.0,0.7692,3.6612,0,2,0,0,0,3.4992,5,0
67,15,18,25,0,2,0,5,1,3,2,0,14,5,48,1,0,0,0,0,0,1,1,1,0,0,0,0,0,0,0.0746,0.209,0.0,0.7164,4.5861,5,2,0,0,0,3.1899,4,0
27,14,5,0,0,2,0,3,0,0,0,0,6,0,21,1,0,0,0,0,0,1,1,1,0,0,0,0,0,0,0.0,0.2222,0.0,0.7778,3.8282,0,2,0,0,0,3.3788,4,0
61,41,13,0,0,4,2,3,0,0,0,0,10,0,51,2,0,0,0,0,0,1,1,0,1,0,0,0,2,1,0.0,0.1639,0.0328,0.8361,4.2627,0,2,0,0,1,3.9092,15,1
51,19,24,0,0,1,0,6,0,0,0,0,8,6,37,0,0,0,0,0,0,1,1,1,0,0,0,0,0,0,0.1176,0.1569,0.0,0.7255,4.5048,4,2,0,0,0,3.5369,8,0
37,24,5,0,0,2,0,3,0,0,0,0,6,0,31,1,0,0,0,0,0,1,1,1,0,0,0,0,0,0,0.0,0.1622,0.0,0.8378,4.0006,0,2,0,0,0,3.7406,7,0
70,52,11,0,0,2,5,3,0,0,0,0,11,0,59,0,0,0,0,0,1,1,1,0,1,0,0,0,3,1,0.0,0.1571,0.0714,0.8429,4.3571,0,3,0,0,1,4.1162,16,1
35,19,8,0,0,2,0,3,0,0,0,0,6,0,29,1,0,0,0,0,0,1,1,1,0,0,0,0,0,0,0.0,0.1714,0.0,0.8286,3.7247,0,2,0,0,0,3.3264,6,0
66,46,13,0,0,4,3,3,0,0,0,0,11,0,55,2,0,0,0,0,0,1,1,0,1,0,0,0,4,1,0.0,0.1667,0.0455,0.8333,4.3021,0,2,0,0,1,4.0067,15,1
38,21,9,0,0,2,0,3,0,0,0,0,6,0,32,1,0,0,0,0,0,1,1,1,0,0,0,0,0,0,0.0,0.1579,0.0,0.8421,4.1062,0,2,0,0,0,3.5226,8,0
47,21,18,0,0,2,0,5,0,0,0,0,8,0,39,1,0,0,0,0,0,1,1,1,0,0,0,0,1,1,0.0,0.1702,0.0,0.8298,4.3155,0,2,0,0,0,3.5585,7,0
66,48,11,0,0,2,5,3,0,0,0,0,11,0,55,0,0,0,0,0,1,1,1,0,1,0,0,0,3,1,0.0,0.1667,0.0758,0.8333,4.3686,0,3,0,0,1,4.0698,16,1
38,14,16,0,0,2,0,4,0,0,0,0,7,0,31,1,0,0,0,0,0,1,1,1,0,0,0,0,0,0,0.0,0.1842,0.0,0.8158,4.0079,0,2,0,0,0,3.5216,5,0
58,20,4,25,0,2,0,3,1,3,2,0,12,5,41,1,0,0,0,0,0,1,1,1,0,0,0,0,0,0,0.0862,0.2069,0.0,0.7069,4.6764,5,2,0,0,0,3.5464,8,0
62,33,11,10,0,4,2,3,1,1,0,0,12,5,45,2,0,0,0,0,0,1,1,0,1,0,0,0,3,1,0.0806,0.1935,0.0323,0.7258,4.5003,5,2,0,0,1,3.703,12,1
31,15,8,0,0,2,0,3,0,0,0,0,6,0,25,1,0,0,0,0,0,1,1,1,0,0,0,0,0,0,0.0,0.1935,0.0,0.8065,3.9779,0,2,0,0,0,3.1899,4,0
41,18,15,0,0,2,1,4,0,0,0,0,8,0,33,1,0,0,0,0,0,1,1,1,0,0,0,0,0,0,0.0,0.1951,0.0244,0.8049,4.1132,0,2,0,0,0,3.281,6,0
50,11,5,25,0,1,0,3,1,3,2,0,11,5,34,0,0,0,0,0,0,1,1,1,0,0,0,0,0,0,0.1,0.22,0.0,0.68,4.5611,5,2,0,0,0,3.0958,4,0
65,27,7,22,0,2,0,3,1,2,1,0,10,0,55,1,0,0,0,0,0,1,1,1,0,0,0,0,0,0,0.0,0.1538,0.0,0.8462,4.2586,0,2,0,0,0,3.7919,9,0
34,21,5,0,0,2,0,3,0,0,0,0,6,0,28,1,0,0,0,0,0,1,1,1,0,0,0,0,0,0,0.0,0.1765,0.0,0.8235,4.0797,0,2,0,0,0,3.5226,8,0
31,17,6,0,0,2,0,3,0,0,0,0,6,0,25,1,0,0,0,0,0,1,1,1,0,0,0,0,0,0,0.0,0.1935,0.0,0.8065,3.7811,0,2,0,0,0,3.3816,7,0
72,12,30,17,0,4,1,4,1,1,0,0,14,19,39,0,0,0,0,0,0,1,1,0,1,1,1,0,2,1,0.2639,0.1944,0.0139,0.5417,4.9404,6,4,1,0,0,2.8554,0,1
42,18,16,0,0,2,0,4,0,0,0,0,7,0,35,1,0,0,0,0,0,1,1,1,0,0,0,0,0,0,0.0,0.1667,0.0,0.8333,4.044,0,2,0,0,0,3.4613,7,0
33,19,6,0,0,2,0,3,0,0,0,0,6,0,27,1,0,0,0,0,0,1,1,1,0,0,0,0,0,0,0.0,0.1818,0.0,0.8182,4.0061,0,2,0,0,0,3.4316,6,0
43,17,18,0,0,2,0,4,0,0,0,0,7,0,36,1,0,0,0,0,0,1,1,1,0,0,0,0,0,0,0.0,0.1628,0.0,0.8372,4.014,0,2,0,0,0,3.2195,6,0
32,15,9,0,0,2,0,3,0,0,0,0,6,0,26,1,0,0,0,0,0,1,1,1,0,0,0,0,0,0,0.0,0.1875,0.0,0.8125,3.9917,0,2,0,0,0,3.4566,3,0
71,42,11,10,0,4,3,3,1,1,0,0,13,5,53,2,0,0,0,0,0,1,1,0,1,0,0,0,3,1,0.0704,0.1831,0.0423,0.7465,4.5587,5,2,0,0,1,3.8745,13,1
60,18,8,25,0,2,0,3,1,3,2,0,12,5,43,1,0,0,0,0,0,1,1,1,0,0,0,0,0,0,0.0833,0.2,0.0,0.7167,4.5811,5,2,0,0,0,3.0169,5,0
20,5,8,0,0,1,0,3,0,0,0,0,5,1,14,0,0,0,0,0,0,0,1,0,1,0,0,1,0,0,0.05,0.25,0.0,0.7,3.8842,1,2,0,0,0,2.3219,1,1
53,13,6,25,0,3,0,3,1,3,2,0,13,5,35,2,0,0,0,0,0,1,1,1,0,0,0,0,0,0,0.0943,0.2453,0.0,0.6604,4.6991,5,2,0,0,0,3.027,4,0
68,17,17,25,0,2,0,4,1,3,2,0,13,5,50,1,0,0,0,0,0,1,1,1,0,0,0,0,0,0,0.0735,0.1912,0.0,0.7353,4.6317,5,2,0,0,0,3.4992,5,0
57,15,8,25,0,2,0,3,1,3,2,0,12,5,40,1,0,0,0,0,0,1,1,1,0,0,0,0,0,0,0.0877,0.2105,0.0,0.7018,4.6525,5,2,0,0,0,3.6402,5,0
58,29,11,10,0,4,1,3,1,1,0,0,11,5,42,2,0,0,0,0,0,1,1,0,1,0,0,0,4,1,0.0862,0.1897,0.0172,0.7241,4.5797,5,2,0,0,1,3.7714,7,1
56,36,13,0,0,4,2,3,0,0,0,0,10,0,46,2,0,0,0,0,0,1,1,0,1,0,0,0,3,1,0.0,0.1786,0.0357,0.8214,4.2669,0,2,0,0,1,3.933,12,1
52,12,6,25,0,1,0,3,1,3,2,0,11,5,36,0,0,0,0,0,0,1,1,1,0,0,0,0,0,0,0.0962,0.2115,0.0,0.6923,4.6114,5,2,0,0,0,3.4183,4,0
59,30,11,10,0,4,1,3,1,1,0,0,11,5,43,2,0,0,0,0,0,1,1,0,1,0,0,0,1,1,0.0847,0.1864,0.0169,0.7288,4.4504,5,2,0,0,1,3.8477,9,1
62,44,11,0,0,2,5,3,0,0,0,0,11,0,51,0,0,0,0,0,1,1,1,0,1,0,0,0,3,1,0.0,0.1774,0.0806,0.8226,4.2865,0,3,0,0,1,3.8914,16,1
59,41,11,0,0,2,5,3,0,0,0,0,11,0,48,0,0,0,0,0,1,1,1,0,1,0,0,0,3,1,0.0,0.1864,0.0847,0.8136,4.3809,0,3,0,0,1,4.0739,15,1
21,6,8,0,0,1,0,3,0,0,0,0,5,1,15,0,0,0,0,0,0,0,1,0,1,0,0,1,0,0,0.0476,0.2381,0.0,0.7143,3.8442,1,2,0,0,0,2.585,1,1
58,38,13,0,0,4,2,3,0,0,0,0,10,0,48,2,0,0,0,0,0,1,1,0,1,0,0,0,2,1,0.0,0.1724,0.0345,0.8276,4.2366,0,2,0,0,1,3.8534,13,1
36,14,14,0,0,2,0,5,0,0,0,0,8,1,27,1,0,0,0,0,0,1,1,1,0,0,0,0,0,0,0.0278,0.2222,0.0,0.75,3.962,1,2,0,0,0,3.3249,4,0
56,27,11,10,0,4,1,3,1,1,0,0,11,5,40,2,0,0,0,0,0,1,1,0,1,0,0,0,3,1,0.0893,0.1964,0.0179,0.7143,4.5374,5,2,0,0,1,3.9121,8,1
26,11,8,0,0,1,0,3,0,0,0,0,5,2,19,0,0,0,0,0,0,0,1,0,1,0,0,1,0,0,0.0769,0.1923,0.0,0.7308,3.9791,1,2,0,0,0,3.0958,3,1
66,37,11,10,0,4,2,3,1,1,0,0,12,5,49,2,0,0,0,0,0,1,1,0,1,0,0,0,3,1,0.0758,0.1818,0.0303,0.7424,4.6159,5,2,0,0,1,3.9685,11,1
29,15,6,0,0,2,0,3,0,0,0,0,6,0,23,1,0,0,0,0,0,1,1,1,0,0,0,0,0,0,0.0,0.2069,0.0,0.7931,4.0044,0,2,0,0,0,3.6402,5,0
32,16,8,0,0,2,0,3,0,0,0,0,6,0,26,1,0,0,0,0,0,1,1,1,0,0,0,0,0,0,0.0,0.1875,0.0,0.8125,3.7653,0,2,0,0,0,3.3278,4,0
21,6,8,0,0,1,0,3,0,0,0,0,5,2,14,0,0,0,0,0,0,0,1,0,1,0,0,1,0,0,0.0952,0.2381,0.0,0.6667,3.749,2,2,0,0,0,2.585,1,1
59,41,11,0,0,2,5,3,0,0,0,0,11,0,48,0,0,0,0,0,1,1,1,0,1,0,0,0,3,1,0.0,0.1864,0.0847,0.8136,4.2913,0,3,0,0,1,3.9948,13,1
33,17,8,0,0,2,0,3,0,0,0,0,6,0,27,1,0,0,0,0,0,1,1,1,0,0,0,0,0,0,0.0,0.1818,0.0,0.8182,4.0667,0,2,0,0,0,3.4992,5,0
55,14,16,17,0,4,0,4,1,1,0,0,12,17,26,0,0,0,0,0,0,1,1,0,1,1,0,0,1,1,0.3091,0.2182,0.0,0.4727,4.5855,6,3,1,0,0,2.8424,0,1
53,24,11,10,0,4,1,3,1,1,0,0,11,5,37,2,0,0,0,0,0,1,1,0,1,0,0,0,3,1,0.0943,0.2075,0.0189,0.6981,4.5196,5,2,0,0,1,3.6258,8,1
66,14,27,17,0,4,1,4,1,1,0,0,13,17,36,0,0,0,0,0,0,1,1,0,1,1,0,0,3,1,0.2576,0.197,0.0152,0.5455,4.8113,6,3,1,0,0,2.7534,0,1
63,43,13,0,0,4,3,3,0,0,0,0,11,0,52,2,0,0,0,0,0,1,1,0,1,0,0,0,3,1,0.0,0.1746,0.0476,0.8254,4.1908,0,2,0,0,1,3.7691,12,1
62,12,25,17,0,4,1,4,1,1,0,0,13,15,34,0,0,0,0,0,0,1,1,0,1,1,0,0,1,1,0.2419,0.2097,0.0161,0.5484,4.5125,6,3,1,0,0,2.6887,0,1
30,14,8,0,0,3,0,3,0,0,0,0,7,0,23,2,0,0,0,0,0,1,1,1,0,0,0,0,0,0,0.0,0.2333,0.0,0.7667,3.6444,0,2,0,0,0,2.9852,4,0
56,36,13,0,0,4,2,3,0,0,0,0,10,0,46,2,0,0,0,0,0,1,1,0,1,0,0,0,2,1,0.0,0.1786,0.0357,0.8214,4.1537,0,2,0,0,1,3.7317,13,1
27,13,6,0,0,1,0,3,0,0,0,0,5,0,22,0,0,0,0,0,0,0,1,1,0,0,0,0,0,0,0.0,0.1852,0.0,0.8148,4.0043,0,1,0,0,0,3.3347,6,0
20,5,8,0,0,1,0,3,0,0,0,0,5,2,13,0,0,0,0,0,0,0,1,0,1,0,0,1,0,0,0.1,0.25,0.0,0.65,3.9842,1,2,0,0,0,2.3219,0,1
26,11,8,0,0,1,0,3,0,0,0,0,5,0,21,0,0,0,0,0,0,0,1,0,1,0,0,1,0,0,0.0,0.1923,0.0,0.8077,4.056,0,2,0,0,0,3.0958,3,1
67,38,11,10,0,4,2,3,1,1,0,0,12,5,50,2,0,0,0,0,0,1,1,0,1,0,0,0,2,1,0.0746,0.1791,0.0299,0.7463,4.4969,5,2,0,0,1,3.6712,11,1
66,37,11,10,0,4,2,3,1,1,0,0,12,5,49,2,0,0,0,0,0,1,1,0,1,0,0,0,2,1,0.0758,0.1818,0.0303,0.7424,4.5723,5,2,0,0,1,3.8438,11,1
20,5,8,0,0,1,0,3,0,0,0,0,5,1,14,0,0,0,0,0,0,0,1,0,1,0,0,1,0,0,0.05,0.25,0.0,0.7,3.9842,1,2,0,0,0,2.3219,1,1
44,18,18,0,0,2,0,5,0,0,0,0,8,0,36,1,0,0,0,0,0,1,1,1,0,0,0,0,0,0,0.0,0.1818,0.0,0.8182,4.1075,0,2,0,0,0,3.5724,7,0
31,15,8,0,0,2,0,3,0,0,0,0,6,0,25,1,0,0,0,0,0,1,1,1,0,0,0,0,0,0,0.0,0.1935,0.0,0.8065,4.0181,0,2,0,0,0,3.3232,5,0
56,18,4,25,0,2,0,3,1,3,2,0,12,5,39,1,0,0,0,0,0,1,1,1,0,0,0,0,1,1,0.0893,0.2143,0.0,0.6964,4.6193,5,2,0,0,0,3.3083,4,0
67,47,13,0,0,4,3,3,0,0,0,0,11,0,56,2,0,0,0,0,0,1,1,0,1,0,0,0,3,1,0.0,0.1642,0.0448,0.8358,4.2989,0,2,0,0,1,4.0197,14,1
26,13,5,0,0,2,0,3,0,0,0,0,6,0,20,1,0,0,0,0,0,1,1,1,0,0,0,0,0,0,0.0,0.2308,0.0,0.7692,3.6903,0,2,0,0,0,3.2389,5,0
32,15,9,0,0,2,0,3,0,0,0,0,6,0,26,1,0,0,0,0,0,1,1,1,0,0,0,0,1,1,0.0,0.1875,0.0,0.8125,3.7692,0,2,0,0,0,3.3736,5,0
71,20,17,25,0,2,0,4,1,3,2,0,13,5,53,1,0,0,0,0,0,1,1,1,0,0,0,0,0,0,0.0704,0.1831,0.0,0.7465,4.5419,5,2,0,0,0,3.6219,8,0
26,17,1,0,0,2,0,3,0,0,0,0,6,0,20,1,0,0,0,0,0,1,1,1,0,0,0,0,0,0,0.0,0.2308,0.0,0.7692,3.7962,0,2,0,0,0,3.2639,8,0
20,5,8,0,0,1,0,3,0,0,0,0,5,2,13,0,0,0,0,0,0,0,1,0,1,0,0,1,0,0,0.1,0.25,0.0,0.65,3.8842,1,2,0,0,0,2.3219,1,1
57,37,13,0,0,4,2,3,0,0,0,0,10,0,47,2,0,0,0,0,0,1,1,0,1,0,0,0,2,1,0.0,0.1754,0.0351,0.8246,4.0723,0,2,0,0,1,3.5939,13,1
39,17,14,0,0,2,0,5,0,0,0,0,8,1,30,1,0,0,0,0,0,1,1,1,0,0,0,0,0,0,0.0256,0.2051,0.0,0.7692,3.7372,1,2,0,0,0,3.4548,4,0
70,41,11,10,0,4,2,3,1,1,0,0,12,5,53,2,0,0,0,0,0,1,1,0,1,0,0,0,4,1,0.0714,0.1714,0.0286,0.7571,4.6439,5,2,0,0,1,4.0156,11,1
33,17,8,0,0,2,0,3,0,0,0,0,6,0,27,1,0,0,0,0,0,1,1,1,0,0,0,0,0,0,0.0,0.1818,0.0,0.8182,4.1044,0,2,0,0,0,3.4992,5,0
47,15,24,0,0,2,0,6,0,0,0,0,9,6,32,1,0,0,0,0,0,1,1,1,0,0,0,0,0,0,0.1277,0.1915,0.0,0.6809,4.4209,4,2,0,0,0,3.1899,4,0
27,18,1,0,0,2,0,3,0,0,0,0,6,0,21,1,0,0,0,0,0,1,1,1,0,0,0,0,0,0,0.0,0.2222,0.0,0.7778,3.9121,0,2,0,0,0,3.3921,4,0
60,14,16,17,0,4,0,4,1,1,0,0,13,21,26,0,0,0,0,0,0,1,1,0,1,1,0,0,1,1,0.35,0.2167,0.0,0.4333,4.6773,6,3,1,0,0,2.7534,0,1
43,17,18,0,0,2,0,5,0,0,0,0,8,0,35,1,0,0,0,0,0,1,1,1,0,0,0,0,1,1,0.0,0.186,0.0,0.814,3.9964,0,2,0,0,0,3.4992,5,0
70,18,18,25,0,2,0,5,1,3,2,0,14,5,51,1,0,0,0,0,0,1,1,1,0,0,0,0,0,0,0.0714,0.2,0.0,0.7286,4.5221,5,2,0,0,0,3.0169,5,0
27,15,4,0,0,2,0,3,0,0,0,0,6,0,21,1,0,0,0,0,0,1,1,1,0,0,0,0,0,0,0.0,0.2222,0.0,0.7778,3.9303,0,2,0,0,0,3.4566,3,0
64,46,11,0,0,2,5,3,0,0,0,0,11,0,53,0,0,0,0,0,1,1,1,0,1,0,0,0,3,1,0.0,0.1719,0.0781,0.8281,4.2403,0,3,0,0,1,3.9425,14,1
20,5,8,0,0,1,0,3,0,0,0,0,5,3,12,0,0,0,0,0,0,0,1,0,1,0,0,1,0,0,0.15,0.25,0.0,0.6,3.8842,2,2,0,0,0,2.3219,1,1
67,15,18,25,0,2,0,5,1,3,2,0,14,5,48,1,0,0,0,0,0,1,1,1,0,0,0,0,0,0,0.0746,0.209,0.0,0.7164,4.5861,5,2,0,0,0,3.1899,4,0
26,11,8,0,0,1,0,3,0,0,0,0,5,3,18,0,0,0,0,0,0,0,1,0,1,0,0,1,0,0,0.1154,0.1923,0.0,0.6923,4.1808,3,2,0,0,0,3.4594,3,1
52,12,28,0,0,4,1,4,0,0,0,0,11,13,28,0,0,0,0,0,0,1,1,0,1,1,1,0,2,1,0.25,0.2115,0.0192,0.5385,4.6663,4,4,1,0,0,2.6258,0,1
62,13,24,17,0,4,1,4,1,1,0,0,13,16,33,0,0,0,0,0,0,1,1,0,1,1,0,0,2,1,0.2581,0.2097,0.0161,0.5323,4.6537,6,3,1,0,0,2.6032,0,1
61,32,11,10,0,4,1,3,1,1,0,0,11,5,45,2,0,0,0,0,0,1,1,0,1,0,0,0,4,1,0.082,0.1803,0.0164,0.7377,4.617,5,2,0,0,1,3.9917,11,1
50,24,18,0,0,2,0,4,0,0,0,0,7,0,43,1,0,0,0,0,0,1,1,1,0,0,0,0,0,0,0.0,0.14,0.0,0.86,4.0855,0,2,0,0,0,3.5221,9,0
31,17,6,0,0,1,0,3,0,0,0,0,5,0,26,0,0,0,0,0,0,0,1,1,0,0,0,0,0,0,0.0,0.1613,0.0,0.8387,4.0911,0,1,0,0,0,3.6901,5,0
41,15,18,0,0,2,0,5,0,0,0,0,8,0,33,1,0,0,0,0,0,1,1,1,0,0,0,0,0,0,0.0,0.1951,0.0,0.8049,3.9739,0,2,0,0,0,2.7899,5,0
62,12,25,17,0,4,1,4,1,1,0,0,13,15,34,0,0,0,0,0,0,1,1,0,1,1,0,0,2,1,0.2419,0.2097,0.0161,0.5484,4.7478,6,3,1,0,0,2.6258,0,1
65,47,11,0,0,2,5,3,0,0,0,0,11,0,54,0,0,0,0,0,1,1,1,0,1,0,0,0,3,1,0.0,0.1692,0.0769,0.8308,4.4043,0,3,0,0,1,4.1369,14,1
37,13,16,0,0,2,0,4,0,0,0,0,7,0,30,1,0,0,0,0,0,1,1,1,0,0,0,0,0,0,0.0,0.1892,0.0,0.8108,3.8438,0,2,0,0,0,3.027,3,0
58,38,13,0,0,4,2,3,0,0,0,0,10,0,48,2,0,0,0,0,0,1,1,0,1,0,0,0,3,1,0.0,0.1724,0.0345,0.8276,4.3366,0,2,0,0,1,4.1486,13,1
67,38,11,10,0,4,2,3,1,1,0,0,12,5,50,2,0,0,0,0,0,1,1,0,1,0,0,0,2,1,0.0746,0.1791,0.0299,0.7463,4.5264,5,2,0,0,1,3.9252,10,1
27,15,4,0,0,2,0,3,0,0,0,0,6,0,21,1,0,0,0,0,0,1,1,1,0,0,0,0,0,0,0.0,0.2222,0.0,0.7778,4.0323,0,2,0,0,0,3.5069,5,0
20,5,8,0,0,1,0,3,0,0,0,0,5,1,14,0,0,0,0,0,0,0,1,0,1,0,0,1,0,0,0.05,0.25,0.0,0.7,3.7842,1,2,0,0,0,2.3219,1,1
38,16,14,0,0,2,0,5,0,0,0,0,8,1,29,1,0,0,0,0,0,1,1,1,0,0,0,0,0,0,0.0263,0.2105,0.0,0.7632,3.9103,1,2,0,0,0,3.25,5,0
19,4,8,0,0,1,0,3,0,0,0,0,5,1,13,0,0,0,0,0,0,0,1,0,1,0,0,1,0,0,0.0526,0.2632,0.0,0.6842,3.6421,1,2,0,0,0,2.0,1,1
62,42,13,0,0,4,2,3,0,0,0,0,10,0,52,2,0,0,0,0,0,1,1,0,1,0,0,0,3,1,0.0,0.1613,0.0323,0.8387,4.1628,0,2,0,0,1,3.7583,14,1
47,15,24,0,0,2,0,6,0,0,0,0,9,6,32,1,0,0,0,0,0,1,1,1,0,0,0,0,0,0,0.1277,0.1915,0.0,0.6809,4.2932,4,2,0,0,0,3.0062,4,0
28,14,6,0,0,2,0,3,0,0,0,0,6,0,22,1,0,0,0,0,0,1,1,1,0,0,0,0,0,0,0.0,0.2143,0.0,0.7857,3.7979,0,2,0,0,0,3.0391,6,0
49,14,1,25,0,2,0,3,1,3,2,0,12,5,32,1,0,0,0,0,0,1,1,1,0,0,0,0,0,0,0.102,0.2449,0.0,0.6531,4.5889,5,2,0,0,0,3.5216,5,0
54,13,34,0,0,4,2,4,0,0,0,0,11,10,33,0,0,0,0,0,0,1,1,0,1,1,0,0,2,1,0.1852,0.2037,0.037,0.6111,4.4858,3,3,1,0,0,2.5074,0,1
36,10,18,0,0,1,0,6,0,0,0,0,8,6,22,0,0,0,0,0,0,1,1,1,0,0,0,0,0,0,0.1667,0.2222,0.0,0.6111,3.8848,4,2,0,0,0,3.1219,2,0
28,14,6,0,0,2,0,3,0,0,0,0,6,0,22,1,0,0,0,0,0,1,1,1,0,0,0,0,0,0,0.0,0.2143,0.0,0.7857,3.9233,0,2,0,0,0,3.5216,5,0
31,17,6,0,0,2,0,3,0,0,0,0,6,0,25,1,0,0,0,0,0,1,1,1,0,0,0,0,0,0,0.0,0.1935,0.0,0.8065,3.9536,0,2,0,0,0,3.4548,6,0
60,40,13,0,0,4,2,3,0,0,0,0,10,0,50,2,0,0,0,0,0,1,1,0,1,0,0,0,4,1,0.0,0.1667,0.0333,0.8333,4.3427,0,2,0,0,1,4.0587,14,1
65,13,27,17,0,4,1,4,1,1,0,0,13,16,36,0,0,0,0,0,0,1,1,0,1,1,0,0,2,1,0.2462,0.2,0.0154,0.5538,4.7103,6,3,1,0,0,2.6612,0,1
55,14,33,0,0,2,0,5,0,1,0,0,13,3,39,1,0,0,0,0,0,1,1,1,0,0,0,0,0,0,0.0545,0.2364,0.0,0.7091,4.5699,2,2,0,0,0,2.8963,4,0
67,38,11,10,0,4,2,3,1,1,0,0,12,5,50,2,0,0,0,0,0,1,1,0,1,0,0,0,3,1,0.0746,0.1791,0.0299,0.7463,4.5533,5,2,0,0,1,3.9708,11,1
38,13,17,0,0,2,0,4,0,0,0,0,7,0,31,1,0,0,0,0,0,1,1,1,0,0,0,0,0,0,0.0,0.1842,0.0,0.8158,3.945,0,2,0,0,0,3.0851,4,0
41,17,16,0,0,2,0,4,0,0,0,0,7,0,34,1,0,0,0,0,0,1,1,1,0,0,0,0,0,0,0.0,0.1707,0.0,0.8293,3.8907,0,2,0,0,0,3.3372,6,0
54,24,22,0,0,2,0,4,0,0,0,0,7,0,47,1,0,0,0,0,0,1,1,1,0,0,0,0,0,0,0.0,0.1296,0.0,0.8704,4.1949,0,2,0,0,0,3.7202,9,0
67,38,11,10,0,4,2,3,1,1,0,0,12,5,50,2,0,0,0,0,0,1,1,0,1,0,0,0,4,1,0.0746,0.1791,0.0299,0.7463,4.5806,5,2,0,0,1,4.0632,12,1
60,42,11,0,0,2,5,3,0,0,0,0,11,0,49,0,0,0,0,0,1,1,1,0,1,0,0,0,3,1,0.0,0.1833,0.0833,0.8167,4.3421,0,3,0,0,1,4.0027,14,1
66,14,27,17,0,4,1,4,1,1,0,0,13,17,36,0,0,0,0,0,0,1,1,0,1,1,0,0,2,1,0.2576,0.197,0.0152,0.5455,4.6512,6,3,1,0,0,2.6106,0,1
29,12,9,0,0,2,0,3,0,0,0,0,6,0,23,1,0,0,0,0,0,1,1,1,0,0,0,0,0,0,0.0,0.2069,0.0,0.7931,4.0902,0,2,0,0,0,3.2516,3,0
54,10,32,0,0,2,2,4,0,0,0,0,10,4,40,0,0,0,0,0,0,1,1,0,1,0,1,0,2,1,0.0741,0.1852,0.037,0.7407,4.2315,4,3,0,0,0,2.7219,4,1
61,41,13,0,0,4,2,3,0,0,0,0,10,0,51,2,0,0,0,0,0,1,1,0,1,0,0,0,3,1,0.0,0.1639,0.0328,0.8361,4.1396,0,2,0,0,1,3.7748,15,1
61,43,11,0,0,2,5,3,0,0,0,0,11,0,50,0,0,0,0,0,1,1,1,0,1,0,0,0,3,1,0.0,0.1803,0.082,0.8197,4.312,0,3,0,0,1,3.9759,15,1
61,43,11,0,0,2,5,3,0,0,0,0,11,0,50,0,0,0,0,0,1,1,1,0,1,0,0,0,4,1,0.0,0.1803,0.082,0.8197,4.3595,0,3,0,0,1,4.0979,14,1
64,15,19,17,0,4,0,4,1,1,0,0,13,22,29,0,0,0,0,0,0,1,1,0,1,1,0,0,2,1,0.3438,0.2031,0.0,0.4531,4.4548,6,3,1,0,0,2.3656,0,1
26,14,4,0,0,2,0,3,0,0,0,0,6,0,20,1,0,0,0,0,0,1,1,1,0,0,0,0,0,0,0.0,0.2308,0.0,0.7692,3.7962,0,2,0,0,0,3.182,6,0
67,13,29,17,0,4,1,4,1,1,0,0,13,16,38,0,0,0,0,0,0,1,1,0,1,1,0,0,2,1,0.2388,0.194,0.0149,0.5672,4.7153,6,3,1,0,0,2.4493,0,1
63,34,11,10,0,4,2,3,1,1,0,0,12,5,46,2,0,0,0,0,0,1,1,0,1,0,0,0,3,1,0.0794,0.1905,0.0317,0.7302,4.6262,5,2,0,0,1,3.9987,11,1
68,50,11,0,0,2,5,3,0,0,0,0,11,0,57,0,0,0,0,0,1,1,1,0,1,0,0,0,5,1,0.0,0.1618,0.0735,0.8382,4.3542,0,3,0,0,1,4.1342,16,1
78,49,11,10,0,4,2,3,1,1,0,0,12,5,61,2,0,0,0,0,0,1,1,0,1,0,0,0,4,1,0.0641,0.1538,0.0256,0.7821,4.6979,5,2,0,0,1,4.125,18,1
33,16,9,0,0,2,0,3,0,0,0,0,6,0,27,1,0,0,0,0,0,1,1,1,0,0,0,0,0,0,0.0,0.1818,0.0,0.8182,4.0667,0,2,0,0,0,3.5778,6,0
57,14,18,17,0,4,0,4,1,1,0,0,12,17,28,0,0,0,0,0,0,1,1,0,1,1,0,0,2,1,0.2982,0.2105,0.0,0.4912,4.5219,6,3,1,0,0,2.7534,0,1
66,48,11,0,0,2,5,3,0,0,0,0,11,0,55,0,0,0,0,0,1,1,1,0,1,0,0,0,2,1,0.0,0.1667,0.0758,0.8333,4.3365,0,3,0,0,1,4.119,14,1
57,39,11,0,0,2,4,3,0,0,0,0,10,0,47,0,0,0,0,0,1,1,1,0,1,0,0,0,2,1,0.0,0.1754,0.0702,0.8246,4.4298,0,3,0,0,1,4.2017,11,1
64,13,26,17,0,4,1,4,1,1,0,0,13,16,35,0,0,0,0,0,0,1,1,0,1,1,0,0,2,1,0.25,0.2031,0.0156,0.5469,4.5977,6,3,1,0,0,2.5074,0,1
63,14,24,17,0,4,1,4,1,1,0,0,13,17,33,0,0,0,0,0,0,1,1,0,1,1,0,0,2,1,0.2698,0.2063,0.0159,0.5238,4.6324,6,3,1,0,0,2.6106,0,1
68,12,26,17,0,4,1,4,1,1,0,0,14,19,35,0,0,0,0,0,0,1,1,0,1,1,1,0,1,1,0.2794,0.2059,0.0147,0.5147,4.8039,6,4,1,0,0,2.4591,0,1
48,24,16,0,0,2,0,4,0,0,0,0,7,0,41,1,0,0,0,0,0,1,1,1,0,0,0,0,0,0,0.0,0.1458,0.0,0.8542,4.2645,0,2,0,0,0,3.7202,9,0
28,14,6,0,0,2,0,3,0,0,0,0,6,0,22,1,0,0,0,0,0,1,1,1,0,0,0,0,0,0,0.0,0.2143,0.0,0.7857,3.7979,0,2,0,0,0,3.0391,3,0
58,18,6,25,0,2,0,3,1,3,2,0,12,5,41,1,0,0,0,0,0,1,1,1,0,0,0,0,1,1,0.0862,0.2069,0.0,0.7069,4.5865,5,2,0,0,0,3.4613,6,0
41,17,16,0,0,2,0,4,0,0,0,0,7,0,34,1,0,0,0,0,0,1,1,1,0,0,0,0,0,0,0.0,0.1707,0.0,0.8293,4.0644,0,2,0,0,0,3.7345,5,0
65,45,13,0,0,4,2,3,0,0,0,0,10,0,55,2,0,0,0,0,0,1,1,0,1,0,0,0,4,1,0.0,0.1538,0.0308,0.8462,4.2008,0,2,0,0,1,3.8943,18,1
55,37,11,0,0,2,5,3,0,0,0,0,11,0,44,0,0,0,0,0,1,1,1,0,1,0,0,0,4,1,0.0,0.2,0.0909,0.8,4.3158,0,3,0,0,1,4.0342,13,1
20,5,8,0,0,1,0,3,0,0,0,0,5,0,15,0,0,0,0,0,0,0,1,0,1,0,0,1,0,0,0.0,0.25,0.0,0.75,3.8842,0,2,0,0,0,2.3219,1,1
56,27,11,10,0,4,1,3,1,1,0,0,11,5,40,2,0,0,0,0,0,1,1,0,1,0,0,0,1,1,0.0893,0.1964,0.0179,0.7143,4.5684,5,2,0,0,1,3.9303,8,1
20,5,8,0,0,1,0,3,0,0,0,0,5,1,14,0,0,0,0,0,0,0,1,0,1,0,0,1,0,0,0.05,0.25,0.0,0.7,3.9842,1,2,0,0,0,2.3219,0,1
26,11,8,0,0,1,0,3,0,0,0,0,5,2,19,0,0,0,0,0,0,0,1,0,1,0,0,1,0,0,0.0769,0.1923,0.0,0.7308,3.8731,2,2,0,0,0,3.0958,3,1
61,9,18,25,0,1,0,4,1,3,2,0,12,5,44,0,0,0,0,0,0,1,1,1,0,0,0,0,0,0,0.082,0.1967,0.0,0.7213,4.6243,5,2,0,0,0,2.9477,3,0
41,15,18,0,0,2,0,5,0,0,0,0,8,0,33,1,0,0,0,0,0,1,1,1,0,0,0,0,1,1,0.0,0.1951,0.0,0.8049,3.9043,0,2,0,0,0,3.3736,5,0
65,47,11,0,0,2,5,3,0,0,0,0,11,0,54,0,0,0,0,0,1,1,1,0,1,0,0,0,3,1,0.0,0.1692,0.0769,0.8308,4.2218,0,3,0,0,1,3.9994,15,1
21,6,8,0,0,1,0,3,0,0,0,0,5,1,15,0,0,0,0,0,0,0,1,0,1,0,0,1,0,0,0.0476,0.2381,0.0,0.7143,3.9395,1,2,0,0,0,2.585,1,1
67,38,11,10,0,4,2,3,1,1,0,0,12,5,50,2,0,0,0,0,0,1,1,0,1,0,0,0,3,1,0.0746,0.1791,0.0299,0.7463,4.5259,5,2,0,0,1,4.0304,13,1
57,37,13,0,0,4,2,3,0,0,0,0,10,0,47,2,0,0,0,0,0,1,1,0,1,0,0,0,2,1,0.0,0.1754,0.0351,0.8246,4.3332,0,2,0,0,1,3.9591,13,1
41,15,18,0,0,2,0,6,0,0,0,0,9,6,26,1,0,0,0,0,0,1,1,1,0,0,0,0,0,0,0.1463,0.2195,0.0,0.6341,4.0923,4,2,0,0,0,3.1899,5,0
41,24,9,0,0,2,0,3,0,0,0,0,6,0,35,1,0,0,0,0,0,1,1,1,0,0,0,0,0,0,0.0,0.1463,0.0,0.8537,4.1804,0,2,0,0,0,3.6368,9,0
40,16,16,0,0,3,0,4,0,0,0,0,8,0,32,2,0,0,0,0,0,1,1,1,0,0,0,0,0,0,0.0,0.2,0.0,0.8,3.9153,0,2,0,0,0,2.9056,5,0
56,36,13,0,0,4,2,3,0,0,0,0,10,0,46,2,0,0,0,0,0,1,1,0,1,0,0,0,4,1,0.0,0.1786,0.0357,0.8214,4.2761,0,2,0,0,1,3.954,13,1
35,13,14,0,0,1,0,5,0,0,0,0,7,2,26,0,0,0,0,0,0,1,1,1,0,0,0,0,0,0,0.0571,0.2,0.0,0.7429,3.8729,1,2,0,0,0,3.027,3,0
26,13,5,0,0,2,0,3,0,0,0,0,6,0,20,1,0,0,0,0,0,1,1,1,0,0,0,0,0,0,0.0,0.2308,0.0,0.7692,3.6424,0,2,0,0,0,3.0851,4,0
31,19,4,0,0,2,0,3,0,0,0,0,6,0,25,1,0,0,0,0,0,1,1,1,0,0,0,0,0,0,0.0,0.1935,0.0,0.8065,3.9621,0,2,0,0,0,3.2608,7,0
20,5,8,0,0,1,0,3,0,0,0,0,5,2,13,0,0,0,0,0,0,0,1,0,1,0,0,1,0,0,0.1,0.25,0.0,0.65,3.7842,1,2,0,0,0,2.3219,0,1
40,18,14,0,0,2,0,5,0,0,0,0,8,1,31,1,0,0,0,0,0,1,1,1,0,0,0,0,1,1,0.025,0.2,0.0,0.775,3.8012,1,2,0,0,0,3.4613,6,0
54,25,11,10,0,4,1,3,1,1,0,0,11,5,38,2,0,0,0,0,0,1,1,0,1,0,0,0,2,1,0.0926,0.2037,0.0185,0.7037,4.4767,5,2,0,0,1,3.8937,9,1
54,25,11,10,0,4,1,3,1,1,0,0,11,5,38,2,0,0,0,0,0,1,1,0,1,0,0,0,4,1,0.0926,0.2037,0.0185,0.7037,4.507,5,2,0,0,1,3.8635,8,1
63,12,17,25,0,2,0,4,1,3,2,0,13,5,45,1,0,0,0,0,0,1,1,1,0,0,0,0,0,0,0.0794,0.2063,0.0,0.7143,4.5798,5,2,0,0,0,3.0221,5,0
64,35,11,10,0,4,2,3,1,1,0,0,12,5,47,2,0,0,0,0,0,1,1,0,1,0,0,0,2,1,0.0781,0.1875,0.0312,0.7344,4.5977,5,2,0,0,1,3.857,10,1
57,37,13,0,0,4,2,3,0,0,0,0,10,0,47,2,0,0,0,0,0,1,1,0,1,0,0,0,2,1,0.0,0.1754,0.0351,0.8246,4.2561,0,2,0,0,1,3.8846,13,1
29,13,8,0,0,3,0,3,0,0,0,0,7,0,22,2,0,0,0,0,0,1,1,1,0,0,0,0,0,0,0.0,0.2414,0.0,0.7586,3.6335,0,2,0,0,0,2.8151,5,0
24,11,5,0,0,2,0,3,0,0,0,0,6,0,18,1,0,0,0,0,0,1,1,1,0,0,0,0,0,0,0.0,0.25,0.0,0.75,3.7406,0,2,0,0,0,2.8454,3,0
60,42,11,0,0,2,5,3,0,0,0,0,11,0,49,0,0,0,0,0,1,1,1,0,1,0,0,0,3,1,0.0,0.1833,0.0833,0.8167,4.2777,0,3,0,0,1,3.9308,13,1
62,23,5,25,0,2,0,3,1,3,2,0,12,5,45,1,0,0,0,0,0,1,1,1,0,0,0,0,0,0,0.0806,0.1935,0.0,0.7258,4.6208,5,2,0,0,0,3.5342,10,0
31,13,10,0,0,2,0,3,0,0,0,0,6,0,25,1,0,0,0,0,0,1,1,1,0,0,0,0,0,0,0.0,0.1935,0.0,0.8065,3.7199,0,2,0,0,0,2.5654,1,0
47,15,24,0,0,2,0,6,0,0,0,0,9,6,32,1,0,0,0,0,0,1,1,1,0,0,0,0,0,0,0.1277,0.1915,0.0,0.6809,4.3358,4,2,0,0,0,3.3232,3,0
64,46,11,0,0,2,5,3,0,0,0,0,11,0,53,0,0,0,0,0,1,1,1,0,1,0,0,0,4,1,0.0,0.1719,0.0781,0.8281,4.3107,0,3,0,0,1,3.9717,16,1
67,19,14,25,0,2,0,5,1,3,2,0,14,6,47,1,0,0,0,0,0,1,1,1,0,0,0,0,0,0,0.0896,0.209,0.0,0.7015,4.6537,5,2,0,0,0,3.4316,6,0
36,14,14,0,0,2,0,5,0,0,0,0,8,1,27,1,0,0,0,0,0,1,1,1,0,0,0,0,0,0,0.0278,0.2222,0.0,0.75,3.5482,1,2,0,0,0,3.0391,5,0
28,19,1,0,0,2,0,3,0,0,0,0,6,0,22,1,0,0,0,0,0,1,1,1,0,0,0,0,0,0,0.0,0.2143,0.0,0.7857,3.7804,0,2,0,0,0,3.2608,7,0
55,35,13,0,0,4,2,3,0,0,0,0,10,0,45,2,0,0,0,0,0,1,1,0,1,0,0,0,2,1,0.0,0.1818,0.0364,0.8182,4.1699,0,2,0,0,1,3.8646,11,1
63,45,11,0,0,2,5,3,0,0,0,0,11,0,52,0,0,0,0,0,1,1,1,0,1,0,0,0,5,1,0.0,0.1746,0.0794,0.8254,4.4183,0,3,0,0,1,4.0979,15,1
58,40,11,0,0,2,5,3,0,0,0,0,11,0,47,0,0,0,0,0,1,1,1,0,1,0,0,0,4,1,0.0,0.1897,0.0862,0.8103,4.2564,0,3,0,0,1,4.016,12,1
42,12,22,0,0,2,0,4,0,0,0,0,7,0,35,1,0,0,0,0,0,1,1,1,0,0,0,0,0,0,0.0,0.1667,0.0,0.8333,4.112,0,2,0,0,0,3.085,3,0
58,20,4,25,0,2,0,3,1,3,2,0,12,5,41,1,0,0,0,0,0,1,1,1,0,0,0,0,0,0,0.0862,0.2069,0.0,0.7069,4.5445,5,2,0,0,0,3.4219,8,0
64,44,13,0,0,4,2,3,0,0,0,0,10,0,54,2,0,0,0,0,0,1,1,0,1,0,0,0,2,1,0.0,0.1562,0.0312,0.8438,4.2148,0,2,0,0,1,3.9019,15,1
64,44,13,0,0,4,3,3,0,0,0,0,11,0,53,2,0,0,0,0,0,1,1,0,1,0,0,0,3,1,0.0,0.1719,0.0469,0.8281,4.2364,0,2,0,0,1,3.9197,13,1
64,44,13,0,0,4,3,3,0,0,0,0,11,0,53,2,0,0,0,0,0,1,1,0,1,0,0,0,4,1,0.0,0.1719,0.0469,0.8281,4.172,0,2,0,0,1,3.8028,14,1
66,14,18,25,0,2,0,6,1,3,2,0,15,11,40,1,0,0,0,0,0,1,1,1,0,0,0,0,0,0,0.1667,0.2273,0.0,0.6061,4.7105,5,2,0,0,0,3.5216,6,0
66,14,18,25,0,2,0,6,1,3,2,0,15,11,40,1,0,0,0,0,0,1,1,1,0,0,0,0,0,0,0.1667,0.2273,0.0,0.6061,4.7278,5,2,0,0,0,3.5216,5,0
31,15,8,0,0,2,0,3,0,0,0,0,6,0,25,1,0,0,0,0,0,1,1,1,0,0,0,0,0,0,0.0,0.1935,0.0,0.8065,3.8087,0,2,0,0,0,3.1899,4,0
66,37,11,10,0,4,2,3,1,1,0,0,12,5,49,2,0,0,0,0,0,1,1,0,1,0,0,0,4,1,0.0758,0.1818,0.0303,0.7424,4.7189,5,2,0,0,1,4.1345,12,1
69,51,11,0,0,2,6,3,0,0,0,0,12,0,57,0,0,0,0,0,1,1,1,0,1,0,0,0,4,1,0.0,0.1739,0.087,0.8261,4.4085,0,3,0,0,1,4.1082,16,1
21,6,8,0,0,1,0,3,0,0,0,0,5,0,16,0,0,0,0,0,0,0,1,0,1,0,0,1,0,0,0.0,0.2381,0.0,0.7619,3.5226,0,2,0,0,0,2.585,1,1
26,11,8,0,0,1,0,3,0,0,0,0,5,2,19,0,0,0,0,0,0,0,1,0,1,0,0,1,0,0,0.0769,0.1923,0.0,0.7308,4.1039,1,2,0,0,0,3.4594,3,1
58,15,18,17,0,4,0,4,1,1,0,0,12,18,28,0,0,0,0,0,0,1,1,0,1,1,0,0,2,1,0.3103,0.2069,0.0,0.4828,4.3971,6,3,1,0,0,2.5056,0,1
53,33,13,0,0,4,2,3,0,0,0,0,10,0,43,2,0,0,0,0,0,1,1,0,1,0,0,0,3,1,0.0,0.1887,0.0377,0.8113,4.2301,0,2,0,0,1,3.862,12,1
32,16,8,0,0,2,0,3,0,0,0,0,6,0,26,1,0,0,0,0,0,1,1,1,0,0,0,0,0,0,0.0,0.1875,0.0,0.8125,4.0542,0,2,0,0,0,3.5778,6,0
40,14,18,0,0,2,0,4,0,0,0,0,7,0,33,1,0,0,0,0,0,1,1,1,0,0,0,0,0,0,0.0,0.175,0.0,0.825,3.9153,0,2,0,0,0,3.3788,5,0
63,45,11,0,0,2,5,3,0,0,0,0,11,0,52,0,0,0,0,0,1,1,1,0,1,0,0,0,4,1,0.0,0.1746,0.0794,0.8254,4.2965,0,3,0,0,1,4.111,15,1
63,34,11,10,0,4,2,3,1,1,0,0,12,5,46,2,0,0,0,0,0,1,1,0,1,0,0,0,2,1,0.0794,0.1905,0.0317,0.7302,4.5449,5,2,0,0,1,3.962,8,1
62,44,11,0,0,2,5,3,0,0,0,0,11,0,51,0,0,0,0,0,1,1,1,0,1,0,0,0,4,1,0.0,0.1774,0.0806,0.8226,4.2605,0,3,0,0,1,3.9734,15,1
26,11,8,0,0,1,0,3,0,0,0,0,5,2,19,0,0,0,0,0,0,0,1,0,1,0,0,1,0,0,0.0769,0.1923,0.0,0.7308,3.9791,2,2,0,0,0,3.0958,3,1
63,21,8,25,0,2,0,3,1,3,2,0,12,5,46,1,0,0,0,0,0,1,1,1,0,0,0,0,0,0,0.0794,0.1905,0.0,0.7302,4.7068,5,2,0,0,0,3.8802,7,0
59,20,5,25,0,2,0,3,1,3,2,0,12,5,42,1,0,0,0,0,0,1,1,1,0,0,0,0,0,0,0.0847,0.2034,0.0,0.7119,4.6661,5,2,0,0,0,3.6842,8,0
19,4,8,0,0,1,0,3,0,0,0,0,5,0,14,0,0,0,0,0,0,0,1,0,1,0,0,1,0,0,0.0,0.2632,0.0,0.7368,3.6421,0,2,0,0,0,2.0,1,1
39,15,16,0,0,2,0,4,0,0,0,0,7,0,32,1,0,0,0,0,0,1,1,1,0,0,0,0,0,0,0.0,0.1795,0.0,0.8205,4.2017,0,2,0,0,0,3.3232,5,0
22,13,1,0,0,1,0,3,0,0,0,0,5,0,17,0,0,0,0,0,0,0,1,1,0,0,0,0,0,0,0.0,0.2273,0.0,0.7727,3.8454,0,1,0,0,0,3.3347,6,0
61,43,11,0,0,2,5,3,0,0,0,0,11,0,50,0,0,0,0,0,1,1,1,0,1,0,0,0,4,1,0.0,0.1803,0.082,0.8197,4.2882,0,3,0,0,1,3.9987,14,1
51,13,4,25,0,1,0,3,1,3,2,0,11,5,35,0,0,0,0,0,0,1,1,1,0,0,0,0,0,0,0.098,0.2157,0.0,0.6863,4.6032,5,2,0,0,0,3.027,4,0
56,14,8,25,0,2,0,3,1,3,2,0,12,5,39,1,0,0,0,0,0,1,1,1,0,0,0,0,0,0,0.0893,0.2143,0.0,0.6964,4.6685,5,2,0,0,0,3.2359,4,0
61,12,24,17,0,4,1,4,1,1,0,0,13,15,33,0,0,0,0,0,0,1,1,0,1,1,0,0,1,1,0.2459,0.2131,0.0164,0.541,4.7702,6,3,1,0,0,2.6258,0,1
42,18,16,0,0,2,0,4,0,0,0,0,7,0,35,1,0,0,0,0,0,1,1,1,0,0,0,0,0,0,0.0,0.1667,0.0,0.8333,4.0144,0,2,0,0,0,3.6144,7,0
52,20,24,0,0,2,0,6,0,0,0,0,9,7,36,1,0,0,0,0,0,1,1,1,0,0,0,0,0,0,0.1346,0.1731,0.0,0.6923,4.2476,4,2,0,0,0,3.3842,5,0
26,11,8,0,0,1,0,3,0,0,0,0,5,0,21,0,0,0,0,0,0,0,1,0,1,0,0,1,0,0,0.0,0.1923,0.0,0.8077,4.1039,0,2,0,0,0,3.4594,3,1
69,13,26,17,0,4,1,4,1,1,0,0,14,20,35,0,0,0,0,0,0,1,1,0,1,1,1,0,3,1,0.2899,0.2029,0.0145,0.5072,4.5972,6,4,1,0,0,2.4493,0,1
40,16,16,0,0,2,0,4,0,0,0,0,7,0,33,1,0,0,0,0,0,1,1,1,0,0,0,0,0,0,0.0,0.175,0.0,0.825,3.9342,0,2,0,0,0,3.5,5,0
25,13,4,0,0,2,0,3,0,0,0,0,6,0,19,1,0,0,0,0,0,1,1,1,0,0,0,0,0,0,0.0,0.24,0.0,0.76,3.7835,0,2,0,0,0,3.027,3,0
39,14,17,0,0,2,0,4,0,0,0,0,7,0,32,1,0,0,0,0,0,1,1,1,0,0,0,0,0,0,0.0,0.1795,0.0,0.8205,4.0579,0,2,0,0,0,3.3249,3,0
67,49,11,0,0,2,5,3,0,0,0,0,11,0,56,0,0,0,0,0,1,1,1,0,1,0,0,0,3,1,0.0,0.1642,0.0746,0.8358,4.2331,0,3,0,0,1,3.9777,16,1
64,16,14,25,0,2,0,5,1,3,2,0,14,6,44,1,0,0,0,0,0,1,1,1,0,0,0,0,0,0,0.0938,0.2188,0.0,0.6875,4.7211,5,2,0,0,0,3.5,5,0
72,20,18,25,0,2,0,6,1,3,2,0,15,11,46,1,0,0,0,0,0,1,1,1,0,0,0,0,1,1,0.1528,0.2083,0.0,0.6389,4.774,5,2,0,0,0,3.8219,6,0
53,15,7,22,0,2,0,3,1,2,1,0,10,0,43,1,0,0,0,0,0,1,1,1,0,0,0,0,0,0,0.0,0.1887,0.0,0.8113,4.1404,0,2,0,0,0,2.7899,5,0
75,23,18,25,0,2,0,4,1,3,2,0,13,5,57,1,0,0,0,0,0,1,1,1,0,0,0,0,0,0,0.0667,0.1733,0.0,0.76,4.5464,5,2,0,0,0,3.6212,8,0
69,17,18,25,0,2,0,4,1,3,2,0,13,5,51,1,0,0,0,0,0,1,1,1,0,0,0,0,0,0,0.0725,0.1884,0.0,0.7391,4.5993,5,2,0,0,0,3.1751,4,0
58,29,11,10,0,4,1,3,1,1,0,0,11,5,42,2,0,0,0,0,0,1,1,0,1,0,0,0,2,1,0.0862,0.1897,0.0172,0.7241,4.4253,5,2,0,0,1,3.7328,9,1
69,17,18,25,0,2,0,6,1,3,2,0,15,11,43,1,0,0,0,0,0,1,1,1,0,0,0,0,0,0,0.1594,0.2174,0.0,0.6232,4.7389,5,2,0,0,0,3.2195,6,0
57,39,11,0,0,2,5,3,0,0,0,0,11,0,46,0,0,0,0,0,1,1,1,0,1,0,0,0,3,1,0.0,0.193,0.0877,0.807,4.4056,0,3,0,0,1,4.1604,13,1
52,20,24,0,0,2,0,6,0,0,0,0,9,6,37,1,0,0,0,0,0,1,1,1,0,0,0,0,0,0,0.1154,0.1731,0.0,0.7115,4.3441,4,2,0,0,0,3.5842,6,0
64,14,25,17,0,4,1,4,1,1,0,0,13,17,34,0,0,0,0,0,0,1,1,0,1,1,0,0,2,1,0.2656,0.2031,0.0156,0.5312,4.6464,6,3,1,0,0,2.5567,0,1
71,15,22,25,0,2,0,4,1,3,2,0,13,5,53,1,0,0,0,0,0,1,1,1,0,0,0,0,0,0,0.0704,0.1831,0.0,0.7465,4.6026,5,2,0,0,0,3.3232,4,0
39,15,16,0,0,2,0,4,0,0,0,0,7,0,32,1,0,0,0,0,0,1,1,1,0,0,0,0,0,0,0.0,0.1795,0.0,0.8205,3.9066,0,2,0,0,0,3.3736,4,0
40,14,18,0,0,2,0,5,0,0,0,0,8,0,32,1,0,0,0,0,0,1,1,1,0,0,0,0,0,0,0.0,0.2,0.0,0.8,4.0848,0,2,0,0,0,3.3788,4,0
34,18,8,0,0,2,0,3,0,0,0,0,6,0,28,1,0,0,0,0,0,1,1,1,0,0,0,0,1,1,0.0,0.1765,0.0,0.8235,3.8703,0,2,0,0,0,3.4613,6,0
56,36,13,0,0,4,2,3,0,0,0,0,10,0,46,2,0,0,0,0,0,1,1,0,1,0,0,0,4,1,0.0,0.1786,0.0357,0.8214,4.2914,0,2,0,0,1,4.0095,11,1
23,10,5,0,0,1,0,3,0,0,0,0,5,0,18,0,0,0,0,0,0,0,1,1,0,0,0,0,0,0,0.0,0.2174,0.0,0.7826,3.7294,0,1,0,0,0,3.1219,3,0
43,18,17,0,0,2,0,4,0,0,0,0,7,0,36,1,0,0,0,0,0,1,1,1,0,0,0,0,1,1,0.0,0.1628,0.0,0.8372,3.908,0,2,0,0,0,3.5033,6,0
30,14,8,0,0,2,0,3,0,0,0,0,6,0,24,1,0,0,0,0,0,1,1,1,0,0,0,0,0,0,0.0,0.2,0.0,0.8,3.8062,0,2,0,0,0,3.182,2,0
41,17,16,0,0,2,0,4,0,0,0,0,7,0,34,1,0,0,0,0,0,1,1,1,0,0,0,0,0,0,0.0,0.1707,0.0,0.8293,4.1132,0,2,0,0,0,3.4992,5,0
64,16,14,25,0,2,0,5,1,3,2,0,14,6,44,1,0,0,0,0,0,1,1,1,0,0,0,0,0,0,0.0938,0.2188,0.0,0.6875,4.6777,5,2,0,0,0,3.4528,5,0
38,14,16,0,0,2,0,4,0,0,0,0,7,0,31,1,0,0,0,0,0,1,1,1,0,0,0,0,0,0,0.0,0.1842,0.0,0.8158,3.8527,0,2,0,0,0,3.2359,4,0
64,13,26,17,0,4,1,4,1,1,0,0,13,16,35,0,0,0,0,0,0,1,1,0,1,1,0,0,1,1,0.25,0.2031,0.0156,0.5469,4.6735,6,3,1,0,0,2.8731,0,1
26,11,8,0,0,1,0,3,0,0,0,0,5,4,17,0,0,0,0,0,0,0,1,0,1,0,0,1,0,0,0.1538,0.1923,0.0,0.6538,3.9791,2,2,0,0,0,3.0958,3,1
56,36,13,0,0,4,2,3,0,0,0,0,10,0,46,2,0,0,0,0,0,1,1,0,1,0,0,0,3,1,0.0,0.1786,0.0357,0.8214,4.2914,0,2,0,0,1,4.0095,13,1
65,15,16,25,0,2,0,4,1,3,2,0,13,5,47,1,0,0,0,0,0,1,1,1,0,0,0,0,0,0,0.0769,0.2,0.0,0.7231,4.6027,5,2,0,0,0,3.1899,4,0
59,17,8,25,0,2,0,3,1,3,2,0,12,6,41,1,0,0,0,0,0,1,1,1,0,0,0,0,0,0,0.1017,0.2034,0.0,0.6949,4.7211,5,2,0,0,0,2.9842,3,0
58,29,11,10,0,4,1,3,1,1,0,0,11,5,42,2,0,0,0,0,0,1,1,0,1,0,0,0,3,1,0.0862,0.1897,0.0172,0.7241,4.4246,5,2,0,0,1,3.647,8,1
26,12,6,0,0,2,0,3,0,0,0,0,6,0,20,1,0,0,0,0,0,1,1,1,0,0,0,0,0,0,0.0,0.2308,0.0,0.7692,3.7381,0,2,0,0,0,2.8554,3,0
70,13,27,17,0,4,1,4,1,1,0,0,14,20,36,0,0,0,0,0,0,1,1,0,1,1,1,0,2,1,0.2857,0.2,0.0143,0.5143,4.4953,6,4,1,0,0,2.6612,0,1
19,4,8,0,0,1,0,3,0,0,0,0,5,1,13,0,0,0,0,0,0,0,1,0,1,0,0,1,0,0,0.0526,0.2632,0.0,0.6842,3.6421,1,2,0,0,0,2.0,1,1
57,39,11,0,0,2,4,3,0,0,0,0,10,0,47,0,0,0,0,0,1,1,1,0,1,0,0,0,2,1,0.0,0.1754,0.0702,0.8246,4.2032,0,3,0,0,1,3.9166,13,1
39,15,16,0,0,2,0,4,0,0,0,0,7,0,32,1,0,0,0,0,0,1,1,1,0,0,0,0,0,0,0.0,0.1795,0.0,0.8205,4.0991,0,2,0,0,0,3.3232,5,0
63,13,16,25,0,2,0,4,1,3,2,0,13,5,45,1,0,0,0,0,0,1,1,1,0,0,0,0,0,0,0.0794,0.2063,0.0,0.7143,4.6204,5,2,0,0,0,3.0851,4,0
56,16,6,25,0,2,0,3,1,3,2,0,12,5,39,1,0,0,0,0,0,1,1,1,0,0,0,0,0,0,0.0893,0.2143,0.0,0.6964,4.6398,5,2,0,0,0,3.4528,4,0
72,14,33,17,0,4,2,4,1,1,0,0,14,17,41,0,0,0,0,0,0,1,1,0,1,1,0,0,2,1,0.2361,0.1944,0.0278,0.5694,4.7513,6,3,1,0,0,2.2709,0,1
63,43,13,0,0,4,2,3,0,0,0,0,10,0,53,2,0,0,0,0,0,1,1,0,1,0,0,0,3,1,0.0,0.1587,0.0317,0.8413,4.1582,0,2,0,0,1,3.7662,15,1
43,17,18,0,0,3,0,5,0,0,0,0,9,0,34,2,0,0,0,0,0,1,1,1,0,0,0,0,1,1,0.0,0.2093,0.0,0.7907,4.0804,0,2,0,0,0,3.3372,5,0
62,42,13,0,0,4,2,3,0,0,0,0,10,0,52,2,0,0,0,0,0,1,1,0,1,0,0,0,3,1,0.0,0.1613,0.0323,0.8387,4.1236,0,2,0,0,1,3.713,14,1
76,24,18,25,0,2,0,5,1,3,2,0,14,5,57,1,0,0,0,0,0,1,1,1,0,0,0,0,0,0,0.0658,0.1842,0.0,0.75,4.54,5,2,0,0,0,3.5221,9,0
44,20,16,0,0,2,0,4,0,0,0,0,7,0,37,1,0,0,0,0,0,1,1,1,0,0,0,0,1,1,0.0,0.1591,0.0,0.8409,4.1464,0,2,0,0,0,3.8219,6,0
34,18,8,0,0,2,0,3,0,0,0,0,6,0,28,1,0,0,0,0,0,1,1,1,0,0,0,0,1,1,0.0,0.1765,0.0,0.8235,3.9398,0,2,0,0,0,3.4613,6,0
64,46,11,0,0,2,5,3,0,0,0,0,11,0,53,0,0,0,0,0,1,1,1,0,1,0,0,0,4,1,0.0,0.1719,0.0781,0.8281,4.3793,0,3,0,0,1,4.1,16,1
61,43,11,0,0,3,2,3,0,0,0,0,9,3,49,1,0,0,0,0,0,1,1,0,1,0,0,0,3,1,0.0492,0.1475,0.0328,0.8033,4.4966,3,2,0,0,0,4.2284,13,1
31,17,6,0,0,2,0,3,0,0,0,0,6,0,25,1,0,0,0,0,0,1,1,1,0,0,0,0,0,0,0.0,0.1935,0.0,0.8065,3.7292,0,2,0,0,0,3.4548,5,0
34,18,8,0,0,2,0,3,0,0,0,0,6,0,28,1,0,0,0,0,0,1,1,1,0,0,0,0,1,1,0.0,0.1765,0.0,0.8235,3.9987,0,2,0,0,0,3.4613,6,0
61,41,13,0,0,4,2,3,0,0,0,0,10,0,51,2,0,0,0,0,0,1,1,0,1,0,0,0,3,1,0.0,0.1639,0.0328,0.8361,4.244,0,2,0,0,1,3.9644,14,1
31,15,8,0,0,2,0,3,0,0,0,0,6,0,25,1,0,0,0,0,0,1,1,1,0,0,0,0,0,0,0.0,0.1935,0.0,0.8065,3.8403,0,2,0,0,0,3.3736,4,0
20,5,8,0,0,1,0,3,0,0,0,0,5,1,14,0,0,0,0,0,0,0,1,0,1,0,0,1,0,0,0.05,0.25,0.0,0.7,3.9842,1,2,0,0,0,2.3219,1,1
31,18,5,0,0,2,0,3,0,0,0,0,6,0,25,1,0,0,0,0,0,1,1,1,0,0,0,0,0,0,0.0,0.1935,0.0,0.8065,3.8213,0,2,0,0,0,3.0169,5,0
62,13,24,17,0,4,0,4,1,1,0,0,12,16,34,0,0,0,0,0,0,1,1,0,1,1,0,0,2,1,0.2581,0.1935,0.0,0.5484,4.7965,6,3,1,0,0,2.8151,0,1
48,18,22,0,0,2,0,4,0,0,0,0,7,0,41,1,0,0,0,0,0,1,1,1,0,0,0,0,0,0,0.0,0.1458,0.0,0.8542,4.0145,0,2,0,0,0,3.5033,6,0
66,37,11,10,0,4,2,3,1,1,0,0,12,5,49,2,0,0,0,0,0,1,1,0,1,0,0,0,3,1,0.0758,0.1818,0.0303,0.7424,4.4898,5,2,0,0,1,3.8207,12,1
63,44,12,0,0,3,4,3,0,0,0,0,11,0,52,1,0,0,0,0,1,1,1,0,1,0,0,0,4,1,0.0,0.1746,0.0635,0.8254,4.2776,0,3,0,0,1,4.0449,14,1
39,14,17,0,0,2,0,4,0,0,0,0,7,0,32,1,0,0,0,0,0,1,1,1,0,0,0,0,0,0,0.0,0.1795,0.0,0.8205,3.8721,0,2,0,0,0,3.182,6,0
60,42,11,0,0,2,4,3,0,0,0,0,10,0,50,0,0,0,0,0,1,1,1,0,1,0,0,0,4,1,0.0,0.1667,0.0667,0.8333,4.3794,0,3,0,0,1,4.0689,15,1
56,38,11,0,0,2,5,3,0,0,0,0,11,0,45,0,0,0,0,0,1,1,1,0,1,0,0,0,5,1,0.0,0.1964,0.0893,0.8036,4.3206,0,3,0,0,1,4.1132,13,1
72,14,33,17,0,4,1,4,1,1,0,0,13,17,42,0,0,0,0,0,0,1,1,0,1,1,0,0,3,1,0.2361,0.1806,0.0139,0.5833,4.8228,6,3,1,0,0,2.6106,0,1
63,43,13,0,0,4,2,3,0,0,0,0,10,0,53,2,0,0,0,0,0,1,1,0,1,0,0,0,3,1,0.0,0.1587,0.0317,0.8413,4.1915,0,2,0,0,1,3.8507,15,1
42,18,16,0,0,2,0,4,0,0,0,0,7,0,35,1,0,0,0,0,0,1,1,1,0,0,0,0,0,0,0.0,0.1667,0.0,0.8333,4.1183,0,2,0,0,0,3.5033,6,0
72,20,18,25,0,2,0,4,1,3,2,0,13,5,54,1,0,0,0,0,0,1,1,1,0,0,0,0,0,0,0.0694,0.1806,0.0,0.75,4.666,5,2,0,0,0,3.6842,8,0
68,50,11,0,0,2,5,3,0,0,0,0,11,0,57,0,0,0,0,0,1,1,1,0,1,0,0,0,4,1,0.0,0.1618,0.0735,0.8382,4.3667,0,3,0,0,1,4.0522,18,1
72,14,33,17,0,4,1,4,1,1,0,0,13,17,42,0,0,0,0,0,0,1,1,0,1,1,0,0,3,1,0.2361,0.1806,0.0139,0.5833,4.8055,6,3,1,0,0,2.6106,0,1
38,8,22,0,0,1,1,5,0,0,0,0,8,0,30,0,0,0,0,0,0,1,1,1,0,0,0,0,0,0,0.0,0.2105,0.0263,0.7895,4.0606,0,2,0,0,0,2.75,2,0
55,35,13,0,0,4,2,3,0,0,0,0,10,0,45,2,0,0,0,0,0,1,1,0,1,0,0,0,2,1,0.0,0.1818,0.0364,0.8182,4.263,0,2,0,0,1,3.9002,12,1
56,36,13,0,0,4,2,3,0,0,0,0,10,0,46,2,0,0,0,0,0,1,1,0,1,0,0,0,2,1,0.0,0.1786,0.0357,0.8214,4.2979,0,2,0,0,1,3.933,12,1
68,11,27,17,0,4,1,4,1,1,0,0,14,18,36,0,0,0,0,0,0,1,1,0,1,1,1,0,3,1,0.2647,0.2059,0.0147,0.5294,4.7937,6,4,1,0,0,2.6635,0,1
65,36,11,10,0,4,2,3,1,1,0,0,12,5,48,2,0,0,0,0,0,1,1,0,1,0,0,0,2,1,0.0769,0.1846,0.0308,0.7385,4.3716,5,2,0,0,1,3.5368,12,1
60,22,7,22,0,2,0,3,1,2,1,0,10,0,50,1,0,0,0,0,0,1,1,1,0,0,0,0,0,0,0.0,0.1667,0.0,0.8333,4.2087,0,2,0,0,0,3.6069,8,0
50,10,6,25,0,1,0,3,1,3,2,0,11,5,34,0,0,0,0,0,0,1,1,1,0,0,0,0,0,0,0.1,0.22,0.0,0.68,4.5342,5,2,0,0,0,2.8464,4,0
68,14,29,17,0,4,1,4,1,1,0,0,13,17,38,0,0,0,0,0,0,1,1,0,1,1,0,0,2,1,0.25,0.1912,0.0147,0.5588,4.6515,6,3,1,0,0,2.5027,0,1
32,18,6,0,0,2,0,3,0,0,0,0,6,0,26,1,0,0,0,0,0,1,1,1,0,0,0,0,1,1,0.0,0.1875,0.0,0.8125,3.757,0,2,0,0,0,3.4613,5,0
72,15,27,17,0,4,1,4,1,1,0,0,14,22,36,0,0,0,0,0,0,1,1,0,1,1,1,0,2,1,0.3056,0.1944,0.0139,0.5,4.6315,6,4,1,0,0,2.4729,0,1
60,46,7,0,0,1,5,3,0,0,0,0,10,0,50,0,0,0,0,0,1,1,1,0,1,0,0,0,3,1,0.0,0.1667,0.0833,0.8333,4.2509,0,3,0,0,1,4.0121,16,1
59,13,21,17,0,4,0,4,1,1,0,0,12,16,31,0,0,0,0,0,0,1,1,0,1,1,0,0,1,1,0.2712,0.2034,0.0,0.5254,4.4971,6,3,1,0,0,2.6612,0,1
51,33,11,0,0,2,3,3,0,0,0,0,9,0,42,0,0,0,0,0,0,1,1,0,1,0,0,0,3,1,0.0,0.1765,0.0588,0.8235,4.0638,0,2,0,0,1,3.7179,10,1
66,12,29,17,0,4,1,4,1,1,0,0,13,15,38,0,0,0,0,0,0,1,1,0,1,1,0,0,2,1,0.2273,0.197,0.0152,0.5758,4.7562,6,3,1,0,0,2.8554,0,1
48,13,1,25,0,2,0,3,1,3,2,0,12,5,31,1,0,0,0,0,0,1,1,1,0,0,0,0,0,0,0.1042,0.25,0.0,0.6458,4.5221,5,2,0,0,0,3.2389,5,0
36,24,4,0,0,2,0,3,0,0,0,0,6,0,30,1,0,0,0,0,0,1,1,1,0,0,0,0,0,0,0.0,0.1667,0.0,0.8333,4.1626,0,2,0,0,0,3.6368,9,0
65,36,11,10,0,4,1,3,1,1,0,0,11,5,49,2,0,0,0,0,0,1,1,0,1,0,0,0,4,1,0.0769,0.1692,0.0154,0.7538,4.5565,5,2,0,0,1,3.7045,13,1
31,14,9,0,0,2,0,3,0,0,0,0,6,0,25,1,0,0,0,0,0,1,1,1,0,0,0,0,0,0,0.0,0.1935,0.0,0.8065,3.889,0,2,0,0,0,3.182,3,0
58,38,13,0,0,4,2,3,0,0,0,0,10,0,48,2,0,0,0,0,0,1,1,0,1,0,0,0,3,1,0.0,0.1724,0.0345,0.8276,4.1227,0,2,0,0,1,3.6749,13,1
67,38,11,10,0,4,2,3,1,1,0,0,12,5,50,2,0,0,0,0,0,1,1,0,1,0,0,0,2,1,0.0746,0.1791,0.0299,0.7463,4.5602,5,2,0,0,1,3.9381,12,1
28,12,8,0,0,2,0,3,0,0,0,0,6,0,22,1,0,0,0,0,0,1,1,1,0,0,0,0,0,0,0.0,0.2143,0.0,0.7857,3.655,0,2,0,0,0,2.8554,3,0
57,15,8,25,0,3,0,3,1,3,2,0,13,5,39,2,0,0,0,0,0,1,1,1,0,0,0,0,0,0,0.0877,0.2281,0.0,0.6842,4.6611,5,2,0,0,0,3.0566,5,0
59,12,22,17,0,4,1,4,1,1,0,0,13,15,31,0,0,0,0,0,0,1,1,0,1,1,0,0,2,1,0.2542,0.2203,0.0169,0.5254,4.7194,6,3,1,0,0,2.8554,0,1
57,17,6,25,0,2,0,3,1,3,2,0,12,5,40,1,0,0,0,0,0,1,1,1,0,0,0,0,0,0,0.0877,0.2105,0.0,0.7018,4.6922,5,2,0,0,0,3.4992,5,0
68,20,14,25,0,2,0,5,1,3,2,0,14,6,48,1,0,0,0,0,0,1,1,1,0,0,0,0,0,0,0.0882,0.2059,0.0,0.7059,4.7082,5,2,0,0,0,3.2842,7,0
26,11,8,0,0,1,0,3,0,0,0,0,5,1,20,0,0,0,0,0,0,0,1,0,1,0,0,1,0,0,0.0385,0.1923,0.0,0.7692,3.8253,1,2,0,0,0,3.0958,3,1
45,13,24,0,0,1,0,6,0,0,0,0,8,0,37,0,0,0,0,0,0,1,1,1,0,0,0,0,0,0,0.0,0.1778,0.0,0.8222,3.9413,0,2,0,0,0,3.3347,6,0
26,11,8,0,0,1,0,3,0,0,0,0,5,1,20,0,0,0,0,0,0,0,1,0,1,0,0,1,0,0,0.0385,0.1923,0.0,0.7692,3.9022,1,2,0,0,0,3.0958,3,1
48,23,17,0,0,2,0,4,0,0,0,0,7,1,40,1,0,0,0,0,0,1,1,1,0,0,0,0,0,0,0.0208,0.1458,0.0,0.8333,4.0897,1,2,0,0,0,3.6212,7,0
32,20,4,0,0,2,0,3,0,0,0,0,6,0,26,1,0,0,0,0,0,1,1,1,0,0,0,0,0,0,0.0,0.1875,0.0,0.8125,4.0695,0,2,0,0,0,3.5464,6,0
22,13,1,0,0,2,0,3,0,0,0,0,6,0,16,1,0,0,0,0,0,1,1,1,0,0,0,0,0,0,0.0,0.2727,0.0,0.7273,3.5726,0,2,0,0,0,3.027,3,0
45,10,1,25,0,1,0,3,1,3,2,0,11,5,29,0,0,0,0,0,0,1,1,1,0,0,0,0,0,0,0.1111,0.2444,0.0,0.6444,4.5526,5,2,0,0,0,2.6464,4,0
77,48,11,10,0,4,3,3,1,1,0,0,13,5,59,2,0,0,0,0,0,1,1,0,1,0,0,0,4,1,0.0649,0.1688,0.039,0.7662,4.568,5,2,0,0,1,3.9078,14,1
49,17,24,0,0,2,0,6,0,0,0,0,9,6,34,1,0,0,0,0,0,1,1,1,0,0,0,0,0,0,0.1224,0.1837,0.0,0.6939,4.3794,4,2,0,0,0,3.4548,6,0
40,18,14,0,0,2,0,5,0,0,0,0,8,1,31,1,0,0,0,0,0,1,1,1,0,0,0,0,0,0,0.025,0.2,0.0,0.775,3.8823,1,2,0,0,0,3.128,5,0
48,16,24,0,0,2,0,6,0,0,0,0,9,6,33,1,0,0,0,0,0,1,1,1,0,0,0,0,0,0,0.125,0.1875,0.0,0.6875,4.4332,4,2,0,0,0,3.4528,4,0
63,13,16,25,0,2,0,4,1,3,2,0,13,5,45,1,0,0,0,0,0,1,1,1,0,0,0,0,0,0,0.0794,0.2063,0.0,0.7143,4.6194,5,2,0,0,0,3.027,3,0
51,9,8,25,0,2,0,3,1,3,2,0,12,5,34,1,0,0,0,0,0,1,1,1,0,0,0,0,0,0,0.098,0.2353,0.0,0.6667,4.7897,5,2,0,0,0,2.5033,3,0
34,17,9,0,0,2,0,3,0,0,0,0,6,0,28,1,0,0,0,0,0,1,1,1,0,0,0,0,1,1,0.0,0.1765,0.0,0.8235,3.797,0,2,0,0,0,3.3816,5,0
39,15,16,0,0,2,0,4,0,0,0,0,7,0,32,1,0,0,0,0,0,1,1,1,0,0,0,0,0,0,0.0,0.1795,0.0,0.8205,4.0066,0,2,0,0,0,2.7899,5,0
68,18,16,25,0,2,0,4,1,3,2,0,13,5,50,1,0,0,0,0,0,1,1,1,0,0,0,0,1,1,0.0735,0.1912,0.0,0.7353,4.5897,5,2,0,0,0,3.4613,6,0
59,39,13,0,0,4,2,3,0,0,0,0,10,0,49,2,0,0,0,0,0,1,1,0,1,0,0,0,2,1,0.0,0.1695,0.0339,0.8305,4.1709,0,2,0,0,1,3.8208,15,1
70,13,27,17,0,4,1,4,1,1,0,0,14,20,36,0,0,0,0,0,0,1,1,0,1,1,1,0,2,1,0.2857,0.2,0.0143,0.5143,4.7521,6,4,1,0,0,2.1997,0,1
61,46,8,0,0,1,4,3,0,0,0,0,9,0,52,0,0,0,0,0,1,1,1,0,1,0,0,0,1,1,0.0,0.1475,0.0656,0.8525,4.1912,0,3,0,0,1,3.9945,15,1
50,15,1,25,0,2,0,3,1,3,2,0,12,5,33,1,0,0,0,0,0,1,1,1,0,0,0,0,0,0,0.1,0.24,0.0,0.66,4.5913,5,2,0,0,0,3.5069,6,0
66,10,22,25,0,1,0,4,1,3,2,0,12,5,49,0,0,0,0,0,0,1,1,1,0,0,0,0,0,0,0.0758,0.1818,0.0,0.7424,4.5992,5,2,0,0,0,2.9219,3,0
51,13,7,22,0,1,0,3,1,2,1,0,9,0,42,0,0,0,0,0,0,1,1,1,0,0,0,0,0,0,0.0,0.1765,0.0,0.8235,4.1699,0,2,0,0,0,3.027,4,0
39,17,14,0,0,2,0,5,0,0,0,0,8,1,30,1,0,0,0,0,0,1,1,1,0,0,0,0,0,0,0.0256,0.2051,0.0,0.7692,3.8434,1,2,0,0,0,3.3372,6,0
36,12,16,0,0,3,0,4,0,0,0,0,8,0,28,2,0,0,0,0,0,1,1,1,0,0,0,0,0,0,0.0,0.2222,0.0,0.7778,4.0515,0,2,0,0,0,3.0221,5,0
85,21,7,48,0,2,0,3,2,5,3,0,16,5,64,1,0,0,0,0,0,1,1,1,0,0,0,0,1,1,0.0588,0.1882,0.0,0.7529,4.6134,5,2,0,0,0,3.5352,9,0
73,55,11,0,0,2,5,3,0,0,0,0,11,0,62,0,0,0,0,0,1,1,1,0,1,0,0,0,4,1,0.0,0.1507,0.0685,0.8493,4.4052,0,3,0,0,1,4.1167,20,1
60,40,13,0,0,4,2,3,0,0,0,0,10,0,50,2,0,0,0,0,0,1,1,0,1,0,0,0,3,1,0.0,0.1667,0.0333,0.8333,4.2777,0,2,0,0,1,3.9751,14,1
59,11,14,25,0,1,0,5,1,3,2,0,13,6,40,0,0,0,0,0,0,1,1,1,0,0,0,0,0,0,0.1017,0.2203,0.0,0.678,4.6099,5,2,0,0,0,3.0958,4,0
57,14,18,17,0,4,0,4,1,1,0,0,12,17,28,0,0,0,0,0,0,1,1,0,1,1,0,0,2,1,0.2982,0.2105,0.0,0.4912,4.5604,6,3,1,0,0,2.7534,0,1
37,21,8,0,0,2,0,3,0,0,0,0,6,0,31,1,0,0,0,0,0,1,1,1,0,0,0,0,1,1,0.0,0.1622,0.0,0.8378,4.1212,0,2,0,0,0,3.5352,6,0
64,46,11,0,0,2,5,3,0,0,0,0,11,0,53,0,0,0,0,0,1,1,1,0,1,0,0,0,2,1,0.0,0.1719,0.0781,0.8281,4.3298,0,3,0,0,1,4.0921,14,1
56,14,8,25,0,2,0,3,1,3,2,0,12,5,39,1,0,0,0,0,0,1,1,1,0,0,0,0,0,0,0.0893,0.2143,0.0,0.6964,4.6995,5,2,0,0,0,3.3249,4,0
39,13,18,0,0,3,0,6,0,0,0,0,10,6,23,2,0,0,0,0,0,1,1,1,0,0,0,0,0,0,0.1538,0.2564,0.0,0.5897,4.0798,4,2,0,0,0,3.1808,4,0
48,18,22,0,0,3,0,4,0,0,0,0,8,0,40,2,0,0,0,0,0,1,1,1,0,0,0,0,0,0,0.0,0.1667,0.0,0.8333,4.045,0,2,0,0,0,3.5305,7,0
71,42,11,10,0,4,2,3,1,1,0,0,12,5,54,2,0,0,0,0,0,1,1,0,1,0,0,0,4,1,0.0704,0.169,0.0282,0.7606,4.5934,5,2,0,0,1,4.026,14,1
48,24,16,0,0,2,0,4,0,0,0,0,7,0,41,1,0,0,0,0,0,1,1,1,0,0,0,0,0,0,0.0,0.1458,0.0,0.8542,3.9529,0,2,0,0,0,3.5221,9,0
58,40,11,0,0,2,4,3,0,0,0,0,10,0,48,0,0,0,0,0,1,1,1,0,1,0,0,0,2,1,0.0,0.1724,0.069,0.8276,4.2529,0,3,0,0,1,3.8439,14,1
66,37,11,10,0,4,2,3,1,1,0,0,12,5,49,2,0,0,0,0,0,1,1,0,1,0,0,0,3,1,0.0758,0.1818,0.0303,0.7424,4.7204,5,2,0,0,1,4.0672,12,1
63,11,18,25,0,2,0,5,1,3,2,0,14,5,44,1,0,0,0,0,0,1,1,1,0,0,0,0,0,0,0.0794,0.2222,0.0,0.6984,4.4632,5,2,0,0,0,3.0958,5,0
20,5,8,0,0,1,0,3,0,0,0,0,5,1,14,0,0,0,0,0,0,0,1,0,1,0,0,1,0,0,0.05,0.25,0.0,0.7,3.8842,1,2,0,0,0,2.3219,0,1
63,34,11,10,0,4,2,3,1,1,0,0,12,5,46,2,0,0,0,0,0,1,1,0,1,0,0,0,3,1,0.0794,0.1905,0.0317,0.7302,4.5782,5,2,0,0,1,4.0575,10,1
66,12,24,17,0,4,1,4,1,1,0,0,14,19,33,0,0,0,0,0,0,1,1,0,1,1,1,0,1,1,0.2879,0.2121,0.0152,0.5,4.7452,6,4,1,0,0,2.8554,0,1
85,27,24,25,0,2,0,6,1,3,2,0,15,11,59,1,0,0,0,0,0,1,1,1,0,0,0,0,1,1,0.1294,0.1765,0.0,0.6941,4.8081,5,2,0,0,0,3.736,10,0
56,18,4,25,0,3,0,3,1,3,2,0,13,5,38,2,0,0,0,0,0,1,1,1,0,0,0,0,0,0,0.0893,0.2321,0.0,0.6786,4.7487,5,2,0,0,0,3.5305,7,0
20,5,8,0,0,1,0,3,0,0,0,0,5,1,14,0,0,0,0,0,0,0,1,0,1,0,0,1,0,0,0.05,0.25,0.0,0.7,3.8842,1,2,0,0,0,2.3219,0,1
44,14,22,0,0,2,0,4,0,0,0,0,7,0,37,1,0,0,0,0,0,1,1,1,0,0,0,0,0,0,0.0,0.1591,0.0,0.8409,3.9451,0,2,0,0,0,3.0391,3,0
51,15,28,0,0,4,0,5,0,0,0,0,10,1,40,1,0,0,0,0,0,1,1,1,0,0,0,0,0,0,0.0196,0.1961,0.0,0.7843,4.2168,1,2,0,0,0,3.4566,3,0
65,22,9,25,0,2,0,3,1,3,2,0,12,5,48,1,0,0,0,0,0,1,1,1,0,0,0,0,1,1,0.0769,0.1846,0.0,0.7385,4.5524,5,2,0,0,0,3.6978,7,0
86,22,7,48,0,2,0,3,2,5,3,0,16,5,65,1,0,0,0,0,0,1,1,1,0,0,0,0,0,0,0.0581,0.186,0.0,0.7558,4.5506,5,2,0,0,0,3.6412,8,0
67,38,11,10,0,4,2,3,1,1,0,0,12,5,50,2,0,0,0,0,0,1,1,0,1,0,0,0,2,1,0.0746,0.1791,0.0299,0.7463,4.5846,5,2,0,0,1,3.9354,13,1
57,18,5,25,0,2,0,3,1,3,2,0,12,5,40,1,0,0,0,0,0,1,1,1,0,0,0,0,0,0,0.0877,0.2105,0.0,0.7018,4.569,5,2,0,0,0,3.4613,7,0
47,21,18,0,0,2,0,4,0,0,0,0,7,0,40,1,0,0,0,0,0,1,1,1,0,0,0,0,0,0,0.0,0.1489,0.0,0.8511,4.0965,0,2,0,0,0,3.8802,7,0
26,11,8,0,0,1,0,3,0,0,0,0,5,0,21,0,0,0,0,0,0,0,1,0,1,0,0,1,0,0,0.0,0.1923,0.0,0.8077,3.8731,0,2,0,0,0,3.0958,3,1
26,17,1,0,0,1,0,3,0,0,0,0,5,0,21,0,0,0,0,0,0,0,1,1,0,0,0,0,0,0,0.0,0.1923,0.0,0.8077,3.8441,0,1,0,0,0,3.5725,5,0
66,14,27,17,0,4,1,4,1,1,0,0,13,17,36,0,0,0,0,0,0,1,1,0,1,1,0,0,3,1,0.2576,0.197,0.0152,0.5455,4.7924,6,3,1,0,0,2.7534,0,1
27,13,6,0,0,2,0,3,0,0,0,0,6,0,21,1,0,0,0,0,0,1,1,1,0,0,0,0,0,0,0.0,0.2222,0.0,0.7778,3.7821,0,2,0,0,0,3.2389,5,0
21,6,8,0,0,1,0,3,0,0,0,0,5,0,16,0,0,0,0,0,0,0,1,0,1,0,0,1,0,0,0.0,0.2381,0.0,0.7619,3.8442,0,2,0,0,0,2.585,1,1
67,38,11,10,0,4,2,3,1,1,0,0,12,5,50,2,0,0,0,0,0,1,1,0,1,0,0,0,3,1,0.0746,0.1791,0.0299,0.7463,4.6379,5,2,0,0,1,3.9682,12,1
62,11,26,17,0,4,1,4,1,1,0,0,13,14,35,0,0,0,0,0,0,1,1,0,1,1,0,0,2,1,0.2258,0.2097,0.0161,0.5645,4.5448,6,3,1,0,0,2.1181,0,1
71,14,27,17,0,4,1,4,1,1,0,0,14,21,36,0,0,0,0,0,0,1,1,0,1,1,0,0,3,1,0.2958,0.1972,0.0141,0.507,4.8733,6,3,1,0,0,3.0391,0,1
38,16,14,0,0,2,0,5,0,0,0,0,8,1,29,1,0,0,0,0,0,1,1,1,0,0,0,0,0,0,0.0263,0.2105,0.0,0.7632,3.7024,1,2,0,0,0,3.375,5,0
33,17,8,0,0,2,0,3,0,0,0,0,6,0,27,1,0,0,0,0,0,1,1,1,0,0,0,0,0,0,0.0,0.1818,0.0,0.8182,3.6301,0,2,0,0,0,3.3372,6,0
61,21,6,25,0,2,0,3,1,3,2,0,12,5,44,1,0,0,0,0,0,1,1,1,0,0,0,0,0,0,0.082,0.1967,0.0,0.7213,4.7153,5,2,0,0,0,3.8802,7,0
65,36,11,10,0,4,2,3,1,1,0,0,12,5,48,2,0,0,0,0,0,1,1,0,1,0,0,0,4,1,0.0769,0.1846,0.0308,0.7385,4.4874,5,2,0,0,1,3.8611,11,1
68,39,11,10,0,4,2,3,1,1,0,0,12,5,51,2,0,0,0,0,0,1,1,0,1,0,0,0,5,1,0.0735,0.1765,0.0294,0.75,4.7031,5,2,0,0,1,4.1117,13,1
26,12,6,0,0,1,0,3,0,0,0,0,5,0,21,0,0,0,0,0,0,0,1,1,0,0,0,0,0,0,0.0,0.1923,0.0,0.8077,3.7962,0,1,0,0,0,3.4183,4,0
43,21,14,0,0,2,0,5,0,0,0,0,8,1,34,1,0,0,0,0,0,1,1,1,0,0,0,0,0,0,0.0233,0.186,0.0,0.7907,3.9765,1,2,0,0,0,3.4226,8,0
72,15,27,17,0,4,1,4,1,1,0,0,14,22,36,0,0,0,0,0,0,1,1,0,1,1,0,0,3,1,0.3056,0.1944,0.0139,0.5,4.6451,6,3,1,0,0,2.6062,0,1
66,37,11,10,0,4,2,3,1,1,0,0,12,5,49,2,0,0,0,0,0,1,1,0,1,0,0,0,3,1,0.0758,0.1818,0.0303,0.7424,4.5674,5,2,0,0,1,4.0573,10,1
38,13,17,0,0,3,0,4,0,0,0,0,8,0,30,2,0,0,0,0,0,1,1,1,0,0,0,0,0,0,0.0,0.2105,0.0,0.7895,3.9778,0,2,0,0,0,3.1808,4,0
70,41,11,10,0,4,2,3,1,1,0,0,12,5,53,2,0,0,0,0,0,1,1,0,1,0,0,0,3,1,0.0714,0.1714,0.0286,0.7571,4.6078,5,2,0,0,1,4.046,13,1
68,48,13,0,0,4,3,3,0,0,0,0,11,0,57,2,0,0,0,0,0,1,1,0,1,0,0,0,3,1,0.0,0.1618,0.0441,0.8382,4.2651,0,2,0,0,1,3.9235,15,1
24,15,1,0,0,2,0,3,0,0,0,0,6,0,18,1,0,0,0,0,0,1,1,1,0,0,0,0,1,1,0.0,0.25,0.0,0.75,3.6573,0,2,0,0,0,3.5069,4,0
59,39,13,0,0,4,2,3,0,0,0,0,10,0,49,2,0,0,0,0,0,1,1,0,1,0,0,0,2,1,0.0,0.1695,0.0339,0.8305,4.1726,0,2,0,0,1,3.8627,14,1
66,14,27,17,0,4,1,4,1,1,0,0,13,17,36,0,0,0,0,0,0,1,1,0,1,1,0,0,3,1,0.2576,0.197,0.0152,0.5455,4.6543,6,3,1,0,0,2.6995,0,1
57,19,4,25,0,3,0,3,1,3,2,0,13,5,39,2,0,0,0,0,0,1,1,1,0,0,0,0,0,0,0.0877,0.2281,0.0,0.6842,4.7491,5,2,0,0,0,3.5369,7,0
20,5,8,0,0,1,0,3,0,0,0,0,5,1,14,0,0,0,0,0,0,0,1,0,1,0,0,1,0,0,0.05,0.25,0.0,0.7,3.8842,1,2,0,0,0,2.3219,1,1
33,17,8,0,0,2,0,3,0,0,0,0,6,0,27,1,0,0,0,0,0,1,1,1,0,0,0,0,0,0,0.0,0.1818,0.0,0.8182,3.7556,0,2,0,0,0,3.3372,6,0
39,14,17,0,0,2,0,4,0,0,0,0,7,0,32,1,0,0,0,0,0,1,1,1,0,0,0,0,0,0,0.0,0.1795,0.0,0.8205,4.0798,0,2,0,0,0,3.5216,5,0
28,14,6,0,0,2,0,3,0,0,0,0,6,0,22,1,0,0,0,0,0,1,1,1,0,0,0,0,0,0,0.0,0.2143,0.0,0.7857,3.8154,0,2,0,0,0,2.8963,4,0
26,11,8,0,0,1,0,3,0,0,0,0,5,2,19,0,0,0,0,0,0,0,1,0,1,0,0,1,0,0,0.0769,0.1923,0.0,0.7308,4.027,1,2,0,0,0,3.4594,3,1
66,37,11,10,0,4,2,3,1,1,0,0,12,5,49,2,0,0,0,0,0,1,1,0,1,0,0,0,4,1,0.0758,0.1818,0.0303,0.7424,4.5708,5,2,0,0,1,3.9183,11,1
71,13,28,17,0,4,1,4,1,1,0,0,14,20,37,0,0,0,0,0,0,1,1,0,1,1,1,0,2,1,0.2817,0.1972,0.0141,0.5211,4.7032,6,4,1,0,0,2.8151,0,1
60,10,16,25,0,1,0,4,1,3,2,0,12,5,43,0,0,0,0,0,0,1,1,1,0,0,0,0,0,0,0.0833,0.2,0.0,0.7167,4.5822,5,2,0,0,0,2.7219,4,0
59,17,8,25,0,2,0,3,1,3,2,0,12,5,42,1,0,0,0,0,0,1,1,1,0,0,0,0,0,0,0.0847,0.2034,0.0,0.7119,4.6149,5,2,0,0,0,3.4548,6,0
34,21,5,0,0,2,0,3,0,0,0,0,6,0,28,1,0,0,0,0,0,1,1,1,0,0,0,0,1,1,0.0,0.1765,0.0,0.8235,3.9764,0,2,0,0,0,3.6538,8,0
22,8,6,0,0,2,0,3,0,0,0,0,6,0,16,1,0,0,0,0,0,1,1,1,0,0,0,0,0,0,0.0,0.2727,0.0,0.7273,3.8454,0,2,0,0,0,2.75,3,0
67,13,29,17,0,4,1,4,1,1,0,0,13,16,38,0,0,0,0,0,0,1,1,0,1,1,0,0,2,1,0.2388,0.194,0.0149,0.5672,4.6796,6,3,1,0,0,2.8151,0,1
61,43,11,0,0,2,5,3,0,0,0,0,11,0,50,0,0,0,0,0,1,1,1,0,1,0,0,0,2,1,0.0,0.1803,0.082,0.8197,4.3858,0,3,0,0,1,3.9765,15,1
37,15,14,0,0,2,0,5,0,0,0,0,8,1,28,1,0,0,0,0,0,1,1,1,0,0,0,0,0,0,0.027,0.2162,0.0,0.7568,4.1087,1,2,0,0,0,3.6402,5,0
73,21,18,25,0,2,0,5,1,3,2,0,14,5,54,1,0,0,0,0,0,1,1,1,0,0,0,0,0,0,0.0685,0.1918,0.0,0.7397,4.5718,5,2,0,0,0,3.749,7,0
26,11,8,0,0,1,0,3,0,0,0,0,5,3,18,0,0,0,0,0,0,0,1,0,1,0,0,1,0,0,0.1154,0.1923,0.0,0.6923,4.3347,2,2,0,0,0,3.4594,3,1
45,7,7,22,0,1,0,3,1,2,1,0,9,0,36,0,0,0,0,0,0,1,1,1,0,0,0,0,0,0,0.0,0.2,0.0,0.8,4.2443,0,2,0,0,0,2.8074,2,0
67,49,11,0,0,2,5,3,0,0,0,0,11,0,56,0,0,0,0,0,1,1,1,0,1,0,0,0,4,1,0.0,0.1642,0.0746,0.8358,4.3971,0,3,0,0,1,4.1076,17,1
26,11,8,0,0,1,0,3,0,0,0,0,5,2,19,0,0,0,0,0,0,0,1,0,1,0,0,1,0,0,0.0769,0.1923,0.0,0.7308,4.2578,1,2,0,0,0,3.4594,3,1
56,27,11,10,0,4,1,3,1,1,0,0,11,5,40,2,0,0,0,0,0,1,1,0,1,0,0,0,2,1,0.0893,0.1964,0.0179,0.7143,4.5057,5,2,0,0,1,3.8101,7,1
24,15,1,0,0,2,0,3,0,0,0,0,6,0,18,1,0,0,0,0,0,1,1,1,0,0,0,0,0,0,0.0,0.25,0.0,0.75,3.6887,0,2,0,0,0,3.0566,4,0
54,25,11,10,0,4,1,3,1,1,0,0,11,5,38,2,0,0,0,0,0,1,1,0,1,0,0,0,4,1,0.0926,0.2037,0.0185,0.7037,4.5879,5,2,0,0,1,3.9737,7,1
26,13,5,0,0,3,0,3,0,0,0,0,7,0,19,2,0,0,0,0,0,1,1,1,0,0,0,0,0,0,0.0,0.2692,0.0,0.7308,3.7381,0,2,0,0,0,2.6612,3,0
43,21,14,0,0,2,0,5,0,0,0,0,8,1,34,1,0,0,0,0,0,1,1,1,0,0,0,0,1,1,0.0233,0.186,0.0,0.7907,3.8279,1,2,0,0,0,3.3447,6,0
63,34,11,10,0,4,2,3,1,1,0,0,12,5,46,2,0,0,0,0,0,1,1,0,1,0,0,0,3,1,0.0794,0.1905,0.0317,0.7302,4.521,5,2,0,0,1,3.8444,10,1
20,5,8,0,0,1,0,3,0,0,0,0,5,1,14,0,0,0,0,0,0,0,1,0,1,0,0,1,0,0,0.05,0.25,0.0,0.7,3.8842,1,2,0,0,0,2.3219,0,1
49,23,18,0,0,2,0,6,0,0,0,0,9,6,34,1,0,0,0,0,0,1,1,1,0,0,0,0,0,0,0.1224,0.1837,0.0,0.6939,4.2803,4,2,0,0,0,3.6425,10,0
31,17,6,0,0,2,0,3,0,0,0,0,6,0,25,1,0,0,0,0,0,1,1,1,0,0,0,0,0,0,0.0,0.1935,0.0,0.8065,3.7844,0,2,0,0,0,3.4548,5,0
26,11,8,0,0,1,0,3,0,0,0,0,5,4,17,0,0,0,0,0,0,0,1,0,1,0,0,1,0,0,0.1538,0.1923,0.0,0.6538,4.2578,2,2,0,0,0,3.4594,3,1
61,18,9,25,0,2,0,3,1,3,2,0,12,5,44,1,0,0,0,0,0,1,1,1,0,0,0,0,0,0,0.082,0.1967,0.0,0.7213,4.597,5,2,0,0,0,3.5724,5,0
