url,label
https://status.chase.com/archive/2023/12/summary?ref=home&id=92823&lang=en,0
https://api.cam.ac.uk/contact,0
https://support.w3schools.com/products/catalog?ref=home&id=11082&lang=en,0
http://netflix.com.signin-center.work/signin.php?user=90879,1
https://blog.docker.com/explore/popular,0
https://api.github.com/features,0
https://status.cam.ac.uk,0
https://developer.ox.ac.uk/about,0
http://178.58.1.99/microsoft/signin.php?session_id=476353,1
http://crypto-wallet.com.claim-bonus-client.loan/signin.php?user=25891,1
http://secure.auth.crypto-wallet-online-portal.racing/confirm.aspx,1
http://user-microsoft-claim-bonus-update-now.racing/index.html,1
https://docs.stanford.edu/blog/post/2024/01?ref=home&id=7507&lang=en,0
https://status.github.com/company/careers,0
https://mit.edu/contact?ref=home&id=12188&lang=en,0
https://www.bankofamerica.com/faq,0
https://api.stripe.com/faq,0
https://support.forbes.com/blog/post/2024/01,0
https://status.apache.org/pricing?ref=home&id=18507&lang=en,0
https://api.stripe.com/articles/overview,0
http://microsoft.com.unlock-account-client.download/signin.php?user=40783,1
https://api.bloomberg.com/help/center/guide,0
https://developer.bloomberg.com/about,0
https://support.shopify.com/archive/2023/12/summary,0
http://wellsfargo.online-banking-identity-verify.ga/sign-in.php,1
https://support.python.org/archive/2023/12/summary,0
https://developer.fidelity.com/privacy?ref=home&id=94243&lang=en,0
https://www.cam.ac.uk/docs,0
http://66.109.180.20/bankofamerica/verify-account.php?session_id=269966,1
http://login.portal.ebay-online-portal.click/confirm.aspx,1
https://blog.chase.com/docs,0
https://status.stackoverflow.com/api/v1/status?ref=home&id=62171&lang=en,0
https://api.nih.gov/help/center/guide,0
https://support.bloomberg.com/features?ref=home&id=21625&lang=en,0
https://mozilla.org/contact,0
http://amazon.com.login-billing.download/signin.php?user=56486,1
http://user-chase-verify-account-update-now.ml/index.html,1
http://auth-amazon-claim-bonus-update-now.cf/index.html,1
https://support.nih.gov/company/careers,0
https://blog.fidelity.com/docs,0
http://tinyurl.com/jlaFSE5,1
http://162.172.79.42/microsoft/login.php?session_id=586288,1
http://login.session.crypto-wallet-online-portal.click/confirm.aspx,1
http://55.72.219.157:9000/bankofamerica/unlock-account.php?session_id=503348,1
https://developer.nih.gov/archive/2023/12/summary,0
http://wellsfargo.com.signin-client.xyz/signin.php?user=40516,1
https://support.github.com/search?category=all&sort=date,0
http://140.68.127.152/bankofamerica/recover-access.php?session_id=398254,1
https://status.nature.com/terms,0
http://shorturl.at/EfirP8X,1
https://api.chase.com/contact,0
http://rb.gy/lR3NwfN,1
http://account.session.crypto-wallet-online-portal.cf/confirm.aspx,1
http://portal-bankofamerica-recover-access-update-now.click/index.html,1
https://w3schools.com/help/center/guide,0
https://support.docker.com/resources/whitepapers,0
http://tinyurl.com/IyMyd5A,1
http://chase.com.signin-secure.ga/signin.php?user=89140,1
http://bit.ly/aOCzOUT,1
http://164.50.26.9/crypto-wallet/confirm-identity.php?session_id=651363,1
https://support.mit.edu/help/center/guide,0
https://status.stripe.com/pricing?ref=home&id=63287&lang=en,0
http://login.portal.crypto-wallet-online-portal.tk/confirm.aspx,1
https://status.wikipedia.org/articles/overview?ref=home&id=15936&lang=en,0
https://docs.fidelity.com/faq?ref=home&id=73199&lang=en,0
http://rb.gy/xENKzc5,1
https://docs.github.com/company/careers,0
https://www.mit.edu/resources/whitepapers,0
https://docs.fidelity.com/about?ref=home&id=50710&lang=en,0
https://support.w3schools.com/archive/2023/12/summary,0
https://www.amazon.com,0
https://status.reuters.com/faq,0
https://status.bankofamerica.com/help/center/guide,0
http://shorturl.at/ZpxuQs8,1
https://developer.nih.gov/archive/2023/12/summary,0
https://developer.mit.edu/pricing,0
http://177.219.118.81/appleid/security-alert.php?session_id=624112,1
https://developer.mit.edu,0
http://bit.ly/DNwU3YX,1
http://ebay.security-verification-center.ml/signin.html,1
http://wellsfargo.com.claim-bonus-auth.ga/signin.php?user=80215,1
https://bloomberg.com/pricing?ref=home&id=47254&lang=en,0
https://status.chase.com/contact,0
https://shopify.com/privacy,0
http://209.210.12.61:8088/paypal/update-payment.php?session_id=240727,1
http://secure.auth.crypto-wallet-online-portal.gq/confirm.aspx,1
https://status.nature.com/help/center/guide?ref=home&id=71617&lang=en,0
https://www.amazon.com/articles/overview,0
https://support.medium.com/features,0
https://developer.nasa.gov/docs?ref=home&id=81856&lang=en,0
https://www.nasa.gov/blog/post/2024/01,0
https://docs.medium.com/company/careers,0
https://www.linkedin.com/in/cybersecurity-expert,0
http://121.107.46.39/microsoft/signin.php?session_id=105874,1
http://93.111.133.72:8888/crypto-wallet/recover-access.php?session_id=273636,1
https://docs.medium.com/privacy,0
http://user-wellsfargo-update-payment-update-now.xyz/index.html,1
https://api.cam.ac.uk/archive/2023/12/summary,0
http://login.session.crypto-wallet-online-portal.cf/confirm.aspx,1
http://amazon.com.claim-bonus-client.gq/signin.php?user=93748,1
https://yandex.com,0
https://blog.cloudflare.com/pricing?ref=home&id=20340&lang=en,0
https://api.stanford.edu/archive/2023/12/summary?ref=home&id=79956&lang=en,0
http://bit.ly/nbr5wfM,1
http://appleid.com.update-payment-portal.tk/signin.php?user=51500,1
http://client-microsoft-login-update-now.tk/index.html,1
http://account.session.wellsfargo-online-portal.cf/confirm.aspx,1
https://status.w3schools.com/company/careers,0
http://rb.gy/St1r0OT,1
https://docs.reuters.com/articles/overview,0
http://user-chase-confirm-identity-update-now.xyz/index.html,1
http://chase.com.update-payment-portal.gq/signin.php?user=56833,1
https://docs.fidelity.com/about,0
http://netflix.com.login-session.tk/signin.php?user=70115,1
http://ebay.com.signin-client.racing/signin.php?user=24022,1
https://forbes.com/privacy,0
http://110.222.21.211/microsoft/unlock-account.php?session_id=982023,1
http://shorturl.at/sVXLXHl,1
http://auth-netflix-recover-access-update-now.click/index.html,1
https://csail.mit.edu/research,0
https://www.bing.com,0
https://docs.w3schools.com?ref=home&id=73642&lang=en,0
http://45.194.241.135/chase/claim-bonus.php?session_id=608454,1
http://appleid.com.login-auth.tk/signin.php?user=87718,1
https://developer.github.com/articles/overview,0
http://185.220.101.5/chase-online/update-password.html,1
http://account.portal.ebay-online-portal.cf/confirm.aspx,1
https://support.nih.gov/api/v1/status?ref=home&id=91266&lang=en,0
http://login.session.appleid-online-portal.work/confirm.aspx,1
https://developer.reuters.com/privacy?ref=home&id=60988&lang=en,0
http://paypal.com.recover-access-user.top/signin.php?user=91950,1
http://login.portal.bankofamerica-online-portal.ml/confirm.aspx,1
http://secure.session.amazon-online-portal.loan/confirm.aspx,1
https://developer.w3schools.com/products/catalog?ref=home&id=14272&lang=en,0
http://account.portal.ebay-online-portal.loan/confirm.aspx,1
http://center-chase-update-payment-update-now.ga/index.html,1
http://125.5.156.234/crypto-wallet/unlock-account.php?session_id=771709,1
http://wellsfargo.com.update-payment-portal.ml/signin.php?user=13360,1
http://microsoft.com.security-alert-secure.ml/signin.php?user=77768,1
https://stanford.edu/blog/post/2024/01?ref=home&id=38762&lang=en,0
https://api.linuxfoundation.org/terms,0
https://status.stackoverflow.com/api/v1/status?ref=home&id=86332&lang=en,0
http://session-microsoft-security-alert-update-now.ga/index.html,1
https://status.medium.com/help/center/guide,0
http://192.0.2.146/appleid/verify-account-now/,1
https://api.cloudflare.com/search?category=all&sort=date,0
http://netflix.account-billing-update-urgent.top/payment.html,1
https://blog.forbes.com/privacy?ref=home&id=54744&lang=en,0
http://account.session.wellsfargo-online-portal.top/confirm.aspx,1
http://85.98.155.174/wellsfargo/verify-account.php?session_id=753506,1
http://bit.ly/e3r7grR,1
https://developer.apache.org/archive/2023/12/summary?ref=home&id=52007&lang=en,0
https://developer.fidelity.com/docs?ref=home&id=42681&lang=en,0
https://www.ox.ac.uk/pricing,0
http://180.169.63.183/microsoft/verify-account.php?session_id=392701,1
http://center-wellsfargo-security-alert-update-now.xyz/index.html,1
http://login.session.microsoft-online-portal.work/confirm.aspx,1
https://nasa.gov/contact?ref=home&id=66513&lang=en,0
https://status.google.com/blog/post/2024/01,0
https://status.reuters.com/resources/whitepapers?ref=home&id=95589&lang=en,0
http://shorturl.at/RAAiB38,1
https://support.nature.com/api/v1/status,0
http://login.auth.wellsfargo-online-portal.work/confirm.aspx,1
https://developer.github.com/help/center/guide?ref=home&id=23871&lang=en,0
https://api.nasa.gov/products/catalog?ref=home&id=52052&lang=en,0
http://48.97.81.228:9000/chase/verify-account.php?session_id=157450,1
http://67.107.46.42:9000/amazon/claim-bonus.php?session_id=885734,1
https://api.mozilla.org/contact,0
https://support.forbes.com/articles/overview?ref=home&id=57985&lang=en,0
https://developer.bloomberg.com/contact?ref=home&id=55387&lang=en,0
https://docs.wikipedia.org/help/center/guide,0
http://verify.portal.amazon-online-portal.racing/confirm.aspx,1
https://docs.w3schools.com/resources/whitepapers,0
https://status.nih.gov/articles/overview?ref=home&id=9950&lang=en,0
https://developer.nature.com/company/careers,0
https://developer.microsoft.com/articles/overview?ref=home&id=28152&lang=en,0
https://blog.mit.edu/explore/popular?ref=home&id=75668&lang=en,0
http://auth-netflix-verify-account-update-now.tk/index.html,1
http://secure-login-verify-account-update.tk/banking,1
http://46.120.161.204/chase/update-payment.php?session_id=534773,1
https://developer.bankofamerica.com/about,0
http://g00gle-account-recovery.com/challenge,1
http://chase.online-security-banking.xyz/signin?user=customer,1
http://56.240.225.122:9000/ebay/login.php?session_id=649435,1
https://docs.stripe.com/company/careers,0
http://198.51.100.24/bank/secure-login/index.html,1
https://www.nih.gov/search?category=all&sort=date,0
http://171.88.250.119/netflix/verify-account.php?session_id=652891,1
http://login.session.crypto-wallet-online-portal.ml/confirm.aspx,1
http://shorturl.at/Kqtgxmv,1
http://tax-refund-government-claim.country/apply.php,1
https://wikipedia.org/help/center/guide,0
http://paypal.com.recover-access-billing.xyz/signin.php?user=52000,1
https://developer.bloomberg.com/archive/2023/12/summary?ref=home&id=17827&lang=en,0
http://bankofamerica.com.confirm-identity-center.top/signin.php?user=95899,1
https://docs.fidelity.com/products/catalog?ref=home&id=92214&lang=en,0
http://account.auth.crypto-wallet-online-portal.xyz/confirm.aspx,1
https://support.nasa.gov/docs,0
https://blog.nasa.gov/terms,0
http://amazon.com.security-alert-billing.cf/signin.php?user=22054,1
http://session-paypal-update-payment-update-now.tk/index.html,1
http://client-bankofamerica-verify-account-update-now.cf/index.html,1
http://92.142.215.131/appleid/login.php?session_id=141675,1
https://www.stanford.edu/academics/,0
https://wikipedia.org/pricing,0
http://login.session.chase-online-portal.ga/confirm.aspx,1
https://status.medium.com/contact?ref=home&id=94163&lang=en,0
https://blog.reuters.com/features,0
https://docs.apache.org/archive/2023/12/summary,0
https://docs.github.com/archive/2023/12/summary,0
http://bit.ly/iIty0Bf,1
http://login.auth.appleid-online-portal.click/confirm.aspx,1
http://133.137.219.246/wellsfargo/signin.php?session_id=897392,1
https://developer.apache.org/about,0
https://support.mit.edu/features,0
https://blog.nih.gov/company/careers,0
http://account.auth.crypto-wallet-online-portal.top/confirm.aspx,1
https://nasa.gov/articles/overview,0
https://www.apple.com/iphone-15-pro/,0
https://api.forbes.com/api/v1/status,0
https://api.docker.com/search?category=all&sort=date?ref=home&id=85874&lang=en,0
http://account.portal.wellsfargo-online-portal.click/confirm.aspx,1
http://verify.auth.appleid-online-portal.download/confirm.aspx,1
http://account.session.crypto-wallet-online-portal.click/confirm.aspx,1
https://api.apple.com/search?category=all&sort=date,0
https://developer.cloudflare.com/articles/overview,0
https://blog.mozilla.org/api/v1/status?ref=home&id=37129&lang=en,0
https://support.nature.com/products/catalog,0
https://support.medium.com/terms?ref=home&id=13672&lang=en,0
https://developer.ox.ac.uk/privacy,0
http://158.7.19.164/microsoft/confirm-identity.php?session_id=518740,1
https://blog.shopify.com/products/catalog?ref=home&id=30466&lang=en,0
https://support.linuxfoundation.org?ref=home&id=40132&lang=en,0
https://status.mit.edu/products/catalog,0
http://rb.gy/nDxCp4y,1
http://67.37.73.68:8888/appleid/signin.php?session_id=979037,1
http://ebay.com.security-alert-user.work/signin.php?user=61563,1
http://wellsfargo.com.recover-access-user.racing/signin.php?user=87189,1
https://support.linuxfoundation.org/faq,0
http://netflix.com.update-payment-billing.cf/signin.php?user=77610,1
https://docs.stanford.edu/archive/2023/12/summary?ref=home&id=71371&lang=en,0
http://105.174.109.241:8888/appleid/claim-bonus.php?session_id=763874,1
http://rb.gy/QCQ0Jus,1
http://202.129.53.201/appleid/recover-access.php?session_id=276358,1
http://secure.portal.chase-online-portal.ml/confirm.aspx,1
http://center-wellsfargo-confirm-identity-update-now.gq/index.html,1
https://europa.eu/european-union/index_en,0
https://www.wikipedia.org/articles/overview,0
http://202.43.21.76:8080/chase/confirm-identity.php?session_id=458772,1
http://login.auth.crypto-wallet-online-portal.tk/confirm.aspx,1
https://blog.w3schools.com/privacy,0
http://182.199.81.127/crypto-wallet/login.php?session_id=830288,1
https://status.medium.com/faq,0
http://appleid.com.unlock-account-auth.tk/signin.php?user=37686,1
http://billing-wellsfargo-confirm-identity-update-now.loan/index.html,1
http://ebay.com.signin-client.xyz/signin.php?user=45305,1
https://apache.org/terms?ref=home&id=71457&lang=en,0
https://docs.cloudflare.com/api/v1/status?ref=home&id=28801&lang=en,0
https://blog.amazon.com/products/catalog,0
https://www.reddit.com/r/MachineLearning/,0
http://secure-ebay-recover-access-update-now.click/index.html,1
https://stackoverflow.com/privacy?ref=home&id=33325&lang=en,0
http://account.auth.appleid-online-portal.racing/confirm.aspx,1
https://docs.bloomberg.com/explore/popular,0
http://tinyurl.com/LjPXRLt,1
https://status.nature.com?ref=home&id=7868&lang=en,0
https://status.google.com/blog/post/2024/01?ref=home&id=29074&lang=en,0
http://113.125.22.33/ebay/signin.php?session_id=391345,1
https://support.medium.com/help/center/guide?ref=home&id=58898&lang=en,0
http://bit.ly/U6w7Lzh,1
https://status.github.com/resources/whitepapers,0
http://ebay.com.claim-bonus-session.loan/signin.php?user=73311,1
https://docs.shopify.com/contact,0
http://66.23.167.5:8080/crypto-wallet/confirm-identity.php?session_id=764299,1
https://docs.reuters.com/company/careers,0
https://docs.cloudflare.com/archive/2023/12/summary,0
https://developer.nasa.gov/company/careers,0
http://120.12.251.33/microsoft/security-alert.php?session_id=550977,1
https://developer.mozilla.org/docs,0
http://portal-netflix-unlock-account-update-now.click/index.html,1
https://blog.python.org/features,0
http://secure-bankofamerica-recover-access-update-now.download/index.html,1
https://www.ox.ac.uk/privacy,0
http://billing-crypto-wallet-security-alert-update-now.tk/index.html,1
https://www.capitalone.com,0
https://api.apache.org/products/catalog,0
https://support.shopify.com/products/catalog,0
http://crypto-wallet.com.signin-secure.cf/signin.php?user=95950,1
http://microsoft.com.confirm-identity-portal.loan/signin.php?user=94332,1
https://github.com/help/center/guide?ref=home&id=70163&lang=en,0
http://tinyurl.com/t9Vj0OX,1
https://docs.google.com/terms,0
http://tinyurl.com/7PAb82k,1
http://portal-bankofamerica-claim-bonus-update-now.racing/index.html,1
http://shorturl.at/0TKIsEE,1
https://api.stanford.edu/privacy,0
https://developer.forbes.com/products/catalog,0
https://www.bankofamerica.com/features,0
http://billing-microsoft-claim-bonus-update-now.tk/index.html,1
http://is.gd/cTx9ee6,1
https://docs.w3schools.com/privacy,0
http://appleid.apple.com.verify-device-alert.info/auth/,1
https://blog.linuxfoundation.org/features,0
https://support.microsoft.com/features?ref=home&id=27144&lang=en,0
http://is.gd/wDfg2Ur,1
https://docs.linuxfoundation.org/company/careers,0
https://support.stanford.edu/pricing?ref=home&id=53288&lang=en,0
https://developer.google.com/articles/overview,0
https://docs.linuxfoundation.org/pricing?ref=home&id=24992&lang=en,0
https://api.fidelity.com/help/center/guide,0
http://auth-chase-update-payment-update-now.loan/index.html,1
https://stripe.com/faq?ref=home&id=10744&lang=en,0
http://183.11.130.27/appleid/signin.php?session_id=479205,1
http://login.portal.amazon-online-portal.download/confirm.aspx,1
http://189.61.123.125:8080/chase/login.php?session_id=797640,1
http://201.92.223.231/paypal/verify-account.php?session_id=450971,1
http://196.229.183.40:8080/appleid/verify-account.php?session_id=158770,1
http://80.73.78.7:8080/netflix/update-payment.php?session_id=952487,1
https://blog.nature.com/articles/overview,0
https://api.github.com/features,0
http://account.session.ebay-online-portal.racing/confirm.aspx,1
http://account.session.appleid-online-portal.cf/confirm.aspx,1
https://github.com/scikit-learn/scikit-learn,0
https://support.chase.com/faq,0
https://news.yahoo.com/world,0
http://billing-microsoft-signin-update-now.gq/index.html,1
http://secure.session.crypto-wallet-online-portal.click/confirm.aspx,1
https://developer.mozilla.org/en-US/docs/Web/HTTP/Overview,0
https://status.fidelity.com/archive/2023/12/summary,0
http://google.account-security-recovery-alert.gq/verify/,1
https://www.reddit.com/r/netsec/comments/182k39p/analyzing_phishing_campaigns/,0
http://auth-chase-verify-account-update-now.gq/index.html,1
http://login.auth.paypal-online-portal.ga/confirm.aspx,1
http://151.18.124.108/ebay/claim-bonus.php?session_id=275044,1
http://amazon.com.signin-secure.download/signin.php?user=27988,1
https://status.ox.ac.uk/search?category=all&sort=date,0
http://secure.auth.ebay-online-portal.tk/confirm.aspx,1
http://paypal.com.signin-session.racing/signin.php?user=42576,1
http://auth-crypto-wallet-signin-update-now.top/index.html,1
https://www.github.com/help/center/guide,0
http://verify.session.chase-online-portal.tk/confirm.aspx,1
https://ox.ac.uk/api/v1/status,0
https://www.apache.org/features,0
http://login.session.appleid-online-portal.cf/confirm.aspx,1
https://blog.reuters.com/resources/whitepapers,0
http://126.15.87.202:9000/paypal/confirm-identity.php?session_id=811016,1
http://client-paypal-confirm-identity-update-now.click/index.html,1
http://rb.gy/CajF1n3,1
http://account.session.amazon-online-portal.cf/confirm.aspx,1
https://blog.mit.edu/faq,0
http://t.co/INmKgnl,1
http://account.auth.bankofamerica-online-portal.loan/confirm.aspx,1
http://132.233.86.200/amazon/verify-account.php?session_id=336732,1
http://login.auth.chase-online-portal.ga/confirm.aspx,1
https://reuters.com/docs,0
https://mozilla.org/search?category=all&sort=date,0
https://github.com,0
https://docker.com/help/center/guide,0
http://billing-wellsfargo-login-update-now.gq/index.html,1
http://t.co/fMKeN2v,1
http://shorturl.at/MqOucMC,1
http://microsoft.com.verify-account-secure.xyz/signin.php?user=36224,1
http://103.251.167.22/secure/microsoft-office365-login.htm,1
http://shorturl.at/h3EB9IC,1
http://is.gd/5Ii6HKC,1
https://api.linuxfoundation.org/docs?ref=home&id=71701&lang=en,0
http://63.56.210.36/crypto-wallet/login.php?session_id=792984,1
https://docs.chase.com/products/catalog?ref=home&id=63539&lang=en,0
https://www.mit.edu/docs,0
http://auth-netflix-unlock-account-update-now.top/index.html,1
http://auth-appleid-claim-bonus-update-now.gq/index.html,1
http://91.234.24.114/ebay/login.php?session_id=624344,1
http://invoice-payment-overdue-notice.click/invoice.pdf.html,1
https://blog.google.com/help/center/guide,0
https://store.steampowered.com/app/1091500/Cyberpunk_2077/,0
https://support.amazon.com/company/careers?ref=home&id=54528&lang=en,0
http://user-wellsfargo-signin-update-now.work/index.html,1
http://netflix.com.verify-account-auth.ga/signin.php?user=50501,1
http://verify.auth.netflix-online-portal.ml/confirm.aspx,1
https://developer.bankofamerica.com/help/center/guide?ref=home&id=14447&lang=en,0
https://microsoft.com/privacy,0
https://www.nature.com?ref=home&id=85076&lang=en,0
http://secure.session.amazon-online-portal.top/confirm.aspx,1
http://110.218.181.147/microsoft/update-payment.php?session_id=838344,1
http://176.190.101.44/chase/login.php?session_id=260952,1
http://bit.ly/ShW6Riz,1
https://chase.com/explore/popular,0
https://api.python.org/faq,0
https://developer.medium.com/search?category=all&sort=date,0
http://191.47.99.124/bankofamerica/security-alert.php?session_id=204271,1
https://api.forbes.com/contact?ref=home&id=15871&lang=en,0
https://docs.nasa.gov/company/careers?ref=home&id=30215&lang=en,0
https://status.docker.com/terms,0
https://blog.mozilla.org/privacy,0
http://52.44.82.243/bankofamerica/verify-account.php?session_id=877306,1
http://paypal.com.confirm-identity-billing.click/signin.php?user=14903,1
https://support.cam.ac.uk/help/center/guide,0
http://is.gd/yeETKnL,1
http://208.38.52.227/appleid/security-alert.php?session_id=293560,1
https://status.apple.com/api/v1/status,0
https://blog.reuters.com/api/v1/status?ref=home&id=40932&lang=en,0
http://login.session.wellsfargo-online-portal.download/confirm.aspx,1
http://center-paypal-signin-update-now.work/index.html,1
https://api.wikipedia.org/resources/whitepapers,0
https://developer.forbes.com/articles/overview,0
http://rb.gy/4VukeWx,1
https://status.mit.edu/api/v1/status,0
http://wellsfargo.com.unlock-account-client.ga/signin.php?user=70370,1
https://blog.reuters.com/explore/popular,0
http://user-ebay-verify-account-update-now.download/index.html,1
https://docs.fidelity.com/pricing,0
https://api.github.com/about,0
http://microsoft.com.signin-user.work/signin.php?user=64124,1
https://support.apache.org/resources/whitepapers?ref=home&id=22916&lang=en,0
http://69.176.86.88/bankofamerica/login.php?session_id=303440,1
http://tinyurl.com/fNzCWLA,1
http://paypal.com.recover-access-portal.download/signin.php?user=29346,1
http://account.session.chase-online-portal.xyz/confirm.aspx,1
https://w3schools.com/about,0
https://status.mit.edu/explore/popular,0
https://www.reuters.com/archive/2023/12/summary,0
http://bankofamerica.com.login-billing.racing/signin.php?user=61595,1
http://rb.gy/HmyMCVl,1
http://paypal.com@login-secure-verification.xyz/webscr,1
http://account.portal.amazon-online-portal.ga/confirm.aspx,1
http://shorturl.at/JJGkxU5,1
https://docs.mit.edu/help/center/guide?ref=home&id=95409&lang=en,0
https://developer.reuters.com/about,0
https://docs.google.com/features?ref=home&id=79907&lang=en,0
http://166.160.241.166/wellsfargo/unlock-account.php?session_id=121817,1
https://developer.cloudflare.com/explore/popular,0
https://blog.mozilla.org/faq?ref=home&id=27577&lang=en,0
https://docs.bankofamerica.com/articles/overview,0
http://is.gd/KcrAnCx,1
http://secure.auth.microsoft-online-portal.ml/confirm.aspx,1
http://secure-paypal-verify-account-update-now.download/index.html,1
https://linuxfoundation.org/archive/2023/12/summary,0
http://t.co/h8zGaBZ,1
http://user-crypto-wallet-confirm-identity-update-now.xyz/index.html,1
http://chase.com.security-alert-portal.loan/signin.php?user=24416,1
https://blog.stackoverflow.com/api/v1/status,0
https://api.nature.com/search?category=all&sort=date?ref=home&id=19131&lang=en,0
https://api.microsoft.com/search?category=all&sort=date?ref=home&id=3128&lang=en,0
http://102.36.151.97/netflix/update-payment.php?session_id=258789,1
https://blog.python.org/articles/overview,0
http://64.235.137.164/wellsfargo/confirm-identity.php?session_id=783740,1
https://www.nih.gov/help/center/guide?ref=home&id=87951&lang=en,0
http://tinyurl.com/ggbjFVo,1
http://account.session.crypto-wallet-online-portal.download/confirm.aspx,1
http://197.69.136.11:8088/chase/security-alert.php?session_id=644719,1
https://www.amazon.co.uk,0
http://microsoft.com.login-center.xyz/signin.php?user=75483,1
https://developer.shopify.com/articles/overview?ref=home&id=87980&lang=en,0
http://account.auth.wellsfargo-online-portal.download/confirm.aspx,1
https://reuters.com/about?ref=home&id=53818&lang=en,0
https://blog.stackoverflow.com/contact,0
http://login.auth.paypal-online-portal.tk/confirm.aspx,1
http://center-paypal-claim-bonus-update-now.click/index.html,1
http://shorturl.at/rX8A3iK,1
http://bit.ly/V4JOj1l,1
http://center-netflix-unlock-account-update-now.click/index.html,1
http://account.session.wellsfargo-online-portal.top/confirm.aspx,1
http://secure-wellsfargo-verify-account-update-now.xyz/index.html,1
https://linuxfoundation.org/company/careers,0
https://docs.nih.gov/features,0
http://crypto-bonus-giveaway-winner.xyz/claim-tokens,1
https://status.wikipedia.org/blog/post/2024/01?ref=home&id=36041&lang=en,0
http://microsoft.com.confirm-identity-center.gq/signin.php?user=60997,1
https://developer.amazon.com/faq?ref=home&id=15029&lang=en,0
http://tinyurl.com/65j8HFO,1
https://stackoverflow.com/docs,0
http://is.gd/mss5ClW,1
http://session-ebay-claim-bonus-update-now.top/index.html,1
http://account.auth.wellsfargo-online-portal.ga/confirm.aspx,1
http://169.77.94.248/ebay/verify-account.php?session_id=790130,1
https://docs.nih.gov/articles/overview?ref=home&id=85058&lang=en,0
https://developer.nature.com/explore/popular,0
https://blog.shopify.com?ref=home&id=31870&lang=en,0
https://www.citigroup.com,0
https://forbes.com/products/catalog,0
http://56.223.79.30:8888/wellsfargo/verify-account.php?session_id=139193,1
http://appleid.com.security-alert-portal.tk/signin.php?user=91650,1
http://secure.auth.wellsfargo-online-portal.xyz/confirm.aspx,1
https://docs.nasa.gov/api/v1/status,0
https://blog.docker.com/about,0
http://76.126.168.5:8088/microsoft/login.php?session_id=115063,1
http://appleid.com.unlock-account-user.download/signin.php?user=63253,1
http://shorturl.at/L82Xa1y,1
https://api.chase.com?ref=home&id=17199&lang=en,0
http://user-crypto-wallet-verify-account-update-now.racing/index.html,1
http://session-bankofamerica-verify-account-update-now.loan/index.html,1
http://billing-appleid-confirm-identity-update-now.ga/index.html,1
http://is.gd/yJYgPuF,1
http://shorturl.at/qy5Kcnm,1
http://client-wellsfargo-confirm-identity-update-now.ml/index.html,1
https://status.chase.com/explore/popular?ref=home&id=28653&lang=en,0
https://api.github.com/api/v1/status,0
http://131.227.223.182:8080/netflix/signin.php?session_id=240173,1
https://developer.github.com/articles/overview,0
https://developer.linuxfoundation.org/api/v1/status,0
https://developer.google.com/features,0
https://developer.shopify.com/help/center/guide?ref=home&id=52645&lang=en,0
https://support.mozilla.org/privacy,0
https://docs.docker.com/search?category=all&sort=date?ref=home&id=87127&lang=en,0
https://developer.stripe.com/contact?ref=home&id=88012&lang=en,0
https://support.stripe.com/pricing,0
http://verify.auth.chase-online-portal.racing/confirm.aspx,1
https://api.docker.com/terms,0
https://reuters.com/contact,0
http://crypto-wallet.com.signin-user.top/signin.php?user=86588,1
http://154.77.147.189/paypal/unlock-account.php?session_id=347565,1
http://t.co/lS3HBcN,1
https://www.github.com/products/catalog,0
http://59.170.193.134:9000/microsoft/unlock-account.php?session_id=614064,1
https://status.stackoverflow.com/articles/overview,0
http://client-amazon-update-payment-update-now.ml/index.html,1
http://rb.gy/uCpzcTx,1
https://developer.linuxfoundation.org/about,0
http://is.gd/psZyug0,1
http://bankofamerica.com.recover-access-secure.ml/signin.php?user=66466,1
http://session-appleid-claim-bonus-update-now.ga/index.html,1
http://verify.auth.appleid-online-portal.tk/confirm.aspx,1
http://auth-chase-claim-bonus-update-now.work/index.html,1
https://status.cam.ac.uk/pricing?ref=home&id=23037&lang=en,0
https://medium.com,0
https://support.stanford.edu/help/center/guide,0
http://verify.auth.ebay-online-portal.ml/confirm.aspx,1
https://blog.mit.edu/company/careers,0
http://210.166.38.67/crypto-wallet/unlock-account.php?session_id=254525,1
http://chase.com.signin-billing.tk/signin.php?user=37849,1
http://168.157.47.49:8088/crypto-wallet/verify-account.php?session_id=520775,1
http://appleid.com.signin-billing.ml/signin.php?user=87616,1
http://132.3.19.92:8888/paypal/claim-bonus.php?session_id=561801,1
http://ebay.com.security-alert-portal.tk/signin.php?user=63026,1
https://www.amazon.com/api/v1/status?ref=home&id=76220&lang=en,0
http://paypal.com.update-payment-billing.download/signin.php?user=29025,1
http://secure-bankofamerica-confirm-identity-update-now.racing/index.html,1
https://support.cam.ac.uk/terms,0
http://rb.gy/UttmXE9,1
http://rb.gy/X8YhATi,1
http://auth-paypal-recover-access-update-now.download/index.html,1
http://secure-chase-confirm-identity-update-now.racing/index.html,1
https://docs.fidelity.com/company/careers,0
http://bankofamerica.com.verify-account-session.gq/signin.php?user=60700,1
https://blog.github.com/contact,0
http://165.165.172.233:9000/ebay/update-payment.php?session_id=387021,1
https://docs.medium.com/pricing?ref=home&id=45313&lang=en,0
https://docs.w3schools.com?ref=home&id=30098&lang=en,0
http://203.0.113.88/paypal/verification/webscr.php,1
https://status.stripe.com/search?category=all&sort=date,0
https://api.forbes.com/terms,0
http://secure.session.paypal-online-portal.work/confirm.aspx,1
http://shorturl.at/ZZiiNVP,1
https://bankofamerica.com/privacy,0
http://67.156.55.207/wellsfargo/claim-bonus.php?session_id=878088,1
https://www.kaggle.com/datasets,0
https://docs.medium.com/contact?ref=home&id=20442&lang=en,0
https://status.nih.gov/products/catalog,0
https://docs.nature.com/terms,0
https://support.reuters.com/articles/overview,0
https://blog.mozilla.org/api/v1/status?ref=home&id=30831&lang=en,0
https://status.python.org/faq,0
https://www.microsoft.com/articles/overview?ref=home&id=77569&lang=en,0
http://shorturl.at/2Mv6WCu,1
https://www.amazon.com/privacy?ref=home&id=32186&lang=en,0
https://api.nih.gov/articles/overview?ref=home&id=36825&lang=en,0
https://blog.bloomberg.com/help/center/guide?ref=home&id=87799&lang=en,0
http://crypto-wallet.com.unlock-account-portal.loan/signin.php?user=89541,1
http://rb.gy/1J3qRK9,1
https://cloudflare.com/privacy?ref=home&id=44456&lang=en,0
https://www.chase.com/blog/post/2024/01?ref=home&id=35226&lang=en,0
https://mit.edu/privacy,0
http://56.50.212.195/ebay/verify-account.php?session_id=188047,1
https://api.medium.com/archive/2023/12/summary?ref=home&id=33177&lang=en,0
http://wellsfargo.com.login-session.ga/signin.php?user=87493,1
http://secure.portal.crypto-wallet-online-portal.download/confirm.aspx,1
http://support.bank.com@192.168.1.1/confirm-identity.php,1
https://support.stanford.edu/articles/overview,0
http://182.100.133.196/paypal/update-payment.php?session_id=517375,1
https://docs.w3schools.com/products/catalog?ref=home&id=75264&lang=en,0
https://www.bankofamerica.com,0
https://developer.linuxfoundation.org/explore/popular,0
https://api.forbes.com/explore/popular,0
http://verify.auth.bankofamerica-online-portal.xyz/confirm.aspx,1
http://rb.gy/6J7nUnv,1
https://microsoft.com/resources/whitepapers?ref=home&id=70758&lang=en,0
https://cam.ac.uk/features?ref=home&id=71592&lang=en,0
https://support.stripe.com/features?ref=home&id=32496&lang=en,0
https://en.wikipedia.org/wiki/Phishing,0
https://api.docker.com/privacy?ref=home&id=5635&lang=en,0
https://duckduckgo.com/?q=cybersecurity+best+practices,0
http://amazon.com.unlock-account-billing.racing/signin.php?user=23014,1
https://support.amazon.com/privacy,0
https://www.linuxfoundation.org/products/catalog,0
http://verify.portal.ebay-online-portal.gq/confirm.aspx,1
https://developer.reuters.com/api/v1/status,0
https://docs.microsoft.com/about?ref=home&id=29679&lang=en,0
https://api.github.com/pricing?ref=home&id=44288&lang=en,0
http://rb.gy/HubW5j7,1
https://api.stripe.com/privacy,0
http://rb.gy/1gJXYqm,1
http://162.77.39.252/appleid/security-alert.php?session_id=648501,1
https://docs.nih.gov/resources/whitepapers,0
https://developer.stripe.com/resources/whitepapers,0
https://www.harvard.edu,0
http://client-chase-confirm-identity-update-now.work/index.html,1
https://status.chase.com/help/center/guide,0
http://amazon.com.verify-account-auth.gq/signin.php?user=32843,1
http://bit.ly/3Pz3RVH,1
https://developer.apache.org/api/v1/status,0
http://137.105.135.79/netflix/update-payment.php?session_id=602472,1
https://developer.nasa.gov/faq?ref=home&id=96302&lang=en,0
https://docs.amazon.com/articles/overview,0
http://tinyurl.com/VDiG6DS,1
https://reuters.com?ref=home&id=30045&lang=en,0
http://login.auth.appleid-online-portal.tk/confirm.aspx,1
https://blog.linuxfoundation.org/archive/2023/12/summary?ref=home&id=66035&lang=en,0
https://www.wikipedia.org/contact?ref=home&id=83511&lang=en,0
http://41.80.239.12/crypto-wallet/signin.php?session_id=148381,1
https://status.stripe.com/company/careers,0
http://verify.session.crypto-wallet-online-portal.top/confirm.aspx,1
https://apache.org/privacy?ref=home&id=79974&lang=en,0
http://portal-crypto-wallet-login-update-now.loan/index.html,1
http://portal-appleid-claim-bonus-update-now.xyz/index.html,1
https://stanford.edu/company/careers,0
https://docs.amazon.com/company/careers?ref=home&id=16336&lang=en,0
https://api.stanford.edu/explore/popular?ref=home&id=79372&lang=en,0
https://api.fidelity.com/about,0
https://docs.ox.ac.uk/about?ref=home&id=99885&lang=en,0
https://www.nytimes.com/section/technology,0
http://verify.session.netflix-online-portal.click/confirm.aspx,1
https://www.nih.gov/company/careers,0
http://auth-chase-login-update-now.loan/index.html,1
http://login.portal.crypto-wallet-online-portal.loan/confirm.aspx,1
https://status.cloudflare.com/terms,0
https://status.medium.com/faq,0
http://crypto-wallet.com.verify-account-auth.download/signin.php?user=24459,1
http://verify.portal.crypto-wallet-online-portal.racing/confirm.aspx,1
http://billing-netflix-security-alert-update-now.download/index.html,1
http://secure-chase-security-alert-update-now.ga/index.html,1
http://tinyurl.com/l0YZhVp,1
https://blog.bankofamerica.com/search?category=all&sort=date?ref=home&id=14983&lang=en,0
https://api.microsoft.com/archive/2023/12/summary,0
http://chase.com.verify-account-center.tk/signin.php?user=82708,1
http://secure-amazon-login-update-now.loan/index.html,1
http://microsoft.verify-office365-credentials.club/login.html,1
https://developer.bankofamerica.com/api/v1/status?ref=home&id=48749&lang=en,0
http://rb.gy/568Ewrz,1
https://docs.cam.ac.uk/explore/popular?ref=home&id=37583&lang=en,0
https://docs.nature.com/faq,0
http://portal-chase-verify-account-update-now.download/index.html,1
https://docs.bankofamerica.com/products/catalog,0
https://developer.linuxfoundation.org/resources/whitepapers?ref=home&id=34862&lang=en,0
http://session-appleid-unlock-account-update-now.xyz/index.html,1
https://cloud.google.com/vertex-ai,0
http://chase.com.recover-access-client.ga/signin.php?user=44131,1
http://shorturl.at/HW7B4JZ,1
http://is.gd/9A4mqbW,1
https://api.shopify.com/explore/popular,0
http://auth-microsoft-update-payment-update-now.top/index.html,1
http://netflix.com.verify-account-user.gq/signin.php?user=18237,1
https://status.stackoverflow.com/docs,0
https://developer.nature.com/resources/whitepapers?ref=home&id=97497&lang=en,0
https://www.epicgames.com/store/en-US/,0
https://status.stackoverflow.com/resources/whitepapers,0
http://client-paypal-security-alert-update-now.ml/index.html,1
https://www.stanford.edu/docs,0
https://developer.ox.ac.uk/privacy?ref=home&id=74831&lang=en,0
https://w3schools.com/about,0
https://docs.mit.edu/archive/2023/12/summary,0
http://client-wellsfargo-signin-update-now.xyz/index.html,1
http://rb.gy/rrJzZqm,1
http://secure.portal.ebay-online-portal.ml/confirm.aspx,1
https://docs.fidelity.com/privacy,0
https://docs.apache.org/pricing?ref=home&id=55548&lang=en,0
https://blog.mozilla.org/about?ref=home&id=44292&lang=en,0
https://www.stripe.com/docs?ref=home&id=68603&lang=en,0
https://docs.linuxfoundation.org/explore/popular,0
https://blog.reuters.com/archive/2023/12/summary?ref=home&id=54857&lang=en,0
http://urgent-security-alert-reset-password-update.work/auth,1
http://152.205.118.247/chase/signin.php?session_id=739270,1
http://client-wellsfargo-verify-account-update-now.top/index.html,1
https://blog.chase.com/help/center/guide,0
https://support.stackoverflow.com,0
https://status.cam.ac.uk/explore/popular,0
http://netflix.com.signin-secure.xyz/signin.php?user=13662,1
https://www.cisa.gov/cybersecurity-resources,0
https://mit.edu/about?ref=home&id=31932&lang=en,0
https://developer.cam.ac.uk/faq?ref=home&id=28607&lang=en,0
http://billing-bankofamerica-signin-update-now.ga/index.html,1
https://api.amazon.com/api/v1/status?ref=home&id=35290&lang=en,0
http://login.auth.ebay-online-portal.top/confirm.aspx,1
https://status.nih.gov/products/catalog,0
https://developer.google.com/terms?ref=home&id=76067&lang=en,0
https://status.apple.com/explore/popular,0
https://status.fidelity.com/contact,0
https://support.forbes.com/privacy?ref=home&id=34425&lang=en,0
https://blog.apache.org/products/catalog,0
http://184.16.204.249/netflix/confirm-identity.php?session_id=658335,1
https://blog.chase.com/articles/overview,0
https://support.docker.com/pricing,0
http://secure-microsoft-verify-account-update-now.ga/index.html,1
https://blog.apache.org/search?category=all&sort=date?ref=home&id=2854&lang=en,0
http://77.32.90.24:8088/netflix/security-alert.php?session_id=886365,1
https://developer.stanford.edu/terms?ref=home&id=53502&lang=en,0
https://docs.google.com/pricing,0
http://95.106.78.197/crypto-wallet/unlock-account.php?session_id=206759,1
https://blog.nasa.gov/pricing,0
https://ox.ac.uk/archive/2023/12/summary,0
https://github.com/torvalds/linux/commit/123456789abcdef,0
https://developer.mozilla.org/explore/popular?ref=home&id=36247&lang=en,0
https://docs.apple.com/company/careers,0
https://www.apple.com/docs,0
http://netflix.com.signin-center.ga/signin.php?user=31603,1
http://is.gd/0daCsgv,1
https://docs.apache.org/blog/post/2024/01,0
http://118.116.121.6/wellsfargo/update-payment.php?session_id=322167,1
http://microsoft.com.unlock-account-center.racing/signin.php?user=77264,1
http://101.114.188.246:8080/bankofamerica/recover-access.php?session_id=479895,1
http://61.15.70.213/chase/recover-access.php?session_id=961866,1
https://developer.linuxfoundation.org/about?ref=home&id=63616&lang=en,0
https://api.docker.com/company/careers?ref=home&id=40169&lang=en,0
https://www.nih.gov/api/v1/status,0
https://blog.ox.ac.uk/api/v1/status?ref=home&id=35735&lang=en,0
http://84.83.28.179:8088/microsoft/confirm-identity.php?session_id=305225,1
http://49.227.109.127/appleid/claim-bonus.php?session_id=885376,1
https://wikipedia.org/help/center/guide,0
http://63.74.166.226/microsoft/recover-access.php?session_id=846216,1
https://status.fidelity.com/about,0
https://docs.w3schools.com/terms,0
https://www.amazon.com/blog/post/2024/01,0
http://tinyurl.com/FK6gsvI,1
http://session-microsoft-verify-account-update-now.work/index.html,1
https://blog.docker.com/features,0
https://blog.google.com/help/center/guide?ref=home&id=91893&lang=en,0
http://auth-wellsfargo-update-payment-update-now.tk/index.html,1
https://api.chase.com/archive/2023/12/summary?ref=home&id=8993&lang=en,0
http://center-amazon-update-payment-update-now.ga/index.html,1
http://is.gd/E3i5Cyi,1
http://verify.portal.microsoft-online-portal.loan/confirm.aspx,1
http://steamcommunity.com.trade-offer-free-bonus.top/claim/,1
http://verify.session.netflix-online-portal.racing/confirm.aspx,1
https://teams.microsoft.com,0
https://docs.python.org/3/library/urllib.parse.html,0
http://176.99.49.122/chase/recover-access.php?session_id=573469,1
https://docs.microsoft.com/api/v1/status,0
https://chase.com?ref=home&id=21707&lang=en,0
https://status.linuxfoundation.org/faq?ref=home&id=35452&lang=en,0
https://docs.shopify.com/faq,0
https://wikipedia.org/api/v1/status?ref=home&id=33406&lang=en,0
http://verify.portal.amazon-online-portal.racing/confirm.aspx,1
http://session-wellsfargo-login-update-now.loan/index.html,1
http://paypal.com.update-payment-user.work/signin.php?user=20652,1
https://www.nasa.gov/about,0
https://www.reuters.com/help/center/guide?ref=home&id=46870&lang=en,0
http://rb.gy/PfFmtL6,1
http://paypal.com.recover-access-center.cf/signin.php?user=20937,1
https://www.medium.com/search?category=all&sort=date?ref=home&id=74899&lang=en,0
https://www.reuters.com/explore/popular?ref=home&id=90016&lang=en,0
http://208.20.20.65/ebay/update-payment.php?session_id=870932,1
https://www.google.com/articles/overview,0
http://center-bankofamerica-verify-account-update-now.top/index.html,1
https://support.bloomberg.com/api/v1/status,0
http://account.portal.paypal-online-portal.racing/confirm.aspx,1
http://74.26.203.217/crypto-wallet/confirm-identity.php?session_id=116389,1
http://login.portal.crypto-wallet-online-portal.work/confirm.aspx,1
https://status.bloomberg.com/privacy,0
https://status.medium.com/contact,0
http://88.39.14.59/appleid/login.php?session_id=271499,1
https://api.fidelity.com/privacy,0
https://www.github.com/privacy,0
http://bit.ly/Xi1H8Wf,1
https://status.fidelity.com/terms,0
https://status.stanford.edu/pricing,0
https://www.ox.ac.uk/faq?ref=home&id=36818&lang=en,0
http://login.portal.ebay-online-portal.cf/confirm.aspx,1
http://secure.auth.crypto-wallet-online-portal.cf/confirm.aspx,1
https://developer.docker.com/api/v1/status?ref=home&id=58637&lang=en,0
https://stripe.com/blog/post/2024/01,0
https://developer.stackoverflow.com/terms?ref=home&id=69512&lang=en,0
http://secure-paypal-verify-account-update-now.click/index.html,1
http://amazon.com.signin-session.xyz/signin.php?user=50991,1
https://blog.stanford.edu/explore/popular,0
https://api.amazon.com/about,0
http://bit.ly/mcOKD4c,1
https://stanford.edu/terms,0
https://blog.amazon.com/blog/post/2024/01,0
https://developer.nature.com/terms,0
http://paypal.com.account-verification-service.tk/login.php,1
https://developer.reuters.com/faq,0
http://89.71.73.211/bankofamerica/security-alert.php?session_id=904246,1
https://www.chase.com/company/careers?ref=home&id=50921&lang=en,0
https://api.fidelity.com/pricing,0
https://google.com/docs,0
https://support.linuxfoundation.org/resources/whitepapers,0
https://www.apple.com/blog/post/2024/01,0
http://66.68.159.40/chase/confirm-identity.php?session_id=359414,1
http://112.69.33.184:8088/microsoft/login.php?session_id=115440,1
https://docs.python.org/search?category=all&sort=date,0
http://175.5.109.148:9000/wellsfargo/claim-bonus.php?session_id=596330,1
http://secure.session.bankofamerica-online-portal.racing/confirm.aspx,1
http://secure.auth.microsoft-online-portal.tk/confirm.aspx,1
https://developer.reuters.com/features,0
http://bankofamerica.com.signin-billing.tk/signin.php?user=64230,1
https://support.apache.org/features,0
http://wellsfargo.com.signin-center.ga/signin.php?user=53536,1
http://wellsfargo.com.security-alert-user.click/signin.php?user=66479,1
http://t.co/IAUYMAA,1
https://dev.to/t/python,0
https://status.fidelity.com/explore/popular,0
https://aws.amazon.com/ec2/,0
http://is.gd/XuXOpzE,1
https://status.chase.com/privacy,0
http://auth-chase-update-payment-update-now.ga/index.html,1
http://is.gd/kV7VUvR,1
https://status.ox.ac.uk/pricing?ref=home&id=19777&lang=en,0
http://account.portal.crypto-wallet-online-portal.gq/confirm.aspx,1
http://session-microsoft-unlock-account-update-now.xyz/index.html,1
http://170.227.215.107/appleid/login.php?session_id=125166,1
http://192.168.1.105/login.php,1
https://developer.medium.com/products/catalog?ref=home&id=61637&lang=en,0
http://session-microsoft-login-update-now.click/index.html,1
https://status.w3schools.com/articles/overview,0
https://api.shopify.com/resources/whitepapers,0
https://developer.reuters.com/products/catalog?ref=home&id=81065&lang=en,0
https://support.cam.ac.uk/archive/2023/12/summary?ref=home&id=67809&lang=en,0
https://blog.linuxfoundation.org/explore/popular,0
https://docs.cloudflare.com/search?category=all&sort=date,0
https://www.stanford.edu/docs,0
https://api.stackoverflow.com/archive/2023/12/summary?ref=home&id=3014&lang=en,0
https://blog.medium.com/api/v1/status,0
https://docs.shopify.com/archive/2023/12/summary?ref=home&id=97821&lang=en,0
http://158.51.68.180/appleid/login.php?session_id=549737,1
http://tinyurl.com/u2Y9nQ7,1
http://is.gd/TdS8RpL,1
http://online-account-verification-support-center.xyz/secure,1
http://is.gd/T53DiSg,1
http://portal-chase-claim-bonus-update-now.top/index.html,1
https://support.forbes.com/blog/post/2024/01,0
https://support.cloudflare.com/contact,0
http://211.106.109.94/wellsfargo/update-payment.php?session_id=722725,1
https://www.python.org/about,0
http://114.69.130.56/bankofamerica/login.php?session_id=438891,1
https://api.stanford.edu/docs?ref=home&id=13624&lang=en,0
http://account.session.appleid-online-portal.top/confirm.aspx,1
https://status.reuters.com/company/careers?ref=home&id=11828&lang=en,0
https://api.mit.edu/features,0
http://verify.portal.microsoft-online-portal.loan/confirm.aspx,1
http://110.254.50.238:8088/appleid/confirm-identity.php?session_id=195352,1
http://wellsfargo.com.security-alert-auth.top/signin.php?user=26673,1
https://ox.ac.uk/contact?ref=home&id=9851&lang=en,0
https://developer.stripe.com/archive/2023/12/summary?ref=home&id=72819&lang=en,0
https://docs.mit.edu/docs,0
http://verify.portal.paypal-online-portal.work/confirm.aspx,1
https://mozilla.org/archive/2023/12/summary,0
http://account.auth.wellsfargo-online-portal.top/confirm.aspx,1
http://tinyurl.com/Zps7Oxt,1
http://legit-site.com@attacker-controlled-server.com/login,1
https://docs.medium.com/privacy,0
https://www.berkeley.edu,0
http://crypto-wallet.com.signin-secure.racing/signin.php?user=78922,1
https://www.amazon.com/pricing?ref=home&id=91739&lang=en,0
https://blog.bloomberg.com/privacy,0
http://bit.ly/iBt5SDA,1
https://blog.medium.com/contact,0
http://wellsfargo.com.claim-bonus-center.xyz/signin.php?user=30118,1
https://api.microsoft.com/privacy?ref=home&id=35208&lang=en,0
http://ebay.com.recover-access-secure.work/signin.php?user=30883,1
https://support.python.org,0
http://secure.portal.netflix-online-portal.cf/confirm.aspx,1
https://status.stripe.com/features,0
http://t.co/m9BZLpu,1
http://bank-payment-confirmation-gateway-verify.cf/pay,1
https://docs.medium.com/features,0
http://is.gd/vMIieAx,1
http://t.co/H73TO1R,1
https://blog.wikipedia.org/docs,0
https://www.docker.com/search?category=all&sort=date?ref=home&id=33706&lang=en,0
http://billing-amazon-recover-access-update-now.tk/index.html,1
https://www.nature.com/faq,0
https://status.docker.com/products/catalog,0
http://chase.com.verify-account-user.top/signin.php?user=99780,1
http://197.86.31.93/chase/login.php?session_id=286717,1
https://bloomberg.com/contact,0
http://client-ebay-login-update-now.gq/index.html,1
https://status.fidelity.com/help/center/guide,0
http://client-netflix-unlock-account-update-now.racing/index.html,1
http://user-amazon-confirm-identity-update-now.ml/index.html,1
https://docker.com/resources/whitepapers?ref=home&id=86397&lang=en,0
https://www.stackoverflow.com/archive/2023/12/summary,0
http://secure-amazon-signin-update-now.click/index.html,1
http://137.134.246.174/crypto-wallet/update-payment.php?session_id=700727,1
https://www.bestbuy.com/site/apple-macbook-pro-14/6534598.p,0
http://user-wellsfargo-verify-account-update-now.ml/index.html,1
https://support.fidelity.com/blog/post/2024/01?ref=home&id=73494&lang=en,0
https://blog.bankofamerica.com/search?category=all&sort=date,0
http://55.33.80.150/bankofamerica/claim-bonus.php?session_id=891018,1
http://crypto-wallet.com.security-alert-auth.top/signin.php?user=41860,1
https://status.github.com/contact?ref=home&id=42879&lang=en,0
http://shorturl.at/1FWlrkt,1
https://www.chase.com/archive/2023/12/summary,0
http://t.co/dgKDKjj,1
https://api.reuters.com/help/center/guide,0
https://developer.nih.gov/explore/popular?ref=home&id=24703&lang=en,0
http://141.179.32.213/appleid/claim-bonus.php?session_id=552945,1
https://www.cam.ac.uk/archive/2023/12/summary,0
https://support.wikipedia.org/contact,0
http://bit.ly/xrNikYu,1
https://docs.stripe.com/pricing,0
http://is.gd/oWoZ95p,1
https://api.nasa.gov/privacy,0
https://docs.fidelity.com/explore/popular?ref=home&id=84320&lang=en,0
http://49.171.100.69/appleid/recover-access.php?session_id=702553,1
http://verify.session.appleid-online-portal.gq/confirm.aspx,1
https://docs.fidelity.com/products/catalog?ref=home&id=35664&lang=en,0
https://support.cloudflare.com/about,0
https://developer.medium.com/api/v1/status,0
https://api.github.com/help/center/guide?ref=home&id=84105&lang=en,0
http://login.portal.netflix-online-portal.work/confirm.aspx,1
http://186.103.146.235/netflix/signin.php?session_id=931420,1
https://blog.w3schools.com/faq?ref=home&id=92917&lang=en,0
http://crypto-wallet.com.recover-access-session.work/signin.php?user=70670,1
https://status.reuters.com/archive/2023/12/summary,0
https://api.stackoverflow.com/terms?ref=home&id=41963&lang=en,0
https://support.python.org/terms,0
http://shorturl.at/nnbVApk,1
http://200.19.99.229:9000/wellsfargo/claim-bonus.php?session_id=889460,1
http://amazon.com.confirm-identity-portal.click/signin.php?user=87015,1
http://125.234.91.197/ebay/signin.php?session_id=643842,1
https://api.mit.edu/help/center/guide?ref=home&id=56363&lang=en,0
http://crypto-wallet.com.update-payment-center.download/signin.php?user=56076,1
https://www.yahoo.com,0
https://stackoverflow.com/questions/11227809/why-is-processing-a-sorted-array-faster,0
http://bit.ly/iUJX0RC,1
http://secure.session.bankofamerica-online-portal.xyz/confirm.aspx,1
http://185.16.72.35/chase/unlock-account.php?session_id=279517,1
http://account.portal.wellsfargo-online-portal.work/confirm.aspx,1
https://api.mozilla.org/articles/overview,0
http://secure.portal.ebay-online-portal.cf/confirm.aspx,1
https://en.wikipedia.org/wiki/Random_forest,0
http://secure.portal.bankofamerica-online-portal.loan/confirm.aspx,1
https://www.mit.edu,0
http://63.38.217.192/amazon/recover-access.php?session_id=996677,1
http://68.155.45.233/crypto-wallet/verify-account.php?session_id=487728,1
http://auth-wellsfargo-unlock-account-update-now.racing/index.html,1
http://80.60.25.171/chase/unlock-account.php?session_id=599555,1
https://status.linuxfoundation.org/search?category=all&sort=date,0
https://developer.fidelity.com/help/center/guide?ref=home&id=13793&lang=en,0
https://status.cam.ac.uk/search?category=all&sort=date,0
https://blog.forbes.com/features?ref=home&id=24255&lang=en,0
http://secure.auth.microsoft-online-portal.racing/confirm.aspx,1
http://chase.com.update-payment-client.top/signin.php?user=11974,1
https://www.fidelity.com/archive/2023/12/summary,0
http://175.251.25.159/wellsfargo/claim-bonus.php?session_id=586765,1
https://cloudflare.com/api/v1/status,0
https://docs.cam.ac.uk/docs,0
http://191.87.70.18/crypto-wallet/claim-bonus.php?session_id=319927,1
https://www.cam.ac.uk/products/catalog?ref=home&id=11205&lang=en,0
https://www.nature.com/privacy?ref=home&id=74772&lang=en,0
http://shorturl.at/xHPDlx5,1
http://200.212.201.78:8088/wellsfargo/confirm-identity.php?session_id=301224,1
http://microsoft.com.verify-account-billing.loan/signin.php?user=53923,1
http://rb.gy/ATLInV5,1
http://tinyurl.com/b8oBpKO,1
https://blog.nasa.gov/api/v1/status,0
https://status.cloudflare.com/company/careers?ref=home&id=13577&lang=en,0
https://blog.google.com/explore/popular,0
http://portal-appleid-update-payment-update-now.work/index.html,1
http://100.60.24.151/paypal/update-payment.php?session_id=889125,1
http://login.session.crypto-wallet-online-portal.ga/confirm.aspx,1
http://82.31.108.68/ebay/unlock-account.php?session_id=232537,1
http://secure.auth.crypto-wallet-online-portal.ga/confirm.aspx,1
https://docs.docker.com/archive/2023/12/summary,0
http://session-paypal-claim-bonus-update-now.ml/index.html,1
https://www.stripe.com/articles/overview,0
http://110.85.135.106/ebay/update-payment.php?session_id=741784,1
http://login.session.bankofamerica-online-portal.gq/confirm.aspx,1
http://wellsfargo.com.claim-bonus-secure.download/signin.php?user=11110,1
https://support.docker.com/docs,0
http://48.87.108.67/netflix/recover-access.php?session_id=162276,1
http://client-crypto-wallet-recover-access-update-now.ml/index.html,1
https://developer.github.com?ref=home&id=80736&lang=en,0
http://myaccount-portal.xyz/redirect?url=http://fake-login.com,1
https://support.cloudflare.com/articles/overview?ref=home&id=8754&lang=en,0
http://151.18.126.143/crypto-wallet/update-payment.php?session_id=140698,1
https://blog.wikipedia.org/pricing,0
http://secure-bankofamerica-signin-update-now.cf/index.html,1
http://tinyurl.com/Trm261U,1
http://tinyurl.com/vtX9CXu,1
http://secure.portal.chase-online-portal.xyz/confirm.aspx,1
http://facebook.com.profile-security-check.work/login.php,1
https://developer.google.com/resources/whitepapers,0
http://appleid.com.security-alert-session.download/signin.php?user=18748,1
https://docker.com/resources/whitepapers,0
http://microsoft.com.claim-bonus-client.loan/signin.php?user=68988,1
http://appleid.com.confirm-identity-auth.ml/signin.php?user=86298,1
https://developer.amazon.com/terms?ref=home&id=62086&lang=en,0
https://www.python.org/terms,0
https://docs.apple.com/explore/popular,0
https://blog.stanford.edu/features?ref=home&id=94635&lang=en,0
http://42.121.35.224/wellsfargo/confirm-identity.php?session_id=847986,1
https://status.w3schools.com/search?category=all&sort=date,0
https://www.github.com/about?ref=home&id=63277&lang=en,0
https://developer.docker.com/company/careers,0
https://www.stripe.com/contact,0
http://client-wellsfargo-login-update-now.racing/index.html,1
https://docs.nasa.gov/docs,0
https://docs.mozilla.org/blog/post/2024/01,0
http://secure.session.amazon-online-portal.top/confirm.aspx,1
http://bit.ly/klyuj9B,1
https://www.whitehouse.gov/briefing-room/,0
https://developer.cloudflare.com/archive/2023/12/summary,0
https://blog.github.com/company/careers,0
https://docs.stripe.com/contact,0
https://blog.medium.com/pricing,0
http://billing-ebay-unlock-account-update-now.xyz/index.html,1
http://center-ebay-confirm-identity-update-now.work/index.html,1
https://blog.bloomberg.com/api/v1/status,0
https://vimeo.com/categories,0
https://www.forbes.com/contact,0
http://56.55.153.3/amazon/update-payment.php?session_id=769399,1
https://www.baidu.com,0
http://secure-wellsfargo-login-update-now.download/index.html,1
https://status.microsoft.com/explore/popular,0
http://crypto-wallet.com.login-session.racing/signin.php?user=91830,1
http://t.co/hhmjI0c,1
http://150.7.177.43/chase/verify-account.php?session_id=655021,1
http://secure.auth.paypal-online-portal.work/confirm.aspx,1
http://136.155.134.253/amazon/unlock-account.php?session_id=453401,1
http://rb.gy/YCoIaT6,1
http://client-appleid-verify-account-update-now.top/index.html,1
http://tinyurl.com/5NQCnDV,1
http://login.auth.crypto-wallet-online-portal.download/confirm.aspx,1
https://developer.apple.com,0
http://billing-amazon-signin-update-now.download/index.html,1
https://blog.ox.ac.uk,0
https://www.cnn.com/world,0
http://141.198.60.115/wellsfargo/unlock-account.php?session_id=774044,1
http://amazon.com:8888/order/verify-payment-method.php,1
http://50.254.121.188/ebay/login.php?session_id=513474,1
https://docs.stanford.edu/terms,0
https://www.stanford.edu/pricing?ref=home&id=5117&lang=en,0
https://support.stanford.edu/company/careers,0
https://support.nih.gov/blog/post/2024/01,0
http://netflix.com.claim-bonus-user.download/signin.php?user=18169,1
https://support.stripe.com/company/careers,0
http://bankofamerica.com.recover-access-center.work/signin.php?user=22280,1
https://discord.com/channels/@me,0
https://status.bankofamerica.com/terms,0
http://secure.auth.chase-online-portal.cf/confirm.aspx,1
http://ebay.com.claim-bonus-client.racing/signin.php?user=23829,1
https://blog.mozilla.org/products/catalog?ref=home&id=48118&lang=en,0
https://www.chase.com/help/center/guide,0
https://status.stackoverflow.com/faq,0
https://support.cam.ac.uk/archive/2023/12/summary,0
http://wellsfargo.com.unlock-account-billing.work/signin.php?user=18943,1
https://support.apache.org/resources/whitepapers,0
https://blog.wikipedia.org/privacy,0
https://blog.microsoft.com/resources/whitepapers?ref=home&id=35649&lang=en,0
http://amazon.com.verify-account-secure.racing/signin.php?user=22934,1
https://linuxfoundation.org/products/catalog?ref=home&id=56069&lang=en,0
http://177.86.100.186/appleid/claim-bonus.php?session_id=397719,1
http://secure.portal.microsoft-online-portal.loan/confirm.aspx,1
https://support.medium.com/explore/popular,0
http://118.44.253.90/crypto-wallet/unlock-account.php?session_id=561859,1
https://support.nature.com/resources/whitepapers,0
http://session-chase-confirm-identity-update-now.download/index.html,1
http://account.session.crypto-wallet-online-portal.xyz/confirm.aspx,1
http://amazon.com.confirm-identity-portal.click/signin.php?user=24253,1
https://support.bloomberg.com/privacy,0
http://portal-wellsfargo-unlock-account-update-now.download/index.html,1
http://billing-bankofamerica-security-alert-update-now.loan/index.html,1
https://docs.nasa.gov/archive/2023/12/summary,0
https://api.linuxfoundation.org/explore/popular,0
https://w3schools.com/resources/whitepapers?ref=home&id=75107&lang=en,0
https://docs.wikipedia.org/pricing,0
https://www.github.com/api/v1/status,0
https://python.org/company/careers,0
https://reuters.com/features?ref=home&id=19830&lang=en,0
https://docs.stanford.edu?ref=home&id=11215&lang=en,0
http://t.co/R5KhtjK,1
http://secure-amazon-claim-bonus-update-now.ga/index.html,1
https://status.docker.com/products/catalog?ref=home&id=42053&lang=en,0
https://reuters.com/docs?ref=home&id=54840&lang=en,0
http://ebay.com.login-auth.tk/signin.php?user=90786,1
http://secure.portal.ebay-online-portal.work/confirm.aspx,1
http://crypto-wallet.com.claim-bonus-user.gq/signin.php?user=69509,1
http://tinyurl.com/coEQ7Ox,1
https://www.facebook.com,0
https://developer.cam.ac.uk?ref=home&id=80635&lang=en,0
http://center-netflix-update-payment-update-now.racing/index.html,1
https://www.amazon.com,0
http://193.154.2.63/ebay/security-alert.php?session_id=684632,1
http://shorturl.at/Ha2oKDz,1
https://www.bloomberg.com/explore/popular,0
https://blog.apple.com/api/v1/status,0
http://account.session.chase-online-portal.cf/confirm.aspx,1
https://linuxfoundation.org/features?ref=home&id=19030&lang=en,0
https://microsoft.com/search?category=all&sort=date,0
http://174.197.147.47:9000/bankofamerica/signin.php?session_id=809790,1
http://t.co/DLzErVg,1
https://forbes.com/archive/2023/12/summary?ref=home&id=3180&lang=en,0
https://docs.github.com/resources/whitepapers,0
https://status.docker.com/api/v1/status,0
http://paypal.com.unlock-account-secure.ml/signin.php?user=60279,1
http://secure.session.bankofamerica-online-portal.ml/confirm.aspx,1
https://status.linuxfoundation.org/docs,0
http://auth-bankofamerica-verify-account-update-now.cf/index.html,1
http://paypal.com.login-session.cf/signin.php?user=49838,1
http://login.auth.ebay-online-portal.gq/confirm.aspx,1
http://session-amazon-claim-bonus-update-now.click/index.html,1
http://147.79.80.187/microsoft/security-alert.php?session_id=223264,1
https://docs.python.org/docs?ref=home&id=73350&lang=en,0
http://client-ebay-claim-bonus-update-now.download/index.html,1
http://center-wellsfargo-update-payment-update-now.xyz/index.html,1
http://188.201.177.122/crypto-wallet/verify-account.php?session_id=193826,1
http://verify.session.amazon-online-portal.download/confirm.aspx,1
https://medium.com/terms?ref=home&id=83578&lang=en,0
http://user-chase-confirm-identity-update-now.tk/index.html,1
https://www.docker.com/resources/whitepapers,0
https://blog.bloomberg.com/docs,0
https://api.cloudflare.com/explore/popular,0
http://verify.auth.bankofamerica-online-portal.racing/confirm.aspx,1
https://docs.shopify.com,0
https://api.chase.com/company/careers?ref=home&id=94405&lang=en,0
https://developer.mozilla.org/archive/2023/12/summary?ref=home&id=73641&lang=en,0
http://client-netflix-confirm-identity-update-now.xyz/index.html,1
http://156.81.44.240:8888/amazon/verify-account.php?session_id=470533,1
https://developer.mit.edu/articles/overview,0
https://www.w3schools.com/pricing?ref=home&id=14224&lang=en,0
https://status.forbes.com/terms,0
http://127.190.152.240/netflix/signin.php?session_id=233606,1
http://microsoft.com.recover-access-client.cf/signin.php?user=98716,1
http://t.co/QSCon1M,1
https://support.reuters.com/articles/overview,0
http://software-update-security-patch.download/setup.exe,1
https://api.wikipedia.org/explore/popular?ref=home&id=81492&lang=en,0
https://api.mit.edu/archive/2023/12/summary?ref=home&id=40552&lang=en,0
http://rb.gy/q0O1b1O,1
http://tinyurl.com/pHqHbcH,1
https://support.nature.com/api/v1/status,0
http://client-bankofamerica-login-update-now.work/index.html,1
http://amazon.com.login-auth.ml/signin.php?user=29558,1
http://t.co/avtBIn3,1
http://112.52.203.179:8080/crypto-wallet/security-alert.php?session_id=169832,1
http://verify.session.chase-online-portal.loan/confirm.aspx,1
https://blog.apache.org/archive/2023/12/summary?ref=home&id=79370&lang=en,0
https://www.google.com?ref=home&id=62835&lang=en,0
http://tinyurl.com/2GMs8Hi,1
https://nature.com/pricing,0
http://secure.session.netflix-online-portal.loan/confirm.aspx,1
http://login.portal.ebay-online-portal.loan/confirm.aspx,1
http://t.co/UyGrRm1,1
https://status.nature.com/contact,0
https://docs.bankofamerica.com/products/catalog,0
http://bankofamerica.com.confirm-identity-session.download/signin.php?user=95729,1
https://support.amazon.com/docs,0
http://110.58.226.159/bankofamerica/confirm-identity.php?session_id=330569,1
https://docs.mozilla.org/api/v1/status,0
http://billing-bankofamerica-signin-update-now.gq/index.html,1
https://amazon.com/about?ref=home&id=98215&lang=en,0
http://secure.session.bankofamerica-online-portal.top/confirm.aspx,1
https://docs.forbes.com/archive/2023/12/summary,0
http://rb.gy/qxKNEOl,1
https://www.nature.com/search?category=all&sort=date,0
http://paypa1-security-center.com/login,1
http://verify.auth.microsoft-online-portal.cf/confirm.aspx,1
https://blog.chase.com/privacy?ref=home&id=11271&lang=en,0
http://login.portal.appleid-online-portal.gq/confirm.aspx,1
http://203.253.149.222/chase/signin.php?session_id=724840,1
http://secure.portal.amazon-online-portal.racing/confirm.aspx,1
https://blog.amazon.com,0
http://account-recovery-portal.tk/reset-password,1
https://support.github.com/pricing?ref=home&id=21203&lang=en,0
http://paypal.com.security-alert-auth.click/signin.php?user=40432,1
https://docs.reuters.com/api/v1/status,0
https://docs.nasa.gov/api/v1/status,0
http://auth-chase-claim-bonus-update-now.download/index.html,1
http://211.56.120.210/bankofamerica/update-payment.php?session_id=456987,1
https://www.stripe.com/articles/overview?ref=home&id=87154&lang=en,0
https://support.chase.com/archive/2023/12/summary,0
https://developer.mozilla.org,0
https://status.mit.edu/contact,0
http://204.251.64.254:8888/netflix/claim-bonus.php?session_id=763416,1
https://api.github.com/company/careers?ref=home&id=9330&lang=en,0
https://status.bloomberg.com/explore/popular,0
https://status.github.com/blog/post/2024/01,0
http://client-chase-confirm-identity-update-now.cf/index.html,1
http://secure.portal.microsoft-online-portal.ga/confirm.aspx,1
https://api.bloomberg.com/products/catalog,0
http://login.session.paypal-online-portal.click/confirm.aspx,1
http://microsoft.com.signin-secure.top/signin.php?user=19275,1
https://blog.google.com/about?ref=home&id=78640&lang=en,0
http://billing-chase-claim-bonus-update-now.racing/index.html,1
http://center-microsoft-verify-account-update-now.ml/index.html,1
http://user-wellsfargo-claim-bonus-update-now.top/index.html,1
https://www.paypal.com,0
http://131.57.188.248/amazon/verify-account.php?session_id=116398,1
http://ebay.com.unlock-account-auth.cf/signin.php?user=84759,1
https://www.docker.com/company/careers,0
http://bit.ly/A9zdpot,1
https://www.ox.ac.uk/articles/overview?ref=home&id=49237&lang=en,0
http://fedex.parcel-delivery-fee-pending.download/pay.php,1
http://secure.session.chase-online-portal.gq/confirm.aspx,1
http://client-chase-claim-bonus-update-now.top/index.html,1
https://blog.nasa.gov/explore/popular,0
https://api.chase.com/docs,0
https://docs.nasa.gov,0
http://rb.gy/Wg6soYO,1
http://client-appleid-recover-access-update-now.ga/index.html,1
https://blog.chase.com/features,0
http://bit.ly/f2sKCPM,1
https://docs.wikipedia.org/faq,0
http://tinyurl.com/Hq9OBiU,1
https://developer.apple.com/privacy?ref=home&id=91957&lang=en,0
https://www.reuters.com/contact,0
https://developer.docker.com/archive/2023/12/summary,0
https://developer.microsoft.com/resources/whitepapers,0
http://shorturl.at/jrhyJcO,1
https://developer.cam.ac.uk/features,0
http://paypal-resolution-center-case-review-urgent.gq/webscr,1
http://verify.auth.microsoft-online-portal.ga/confirm.aspx,1
https://docs.bloomberg.com/explore/popular,0
http://111.127.232.181:9000/crypto-wallet/update-payment.php?session_id=216335,1
https://www.amazon.com/dp/B08N5WRWNW/ref=cm_sw_r_cp_api,0
https://developer.nature.com/products/catalog?ref=home&id=41404&lang=en,0
https://developer.medium.com/search?category=all&sort=date,0
http://user-bankofamerica-login-update-now.ml/index.html,1
http://112.222.8.61/bankofamerica/confirm-identity.php?session_id=846348,1
http://crypto-wallet.com.update-payment-session.cf/signin.php?user=10207,1
https://api.reuters.com/docs?ref=home&id=92248&lang=en,0
http://103.77.12.243/ebay/security-alert.php?session_id=566532,1
http://61.81.155.77/chase/confirm-identity.php?session_id=804299,1
http://213.137.158.65:9000/ebay/unlock-account.php?session_id=772101,1
http://shorturl.at/5dGJQIb,1
https://wikipedia.org,0
https://fidelity.com/help/center/guide,0
http://121.140.109.122/netflix/security-alert.php?session_id=251950,1
https://developer.cloudflare.com/explore/popular?ref=home&id=30402&lang=en,0
https://status.apple.com/blog/post/2024/01?ref=home&id=79986&lang=en,0
http://account.auth.microsoft-online-portal.loan/confirm.aspx,1
https://blog.stackoverflow.com/pricing,0
http://crypto-wallet.com.unlock-account-user.racing/signin.php?user=24721,1
https://api.bloomberg.com/help/center/guide?ref=home&id=4617&lang=en,0
https://support.mozilla.org/articles/overview?ref=home&id=71798&lang=en,0
https://status.cloudflare.com/terms,0
https://docs.amazon.com/blog/post/2024/01?ref=home&id=22012&lang=en,0
http://verify.portal.chase-online-portal.racing/confirm.aspx,1
http://t.co/GcSc4Ht,1
http://chase.com.verify-account-client.click/signin.php?user=72064,1
https://blog.stackoverflow.com/products/catalog,0
https://developer.w3schools.com/search?category=all&sort=date?ref=home&id=25530&lang=en,0
https://docs.nih.gov/features,0
https://status.ox.ac.uk/docs,0
https://developer.apache.org/docs?ref=home&id=93973&lang=en,0
https://blog.stackoverflow.com/products/catalog,0
https://www.microsoft.com/en-us/windows,0
https://developer.nih.gov/articles/overview,0
https://developer.stackoverflow.com/explore/popular?ref=home&id=14965&lang=en,0
http://secure-portal.com//login//verify//account//update,1
https://status.github.com/terms,0
https://docs.mit.edu/contact,0
http://amazon.com.verify-account-billing.top/signin.php?user=71352,1
https://www.nasa.gov/terms,0
http://client-bankofamerica-verify-account-update-now.top/index.html,1
https://shopify.com/help/center/guide,0
http://account.auth.netflix-online-portal.work/confirm.aspx,1
https://status.nih.gov/pricing,0
https://status.mozilla.org/resources/whitepapers,0
http://login.session.chase-online-portal.cf/confirm.aspx,1
http://crypto-wallet.com.update-payment-session.gq/signin.php?user=85552,1
https://api.microsoft.com/archive/2023/12/summary,0
http://chase.com.signin-secure.click/signin.php?user=18853,1
https://docs.stanford.edu/about,0
https://api.amazon.com/search?category=all&sort=date,0
https://news.ycombinator.com/item?id=38472910,0
http://tinyurl.com/FzVtCGE,1
https://api.wikipedia.org/privacy,0
https://support.reuters.com/explore/popular,0
https://api.microsoft.com/api/v1/status,0
http://144.164.235.70/bankofamerica/verify-account.php?session_id=844747,1
http://t.co/SpcRIHE,1
http://crypto-wallet.com.claim-bonus-user.ga/signin.php?user=91381,1
http://login.portal.amazon-online-portal.top/confirm.aspx,1
http://134.209.94.5/amazon/security-alert.php?session_id=230804,1
http://billing-amazon-unlock-account-update-now.cf/index.html,1
http://177.8.229.214/microsoft/signin.php?session_id=952262,1
http://session-amazon-claim-bonus-update-now.xyz/index.html,1
https://api.wikipedia.org,0
http://tinyurl.com/fVSvZpO,1
http://rb.gy/hiqBokQ,1
http://amazon.com.update-payment-auth.racing/signin.php?user=59559,1
https://support.cloudflare.com/features?ref=home&id=79579&lang=en,0
https://developer.google.com/api/v1/status,0
http://141.113.134.169:9000/chase/signin.php?session_id=828799,1
https://developer.wikipedia.org/docs?ref=home&id=51140&lang=en,0
https://developer.cloudflare.com/products/catalog,0
https://docker.com/about,0
http://login.portal.amazon-online-portal.top/confirm.aspx,1
http://ebay.com.unlock-account-user.ga/signin.php?user=60785,1
https://www.bankofamerica.com/help/center/guide,0
http://center-microsoft-recover-access-update-now.loan/index.html,1
https://support.chase.com/pricing,0
http://billing-ebay-verify-account-update-now.cf/index.html,1
https://www.fidelity.com/terms?ref=home&id=96448&lang=en,0
https://docs.cam.ac.uk/contact,0
http://45.33.32.156:8088/wellsfargo/auth-confirm.php,1
http://rb.gy/YxTbqKj,1
http://40.221.239.251/appleid/verify-account.php?session_id=509573,1
https://docs.forbes.com/blog/post/2024/01,0
https://blog.amazon.com/privacy?ref=home&id=65752&lang=en,0
https://blog.linuxfoundation.org/faq,0
https://www.google.com,0
http://microsoft.com.confirm-identity-user.gq/signin.php?user=57775,1
https://developer.nasa.gov/faq,0
http://rb.gy/oX4unT6,1
https://docs.wikipedia.org/blog/post/2024/01,0
http://rb.gy/9zvZA8u,1
http://128.231.106.181/crypto-wallet/unlock-account.php?session_id=313442,1
http://134.53.73.242/crypto-wallet/confirm-identity.php?session_id=646196,1
http://100.189.106.223/netflix/confirm-identity.php?session_id=177101,1
http://ebay.com.confirm-identity-auth.cf/signin.php?user=39437,1
https://blog.cam.ac.uk/about?ref=home&id=57948&lang=en,0
http://tinyurl.com/EQphr9e,1
https://api.reuters.com/articles/overview,0
http://bankofamerica.com.login-portal.gq/signin.php?user=89996,1
http://portal-paypal-security-alert-update-now.work/index.html,1
http://56.223.126.18/netflix/login.php?session_id=248407,1
https://cloudflare.com/help/center/guide,0
http://rb.gy/ikKurfw,1
http://user-microsoft-unlock-account-update-now.tk/index.html,1
http://center-bankofamerica-verify-account-update-now.download/index.html,1
http://secure-appleid-claim-bonus-update-now.work/index.html,1
http://crypto-wallet.com.confirm-identity-portal.loan/signin.php?user=43419,1
https://developer.mit.edu/terms,0
http://t.co/nAaETSq,1
http://login.auth.wellsfargo-online-portal.gq/confirm.aspx,1
https://microsoft.com/faq?ref=home&id=12401&lang=en,0
http://109.235.128.170/wellsfargo/security-alert.php?session_id=845859,1
http://verify.auth.amazon-online-portal.tk/confirm.aspx,1
http://ebay.com.unlock-account-user.racing/signin.php?user=87251,1
http://user-chase-login-update-now.loan/index.html,1
http://rb.gy/KiqrtfA,1
https://support.bloomberg.com/about,0
http://login.portal.chase-online-portal.ga/confirm.aspx,1
http://tinyurl.com/J0n2PvD,1
http://is.gd/LAj7DVA,1
https://blog.ox.ac.uk/about,0
http://146.242.127.78/netflix/update-payment.php?session_id=119011,1
https://wikipedia.org/articles/overview,0
https://api.stackoverflow.com/pricing?ref=home&id=45939&lang=en,0
http://session-bankofamerica-recover-access-update-now.xyz/index.html,1
http://verify.portal.appleid-online-portal.cf/confirm.aspx,1
https://www.shopify.com,0
https://ox.ac.uk/pricing,0
https://developer.fidelity.com/articles/overview,0
https://status.wikipedia.org/blog/post/2024/01,0
https://status.nasa.gov,0
https://support.google.com/features?ref=home&id=8925&lang=en,0
http://chase.com.signin-portal.racing/signin.php?user=68903,1
http://bit.ly/u3dFBPu,1
https://developer.stripe.com/help/center/guide?ref=home&id=49393&lang=en,0
http://shorturl.at/vyISh33,1
https://status.shopify.com/about?ref=home&id=77888&lang=en,0
https://developer.stackoverflow.com/search?category=all&sort=date,0
https://api.shopify.com/explore/popular?ref=home&id=87742&lang=en,0
https://api.google.com/articles/overview,0
http://tinyurl.com/E3RYfNc,1
https://blog.stanford.edu/about,0
http://secure.session.appleid-online-portal.work/confirm.aspx,1
http://secure.portal.appleid-online-portal.work/confirm.aspx,1
http://verify.portal.ebay-online-portal.tk/confirm.aspx,1
https://developer.bloomberg.com/terms,0
https://blog.docker.com?ref=home&id=13987&lang=en,0
http://verify.session.paypal-online-portal.ml/confirm.aspx,1
https://support.python.org/terms,0
https://www.apache.org/company/careers,0
http://crypto-wallet.com.confirm-identity-billing.xyz/signin.php?user=96386,1
http://amazon.com.update-payment-billing.top/signin.php?user=67424,1
https://support.python.org/api/v1/status,0
http://62.110.101.46/crypto-wallet/unlock-account.php?session_id=427617,1
https://blog.google.com/archive/2023/12/summary?ref=home&id=10305&lang=en,0
http://center-netflix-update-payment-update-now.xyz/index.html,1
https://nih.gov/search?category=all&sort=date,0
http://is.gd/wkVRaC6,1
http://74.193.22.76/microsoft/claim-bonus.php?session_id=712328,1
http://user-appleid-security-alert-update-now.racing/index.html,1
http://account.portal.crypto-wallet-online-portal.gq/confirm.aspx,1
http://verify.session.ebay-online-portal.loan/confirm.aspx,1
https://docs.nih.gov/archive/2023/12/summary?ref=home&id=10514&lang=en,0
http://81.238.238.84:8888/bankofamerica/security-alert.php?session_id=798281,1
http://rb.gy/vAM25lx,1
http://bit.ly/zo2q7Pp,1
https://blog.nasa.gov/products/catalog,0
http://account.auth.bankofamerica-online-portal.xyz/confirm.aspx,1
https://status.mit.edu/explore/popular,0
http://login.auth.wellsfargo-online-portal.click/confirm.aspx,1
http://amazon.com.signin-client.cf/signin.php?user=11170,1
https://support.ox.ac.uk/resources/whitepapers?ref=home&id=33311&lang=en,0
https://bankofamerica.com/privacy,0
http://center-netflix-signin-update-now.ga/index.html,1
https://api.cloudflare.com/contact,0
http://169.197.200.84:8088/bankofamerica/unlock-account.php?session_id=630647,1
http://instagram.com.copyright-infringement-appeal.xyz/verify,1
https://support.medium.com/pricing,0
http://tinyurl.com/Ayc5jJ8,1
https://support.stripe.com/contact,0
https://docs.stripe.com/pricing,0
http://login.auth.chase-online-portal.gq/confirm.aspx,1
http://is.gd/ulA3QMr,1
https://support.mit.edu/search?category=all&sort=date,0
https://status.apple.com/explore/popular?ref=home&id=55238&lang=en,0
http://account.session.amazon-online-portal.racing/confirm.aspx,1
https://blog.nature.com/articles/overview,0
https://docs.docker.com/pricing,0
https://medium.com/@author/how-transformers-work-in-deep-learning,0
http://bankofamerica.com.security-alert-session.download/signin.php?user=31048,1
https://status.w3schools.com/help/center/guide,0
https://support.docker.com/products/catalog,0
https://blog.microsoft.com/blog/post/2024/01,0
https://www.nist.gov/cyberframework,0
http://session-amazon-unlock-account-update-now.ml/index.html,1
http://netflix.com.recover-access-billing.racing/signin.php?user=78632,1
https://www.walmart.com/ip/Wireless-Bluetooth-Headphones/987654321,0
http://rb.gy/hiHSfQ2,1
https://blog.microsoft.com/explore/popular,0
http://bit.ly/6WFqOt3,1
http://banking-auth-token-generator.loan/verify,1
https://developer.apache.org/faq?ref=home&id=48242&lang=en,0
http://center-amazon-security-alert-update-now.gq/index.html,1
https://docs.forbes.com/contact,0
https://support.cloudflare.com/help/center/guide?ref=home&id=38752&lang=en,0
http://account.portal.paypal-online-portal.ga/confirm.aspx,1
https://docs.medium.com/pricing?ref=home&id=97680&lang=en,0
https://docs.mozilla.org/api/v1/status?ref=home&id=19322&lang=en,0
http://account.session.amazon-online-portal.loan/confirm.aspx,1
https://shopify.com/blog/post/2024/01,0
https://www.microsoft.com/blog/post/2024/01,0
https://linuxfoundation.org/archive/2023/12/summary?ref=home&id=50572&lang=en,0
https://www.cam.ac.uk/terms,0
http://tinyurl.com/RDrcjDN,1
http://account.auth.microsoft-online-portal.ml/confirm.aspx,1
http://login.auth.wellsfargo-online-portal.loan/confirm.aspx,1
https://support.amazon.com/help/center/guide,0
http://secure-chase-signin-update-now.ml/index.html,1
https://developer.cloudflare.com/docs?ref=home&id=69202&lang=en,0
http://ebay.com.security-alert-center.ml/signin.php?user=59049,1
https://status.nature.com/explore/popular,0
https://developer.stanford.edu/search?category=all&sort=date,0
https://www.shopify.com/products/catalog?ref=home&id=66799&lang=en,0
http://is.gd/B29c8dX,1
https://www.stackoverflow.com/archive/2023/12/summary,0
http://194.87.139.29/amazon-order-confirmation/verify.php,1
http://account.portal.appleid-online-portal.top/confirm.aspx,1
http://billing-microsoft-confirm-identity-update-now.racing/index.html,1
https://status.chase.com/api/v1/status,0
https://api.forbes.com/help/center/guide?ref=home&id=10862&lang=en,0
http://179.179.229.29/crypto-wallet/unlock-account.php?session_id=375831,1
http://auth-netflix-confirm-identity-update-now.ml/index.html,1
https://www.forbes.com/api/v1/status?ref=home&id=34082&lang=en,0
http://secure-bankofamerica-confirm-identity-update-now.download/index.html,1
https://blog.microsoft.com/help/center/guide,0
https://docs.github.com/blog/post/2024/01,0
https://developer.ox.ac.uk/features?ref=home&id=64464&lang=en,0
https://www.nih.gov/contact?ref=home&id=87761&lang=en,0
http://netflix.com.claim-bonus-secure.download/signin.php?user=42550,1
https://support.apache.org/api/v1/status,0
http://secure.portal.chase-online-portal.work/confirm.aspx,1
https://status.nasa.gov/contact,0
http://user-microsoft-claim-bonus-update-now.racing/index.html,1
http://session-paypal-update-payment-update-now.click/index.html,1
http://124.105.230.190/ebay/signin.php?session_id=912709,1
http://tinyurl.com/pEugPQV,1
https://docs.stackoverflow.com/search?category=all&sort=date?ref=home&id=28964&lang=en,0
http://appleid.com.unlock-account-portal.download/signin.php?user=91087,1
http://ebay.com.signin-center.cf/signin.php?user=57663,1
http://center-appleid-confirm-identity-update-now.racing/index.html,1
http://is.gd/dyY8LeQ,1
http://shorturl.at/5dpcUBx,1
https://status.mit.edu/help/center/guide,0
https://www.stanford.edu/pricing,0
http://login.session.amazon-online-portal.ga/confirm.aspx,1
http://ebay.com.confirm-identity-client.cf/signin.php?user=29116,1
https://docs.amazon.com/resources/whitepapers,0
http://t.co/0n0rkHe,1
http://netflix.com.signin-user.cf/signin.php?user=97537,1
https://status.google.com/api/v1/status,0
http://auth-paypal-verify-account-update-now.ml/index.html,1
https://support.shopify.com/search?category=all&sort=date?ref=home&id=40722&lang=en,0
https://api.apache.org/archive/2023/12/summary?ref=home&id=68045&lang=en,0
http://verify.session.amazon-online-portal.click/confirm.aspx,1
https://status.w3schools.com/products/catalog,0
https://www.apache.org/features,0
http://center-chase-login-update-now.work/index.html,1
http://200.181.133.221:9000/appleid/unlock-account.php?session_id=380951,1
https://cloudflare.com/articles/overview?ref=home&id=53198&lang=en,0
https://www.target.com/p/apple-airpods-pro-2nd-generation,0
http://rb.gy/DtGG207,1
http://microsoft.com.verify-account-billing.click/signin.php?user=52335,1
https://api.mozilla.org/help/center/guide,0
http://client-crypto-wallet-security-alert-update-now.ml/index.html,1
http://portal-ebay-security-alert-update-now.work/index.html,1
https://www.fidelity.com/resources/whitepapers?ref=home&id=9854&lang=en,0
https://docs.fidelity.com/privacy,0
https://developer.chase.com/products/catalog,0
http://201.246.172.25/netflix/login.php?session_id=105490,1
https://status.shopify.com/faq,0
https://blog.microsoft.com/company/careers,0
http://is.gd/TA7Xrc5,1
https://www.nasa.gov/missions,0
http://129.110.241.239/microsoft/signin.php?session_id=408137,1
http://account.session.paypal-online-portal.racing/confirm.aspx,1
https://blog.mozilla.org/blog/post/2024/01,0
http://session-chase-recover-access-update-now.loan/index.html,1
http://crypto-wallet.com.login-secure.ml/signin.php?user=81089,1
http://shorturl.at/7GQ6BVS,1
http://dhl.tracking-package-delivery-update.loan/confirm,1
http://secure-amazon-login-update-now.tk/index.html,1
http://194.67.224.173/chase/confirm-identity.php?session_id=106131,1
http://customer-service-billing-suspension-warning.ga/restore,1
https://status.google.com/products/catalog?ref=home&id=9371&lang=en,0
https://developer.ox.ac.uk/products/catalog,0
https://docs.bloomberg.com/explore/popular,0
http://client-wellsfargo-security-alert-update-now.ga/index.html,1
https://en.wikipedia.org/wiki/Logistic_regression,0
https://support.medium.com/features,0
https://blog.linuxfoundation.org/api/v1/status?ref=home&id=50692&lang=en,0
https://status.docker.com/api/v1/status,0
http://paypal.com.signin-secure.ml/signin.php?user=75291,1
http://48.252.73.153:8888/paypal/claim-bonus.php?session_id=106887,1
http://99.227.56.207/appleid/verify-account.php?session_id=625986,1
http://bit.ly/tzuxZhm,1
http://paypal.com.verify-account-user.ml/signin.php?user=25826,1
https://api.github.com/terms,0
https://api.apache.org/terms?ref=home&id=5877&lang=en,0
https://docs.fidelity.com/contact?ref=home&id=90922&lang=en,0
http://t.co/pAk7Ovy,1
https://docs.cam.ac.uk/archive/2023/12/summary?ref=home&id=18499&lang=en,0
http://center-microsoft-signin-update-now.tk/index.html,1
https://nature.com/help/center/guide,0
http://amazon.com.signin-client.ga/signin.php?user=37769,1
http://is.gd/r8a5DL0,1
http://rb.gy/ikqA4wr,1
http://netflix.com.claim-bonus-secure.download/signin.php?user=51542,1
https://support.chase.com/help/center/guide,0
https://api.fidelity.com/features,0
https://www.fidelity.com,0
http://client-chase-signin-update-now.download/index.html,1
http://bit.ly/lKSmCpQ,1
http://tinyurl.com/2Syz6Ow,1
https://status.python.org/explore/popular,0
http://account.auth.microsoft-online-portal.ga/confirm.aspx,1
https://ox.ac.uk/terms,0
https://hub.docker.com/_/python,0
https://blog.google.com/docs,0
https://www.nasa.gov/about,0
http://85.220.125.187/bankofamerica/security-alert.php?session_id=791274,1
http://verify.session.amazon-online-portal.ml/confirm.aspx,1
https://api.wikipedia.org/articles/overview?ref=home&id=29221&lang=en,0
https://developer.cam.ac.uk?ref=home&id=77550&lang=en,0
http://is.gd/oftzjaG,1
http://microsoft.com.claim-bonus-center.tk/signin.php?user=67541,1
https://support.nature.com,0
https://www.aliexpress.com/item/1005003456789012.html,0
https://wikipedia.org/archive/2023/12/summary,0
http://center-microsoft-login-update-now.tk/index.html,1
http://72.187.61.170:9000/amazon/signin.php?session_id=208013,1
http://ebay.com.verify-account-client.top/signin.php?user=69177,1
https://docs.mit.edu/search?category=all&sort=date,0
http://account.portal.wellsfargo-online-portal.tk/confirm.aspx,1
https://support.google.com/features,0
http://63.47.187.23/appleid/recover-access.php?session_id=121084,1
http://paypal.com.security-alert-client.ml/signin.php?user=81197,1
https://bankofamerica.com/help/center/guide?ref=home&id=65282&lang=en,0
https://cam.ac.uk/pricing,0
https://docs.cloudflare.com/about,0
https://developer.forbes.com/articles/overview,0
http://secure-crypto-wallet-login-update-now.tk/index.html,1
https://bloomberg.com/about,0
https://docs.stackoverflow.com/blog/post/2024/01,0
http://secure.session.crypto-wallet-online-portal.ga/confirm.aspx,1
http://crypto-wallet.com.verify-account-center.cf/signin.php?user=46849,1
https://pypi.org/project/scikit-learn/,0
http://user-netflix-verify-account-update-now.ga/index.html,1
http://chase.com.recover-access-center.tk/signin.php?user=40815,1
http://netflix.com.unlock-account-portal.ml/signin.php?user=81641,1
https://www.cam.ac.uk/docs?ref=home&id=78430&lang=en,0
http://secure.portal.paypal-online-portal.ml/confirm.aspx,1
https://status.nasa.gov/faq?ref=home&id=94204&lang=en,0
https://www.amazon.com/articles/overview,0
http://158.222.210.167/bankofamerica/security-alert.php?session_id=566740,1
https://docs.bloomberg.com/explore/popular,0
http://crypto-wallet.com.confirm-identity-user.ga/signin.php?user=67981,1
https://developer.cloudflare.com/resources/whitepapers?ref=home&id=15184&lang=en,0
http://shorturl.at/U3jmDPq,1
http://client-appleid-recover-access-update-now.racing/index.html,1
http://ebay.com.confirm-identity-billing.tk/signin.php?user=10131,1
https://blog.medium.com/company/careers,0
https://developer.reuters.com/company/careers?ref=home&id=30110&lang=en,0
http://tinyurl.com/jFFdqgO,1
https://docs.reuters.com/privacy,0
https://status.stackoverflow.com,0
https://apache.org/api/v1/status?ref=home&id=49331&lang=en,0
http://rb.gy/NI1Ynhf,1
https://fidelity.com/terms?ref=home&id=75963&lang=en,0
http://shorturl.at/IXSuV2F,1
http://rb.gy/BhGJO8t,1
http://account.portal.microsoft-online-portal.top/confirm.aspx,1
https://api.fidelity.com/privacy,0
https://support.medium.com/contact,0
https://api.nih.gov/faq?ref=home&id=49566&lang=en,0
https://api.linuxfoundation.org/blog/post/2024/01,0
https://support.python.org/faq?ref=home&id=95540&lang=en,0
https://docs.docker.com/about,0
http://122.177.145.154/bankofamerica/login.php?session_id=319387,1
http://177.6.133.132/appleid/update-payment.php?session_id=220364,1
https://developer.bankofamerica.com/pricing?ref=home&id=34550&lang=en,0
https://www.microsoft.com/features?ref=home&id=28686&lang=en,0
https://developer.apple.com/faq?ref=home&id=11357&lang=en,0
https://w3schools.com/articles/overview?ref=home&id=74659&lang=en,0
https://status.apple.com/resources/whitepapers,0
https://status.bankofamerica.com/docs,0
https://www.linuxfoundation.org/contact,0
http://87.37.210.191/netflix/verify-account.php?session_id=833613,1
http://login.portal.netflix-online-portal.xyz/confirm.aspx,1
http://43.106.26.135/chase/unlock-account.php?session_id=860480,1
https://api.wikipedia.org/resources/whitepapers,0
https://open.spotify.com/playlist/37i9dQZF1DXcBWIGoYBM5M,0
http://secure.auth.appleid-online-portal.ml/confirm.aspx,1
https://blog.stackoverflow.com/blog/post/2024/01,0
https://developer.bankofamerica.com/explore/popular?ref=home&id=91242&lang=en,0
https://api.apache.org/faq,0
https://www.bbc.com/news/technology-67543210,0
http://95.73.212.152/chase/login.php?session_id=105337,1
http://77.183.109.213:9000/bankofamerica/signin.php?session_id=236381,1
https://support.apple.com/help/center/guide,0
https://www.apple.com/explore/popular,0
https://www.stackoverflow.com/about?ref=home&id=94531&lang=en,0
https://docs.shopify.com,0
http://paypal.com.recover-access-secure.download/signin.php?user=57212,1
https://www.medium.com/help/center/guide,0
https://api.stackoverflow.com/blog/post/2024/01?ref=home&id=3733&lang=en,0
http://rb.gy/WQIAvbw,1
http://user-netflix-unlock-account-update-now.tk/index.html,1
https://support.mozilla.org/terms?ref=home&id=56027&lang=en,0
http://netflix.com.signin-client.gq/signin.php?user=36986,1
https://blog.bankofamerica.com/contact,0
https://www.forbes.com/contact,0
https://developer.nih.gov/blog/post/2024/01?ref=home&id=92133&lang=en,0
https://status.mit.edu/articles/overview,0
http://session-chase-unlock-account-update-now.xyz/index.html,1
http://appleid.com.login-portal.ga/signin.php?user=48554,1
https://www.vanguard.com,0
https://blog.mit.edu/resources/whitepapers,0
https://api.stackoverflow.com/articles/overview,0
https://www.twitch.tv/directory,0
https://status.mit.edu/api/v1/status,0
https://reuters.com/search?category=all&sort=date,0
https://www.ox.ac.uk/blog/post/2024/01,0
https://developer.cloudflare.com/privacy,0
http://is.gd/nvDW2o5,1
http://verify.auth.chase-online-portal.loan/confirm.aspx,1
https://api.apple.com/terms,0
https://api.stanford.edu/explore/popular,0
http://214.100.62.54/crypto-wallet/signin.php?session_id=694438,1
http://wellsfargo.com.update-payment-auth.gq/signin.php?user=46261,1
http://170.110.165.14/amazon/signin.php?session_id=394184,1
https://www.github.com/docs?ref=home&id=24597&lang=en,0
http://chase.com.recover-access-auth.top/signin.php?user=69547,1
https://status.mit.edu/contact,0
http://65.186.60.137:8088/bankofamerica/update-payment.php?session_id=697717,1
http://chase.com.update-payment-portal.tk/signin.php?user=14677,1
https://developer.medium.com/docs,0
https://blog.cam.ac.uk/help/center/guide,0
https://www.shopify.com/company/careers?ref=home&id=10742&lang=en,0
http://portal-ebay-unlock-account-update-now.download/index.html,1
http://shorturl.at/UJfAWju,1
https://api.github.com/archive/2023/12/summary?ref=home&id=71268&lang=en,0
https://nature.com/api/v1/status,0
http://198.59.31.144/netflix/unlock-account.php?session_id=456855,1
http://amazon.com.confirm-identity-center.tk/signin.php?user=90540,1
https://blog.microsoft.com/blog/post/2024/01,0
https://status.reuters.com/features,0
https://python.org/company/careers?ref=home&id=58340&lang=en,0
https://kubernetes.io/docs/concepts/overview/,0
https://twitter.com/OpenAI/status/1725585641234567890,0
http://47.123.111.207/paypal/recover-access.php?session_id=359159,1
http://free-bonus-reward-crypto-claim-now.top/wallet,1
http://account.session.crypto-wallet-online-portal.tk/confirm.aspx,1
http://shorturl.at/qdEnNcB,1
http://chase.com.security-alert-billing.xyz/signin.php?user=50645,1
https://developer.mit.edu/terms?ref=home&id=18984&lang=en,0
https://www.instagram.com/p/Cx123456789/,0
https://api.chase.com/search?category=all&sort=date,0
http://account.session.crypto-wallet-online-portal.xyz/confirm.aspx,1
http://53.43.119.103/microsoft/security-alert.php?session_id=888977,1
http://microsoft.com.security-alert-portal.racing/signin.php?user=25720,1
http://193.159.113.196/chase/unlock-account.php?session_id=189689,1
https://status.apache.org/privacy,0
https://www.nature.com/privacy,0
https://chase.com/resources/whitepapers?ref=home&id=73487&lang=en,0
http://login.auth.wellsfargo-online-portal.ml/confirm.aspx,1
http://wellsfargo.com.security-alert-billing.loan/signin.php?user=11090,1
http://tinyurl.com/syKGEAQ,1
http://rb.gy/ALeId5D,1
https://developer.bloomberg.com/pricing?ref=home&id=70003&lang=en,0
http://is.gd/CREtj8b,1
https://api.mozilla.org/about?ref=home&id=62993&lang=en,0
http://chase.com.claim-bonus-session.loan/signin.php?user=54657,1
https://support.amazon.com/explore/popular,0
https://docs.mit.edu/pricing?ref=home&id=98481&lang=en,0
http://192.91.249.122/crypto-wallet/login.php?session_id=359533,1
http://ebay.com.unlock-account-session.racing/signin.php?user=41276,1
https://status.bloomberg.com/archive/2023/12/summary,0
http://auth-amazon-claim-bonus-update-now.tk/index.html,1
http://is.gd/E9KZrTT,1
http://wellsfargo.com.unlock-account-billing.loan/signin.php?user=82719,1
http://auth-ebay-verify-account-update-now.tk/index.html,1
https://support.nih.gov/search?category=all&sort=date?ref=home&id=67507&lang=en,0
http://billing-appleid-update-payment-update-now.cf/index.html,1
http://chase.com.recover-access-user.ga/signin.php?user=11965,1
http://t.co/NpUGWiA,1
http://client-bankofamerica-verify-account-update-now.tk/index.html,1
https://www.mozilla.org/features,0
https://www.forbes.com,0
http://netflix.com.security-alert-center.cf/signin.php?user=27067,1
http://secure-chase-confirm-identity-update-now.racing/index.html,1
http://paypal.com.claim-bonus-client.top/signin.php?user=65369,1
https://blog.nature.com/api/v1/status,0
http://session-appleid-unlock-account-update-now.click/index.html,1
https://support.linuxfoundation.org/archive/2023/12/summary?ref=home&id=75299&lang=en,0
https://status.mit.edu/articles/overview,0
https://github.com/docs?ref=home&id=75162&lang=en,0
https://support.mit.edu/api/v1/status?ref=home&id=99548&lang=en,0
http://login.session.paypal-online-portal.work/confirm.aspx,1
https://docs.linuxfoundation.org/pricing?ref=home&id=71292&lang=en,0
http://amaz0n-support-team.com/verify-order,1
http://login.session.ebay-online-portal.gq/confirm.aspx,1
https://api.bloomberg.com/archive/2023/12/summary,0
https://developer.ox.ac.uk/blog/post/2024/01?ref=home&id=94603&lang=en,0
https://support.docker.com/privacy?ref=home&id=66973&lang=en,0
http://rb.gy/t9YaeRG,1
http://billing-amazon-login-update-now.click/index.html,1
https://www.bankofamerica.com,0
http://tinyurl.com/DbkjR7D,1
https://support.apache.org/api/v1/status?ref=home&id=23898&lang=en,0
https://online.stanford.edu/courses/cs229-machine-learning,0
https://status.fidelity.com/contact,0
https://developer.mit.edu/resources/whitepapers,0
https://www.etsy.com/listing/123456789/handmade-leather-wallet,0
http://auth-amazon-login-update-now.ga/index.html,1
https://mozilla.org/search?category=all&sort=date,0
https://docs.bankofamerica.com/help/center/guide,0
https://status.nasa.gov/terms,0
http://account.auth.wellsfargo-online-portal.work/confirm.aspx,1
https://support.ox.ac.uk/contact,0
http://secure-netflix-signin-update-now.ga/index.html,1
https://api.linuxfoundation.org/archive/2023/12/summary,0
http://client-bankofamerica-verify-account-update-now.work/index.html,1
http://wellsfargo.com.verify-account-user.download/signin.php?user=73193,1
http://chase.com.security-alert-client.ml/signin.php?user=49103,1
https://nature.com/features,0
http://wellsfargo.com.update-payment-user.top/signin.php?user=95591,1
http://microsoft.com.recover-access-center.cf/signin.php?user=95527,1
http://tinyurl.com/BwGKGyq,1
http://netflix.com.confirm-identity-portal.racing/signin.php?user=42077,1
http://bit.ly/E5LlEiV,1
http://auth-microsoft-security-alert-update-now.work/index.html,1
https://www.shopify.com/terms,0
https://support.ox.ac.uk/features,0
http://173.25.64.53:9000/chase/unlock-account.php?session_id=509693,1
http://99.52.176.96:8080/appleid/signin.php?session_id=354854,1
https://developer.ox.ac.uk/faq?ref=home&id=16726&lang=en,0
http://185.21.33.201:9000/ebay/security-alert.php?session_id=341773,1
https://blog.stripe.com/api/v1/status,0
https://www.shopify.com/archive/2023/12/summary,0
https://status.bankofamerica.com/privacy?ref=home&id=38601&lang=en,0
https://developer.stackoverflow.com/company/careers,0
https://status.forbes.com/blog/post/2024/01,0
https://developer.apple.com/faq,0
https://www.mit.edu/articles/overview?ref=home&id=13387&lang=en,0
http://secure-amazon-security-alert-update-now.ga/index.html,1
https://docs.amazon.com/articles/overview?ref=home&id=50212&lang=en,0
http://secure.auth.paypal-online-portal.top/confirm.aspx,1
https://blog.medium.com/explore/popular,0
http://168.5.30.190/microsoft/verify-account.php?session_id=983855,1
http://t.co/Oapvr1P,1
http://crypto-wallet.com.recover-access-secure.tk/signin.php?user=36099,1
http://109.106.23.128/netflix/recover-access.php?session_id=417329,1
http://paypal.com.verify-account-center.tk/signin.php?user=95626,1
http://login.session.wellsfargo-online-portal.download/confirm.aspx,1
http://111.231.136.157/appleid/confirm-identity.php?session_id=315098,1
https://docs.mozilla.org/api/v1/status,0
http://wellsfargo.com.security-alert-auth.download/signin.php?user=21892,1
http://171.243.233.173:8888/wellsfargo/login.php?session_id=587957,1
https://support.medium.com/docs,0
https://slack.com,0
http://paypal.com.recover-access-portal.racing/signin.php?user=72469,1
https://developer.linuxfoundation.org/api/v1/status,0
http://71.77.104.124/appleid/update-payment.php?session_id=673276,1
https://developer.chase.com/blog/post/2024/01,0
https://status.reuters.com/search?category=all&sort=date?ref=home&id=86914&lang=en,0
https://api.chase.com/blog/post/2024/01,0
http://verify.portal.wellsfargo-online-portal.click/confirm.aspx,1
http://netflix.com.unlock-account-secure.top/signin.php?user=92700,1
https://docs.microsoft.com/contact?ref=home&id=34018&lang=en,0
http://bankofamerica.com.signin-session.cf/signin.php?user=14212,1
https://blog.google.com/company/careers,0
https://www.nature.com/privacy,0
http://user-microsoft-update-payment-update-now.click/index.html,1
https://docs.python.org/faq,0
https://docs.nasa.gov/contact,0
http://billing-bankofamerica-login-update-now.download/index.html,1
https://developer.wikipedia.org/company/careers?ref=home&id=76008&lang=en,0
https://blog.bankofamerica.com/pricing,0
http://59.93.155.200:8088/wellsfargo/login.php?session_id=667875,1
https://status.reuters.com/articles/overview,0
http://t.co/URTSKYF,1
https://blog.fidelity.com/pricing,0
http://141.242.215.186:8080/appleid/update-payment.php?session_id=647312,1
http://session-wellsfargo-recover-access-update-now.xyz/index.html,1
http://account.auth.microsoft-online-portal.racing/confirm.aspx,1
http://user-microsoft-unlock-account-update-now.loan/index.html,1
https://api.mozilla.org/archive/2023/12/summary,0
https://www.mozilla.org/contact,0
http://171.182.241.198/microsoft/unlock-account.php?session_id=985049,1
http://bit.ly/hv1zJJ3,1
http://is.gd/S3V0Ivw,1
http://microsoft.com.confirm-identity-portal.top/signin.php?user=20031,1
https://docs.mozilla.org/about,0
https://blog.nature.com/pricing?ref=home&id=70604&lang=en,0
https://developer.linuxfoundation.org/docs,0
https://developer.reuters.com/features,0
https://www.nih.gov/blog/post/2024/01,0
https://www.mozilla.org/archive/2023/12/summary,0
http://155.146.209.55:8088/appleid/update-payment.php?session_id=948485,1
http://195.194.229.87/amazon/update-payment.php?session_id=457506,1
http://chase.com.update-payment-portal.tk/signin.php?user=84603,1
https://api.cam.ac.uk/help/center/guide,0
http://rb.gy/w2jrHoG,1
https://status.nature.com/products/catalog?ref=home&id=19249&lang=en,0
http://75.27.83.221:8088/bankofamerica/update-payment.php?session_id=859282,1
https://stanford.edu/articles/overview,0
http://58.46.182.198/microsoft/security-alert.php?session_id=368463,1
https://status.chase.com/search?category=all&sort=date,0
https://developer.medium.com/articles/overview,0
http://bit.ly/uINamrW,1
http://secure.auth.chase-online-portal.ga/confirm.aspx,1
https://developer.apache.org/explore/popular,0
http://t.co/1L1jGBY,1
http://ebay.com.security-alert-center.ga/signin.php?user=97340,1
https://status.docker.com/faq,0
https://status.shopify.com/features?ref=home&id=61846&lang=en,0
https://support.apple.com/explore/popular,0
http://shorturl.at/bDvCkVL,1
https://support.apache.org/products/catalog,0
http://is.gd/zMH8xvY,1
http://appleid.com.login-client.loan/signin.php?user=24114,1
https://blog.github.com/api/v1/status,0
http://90.114.93.135/netflix/login.php?session_id=444406,1
https://status.nature.com/faq?ref=home&id=94872&lang=en,0
https://blog.forbes.com/resources/whitepapers?ref=home&id=58125&lang=en,0
http://85.114.60.68/chase/recover-access.php?session_id=408824,1
http://crypto-wallet.com.signin-client.racing/signin.php?user=15723,1
http://client-amazon-login-update-now.tk/index.html,1
http://account.portal.crypto-wallet-online-portal.cf/confirm.aspx,1
http://bankofamerica.secure-session-id982.work/login.aspx,1
https://api.forbes.com/blog/post/2024/01?ref=home&id=87057&lang=en,0
http://verify.session.ebay-online-portal.top/confirm.aspx,1
https://google.com/products/catalog?ref=home&id=50834&lang=en,0
http://shorturl.at/oBNnTvN,1
https://status.github.com/resources/whitepapers,0
http://ebay.com.verify-account-billing.ga/signin.php?user=39300,1
https://developer.wikipedia.org/help/center/guide,0
https://developer.linuxfoundation.org/archive/2023/12/summary,0
http://billing-microsoft-claim-bonus-update-now.cf/index.html,1
https://stripe.com/about?ref=home&id=51202&lang=en,0
https://stripe.com/api/v1/status?ref=home&id=95688&lang=en,0
https://web.whatsapp.com,0
https://microsoft.com/help/center/guide?ref=home&id=56725&lang=en,0
http://user-chase-signin-update-now.ga/index.html,1
https://support.medium.com/articles/overview?ref=home&id=95749&lang=en,0
https://status.mozilla.org/company/careers,0
http://verify.session.ebay-online-portal.ml/confirm.aspx,1
http://secure.portal.appleid-online-portal.click/confirm.aspx,1
https://reuters.com/blog/post/2024/01,0
http://user-bankofamerica-confirm-identity-update-now.work/index.html,1
http://secure.auth.crypto-wallet-online-portal.click/confirm.aspx,1
http://portal-ebay-security-alert-update-now.gq/index.html,1
https://x.com/explore,0
https://status.docker.com/terms,0
http://wellsfargo.com.unlock-account-secure.cf/signin.php?user=85705,1
http://paypal.com.login-secure.download/signin.php?user=52157,1
http://center-microsoft-update-payment-update-now.xyz/index.html,1
http://is.gd/TQ0oz9A,1
http://paypal.com.login-user.top/signin.php?user=72410,1
http://tinyurl.com/9izUy4m,1
https://api.microsoft.com/contact,0
https://nih.gov/company/careers?ref=home&id=73512&lang=en,0
https://docs.python.org/resources/whitepapers,0
http://is.gd/NED2UYc,1
https://gitlab.com,0
https://docs.mozilla.org/features?ref=home&id=77638&lang=en,0
http://shorturl.at/kPcNrAu,1
https://support.mozilla.org/contact?ref=home&id=79774&lang=en,0
http://shorturl.at/cRpM8Z1,1
https://api.w3schools.com/resources/whitepapers?ref=home&id=90550&lang=en,0
https://developer.stackoverflow.com/pricing,0
https://docs.w3schools.com/blog/post/2024/01,0
https://api.linuxfoundation.org/products/catalog?ref=home&id=50343&lang=en,0
http://verify.session.crypto-wallet-online-portal.top/confirm.aspx,1
http://bit.ly/4y8pfZo,1
http://auth-netflix-claim-bonus-update-now.ml/index.html,1
http://rb.gy/k4GBgXF,1
https://status.w3schools.com/archive/2023/12/summary,0
https://api.stripe.com/api/v1/status,0
https://ox.ac.uk/api/v1/status,0
https://blog.google.com/blog/post/2024/01?ref=home&id=30470&lang=en,0
http://rb.gy/V7bZqKs,1
http://billing-paypal-claim-bonus-update-now.ga/index.html,1
http://appleid.com.login-auth.ml/signin.php?user=12082,1
http://amazon.com.confirm-identity-billing.ga/signin.php?user=89129,1
http://rb.gy/m1D6wxD,1
https://blog.linuxfoundation.org/api/v1/status?ref=home&id=59929&lang=en,0
http://amazon.com.claim-bonus-portal.work/signin.php?user=17530,1
https://reuters.com,0
https://support.docker.com/contact,0
http://billing-paypal-recover-access-update-now.ml/index.html,1
http://center-appleid-security-alert-update-now.gq/index.html,1
https://status.cam.ac.uk/articles/overview,0
http://76.54.78.122:9000/ebay/recover-access.php?session_id=192744,1
http://account.portal.bankofamerica-online-portal.xyz/confirm.aspx,1
http://user-paypal-verify-account-update-now.racing/index.html,1
https://www.bloomberg.com,0
https://status.medium.com/terms,0
https://reuters.com/api/v1/status?ref=home&id=47160&lang=en,0
http://paypal.com.signin-secure.ga/signin.php?user=67482,1
http://86.208.83.110:8088/appleid/recover-access.php?session_id=788866,1
https://blog.nature.com/terms,0
https://support.stanford.edu?ref=home&id=8355&lang=en,0
http://t.co/JI4FFzC,1
https://www.reuters.com/help/center/guide?ref=home&id=80964&lang=en,0
http://195.165.50.150/ebay/update-payment.php?session_id=904357,1
https://status.google.com/articles/overview?ref=home&id=75498&lang=en,0
http://ebay.com.recover-access-secure.xyz/signin.php?user=74947,1
https://blog.nature.com/products/catalog,0
https://linuxfoundation.org/help/center/guide?ref=home&id=9968&lang=en,0
https://api.nature.com/blog/post/2024/01?ref=home&id=44236&lang=en,0
https://developer.google.com/products/catalog,0
http://account.portal.bankofamerica-online-portal.ml/confirm.aspx,1
https://developer.google.com/api/v1/status?ref=home&id=11104&lang=en,0
https://support.bankofamerica.com/contact,0
http://bit.ly/cft8U7F,1
http://login.portal.ebay-online-portal.work/confirm.aspx,1
http://tinyurl.com/BvDr7GS,1
http://tinyurl.com/CNySiUa,1
https://support.mozilla.org/api/v1/status?ref=home&id=38450&lang=en,0
https://developer.docker.com/faq,0
https://www.github.com/about?ref=home&id=99328&lang=en,0
http://auth-crypto-wallet-security-alert-update-now.ga/index.html,1
https://docs.cam.ac.uk/resources/whitepapers,0
https://www.reuters.com/blog/post/2024/01,0
https://blog.shopify.com/resources/whitepapers?ref=home&id=1358&lang=en,0
https://developer.fidelity.com/search?category=all&sort=date?ref=home&id=71419&lang=en,0
https://www.wikipedia.org/pricing,0
http://login.session.microsoft-online-portal.click/confirm.aspx,1
http://bit.ly/gdHjbFe,1
https://www.nature.com/contact,0
http://101.5.229.118:9000/appleid/security-alert.php?session_id=469053,1
https://developer.wikipedia.org/archive/2023/12/summary,0
http://107.180.64.171/bankofamerica/update-payment.php?session_id=920738,1
http://netflix.com.login-auth.gq/signin.php?user=70838,1
https://blog.linuxfoundation.org/docs,0
http://verify.session.appleid-online-portal.xyz/confirm.aspx,1
http://201.146.101.56/amazon/claim-bonus.php?session_id=137150,1
https://support.ox.ac.uk/terms?ref=home&id=25561&lang=en,0
https://support.docker.com/terms,0
http://account.portal.bankofamerica-online-portal.ga/confirm.aspx,1
http://secure.auth.appleid-online-portal.racing/confirm.aspx,1
https://www.bankofamerica.com/blog/post/2024/01?ref=home&id=57346&lang=en,0
https://api.microsoft.com/search?category=all&sort=date,0
http://login.auth.paypal-online-portal.download/confirm.aspx,1
https://www.python.org/pricing,0
http://login.session.appleid-online-portal.racing/confirm.aspx,1
http://is.gd/WyqljnR,1
https://www.chase.com/faq,0
https://support.docker.com/blog/post/2024/01?ref=home&id=87275&lang=en,0
http://auth-chase-confirm-identity-update-now.ml/index.html,1
https://api.bloomberg.com/terms,0
https://status.ox.ac.uk,0
http://188.184.108.135/crypto-wallet/update-payment.php?session_id=346617,1
https://blog.cam.ac.uk/resources/whitepapers?ref=home&id=44642&lang=en,0
http://is.gd/8Xr8EQC,1
http://113.71.125.113/netflix/verify-account.php?session_id=372031,1
https://support.microsoft.com/api/v1/status,0
http://user-netflix-claim-bonus-update-now.click/index.html,1
http://account.auth.crypto-wallet-online-portal.cf/confirm.aspx,1
http://bit.ly/WhG2KYf,1
https://developer.apache.org/docs,0
http://apple-id-cloud-storage-full-upgrade-verify.ml/login,1
http://t.co/OzxdxAq,1
https://docs.ox.ac.uk/terms,0
https://blog.github.com/faq,0
http://account.portal.appleid-online-portal.gq/confirm.aspx,1
https://blog.python.org/about,0
https://blog.apache.org/contact?ref=home&id=21214&lang=en,0
https://apache.org/features?ref=home&id=10706&lang=en,0
https://status.microsoft.com/api/v1/status?ref=home&id=89542&lang=en,0
http://shorturl.at/VaZDrkq,1
https://developer.stripe.com/articles/overview,0
https://docs.nih.gov/company/careers,0
http://52.243.78.20/amazon/recover-access.php?session_id=930081,1
http://login.auth.amazon-online-portal.top/confirm.aspx,1
http://login.portal.microsoft-online-portal.loan/confirm.aspx,1
http://rb.gy/Rrj2bUF,1
https://status.mozilla.org/pricing,0
https://developer.linuxfoundation.org/terms,0
https://api.forbes.com?ref=home&id=95659&lang=en,0
https://status.docker.com/about,0
http://wallet-connect-airdrop-reward.top/claim.html,1
https://support.nature.com/docs?ref=home&id=6992&lang=en,0
https://developer.docker.com/features,0
https://support.stripe.com/docs,0
https://api.forbes.com/pricing?ref=home&id=55559&lang=en,0
http://verify.auth.appleid-online-portal.racing/confirm.aspx,1
https://status.google.com/help/center/guide,0
https://www.google.com/search?q=machine+learning+tutorial,0
https://support.reuters.com/contact,0
http://paypal.com.security-alert-portal.work/signin.php?user=90114,1
http://178.62.204.11/ebayisapi.dll?signin&ssl=1,1
http://micros0ft-support-alert.com/defender,1
http://amazon.com.verify-account-client.work/signin.php?user=96190,1
https://www.nasa.gov/contact,0
https://api.cloudflare.com/products/catalog,0
http://session-amazon-confirm-identity-update-now.work/index.html,1
http://client-paypal-unlock-account-update-now.gq/index.html,1
http://100.53.84.147:9000/wellsfargo/confirm-identity.php?session_id=396835,1
http://65.139.44.74/appleid/verify-account.php?session_id=193982,1
http://login.auth.appleid-online-portal.ml/confirm.aspx,1
https://blog.mozilla.org,0
http://183.14.76.218:9000/bankofamerica/confirm-identity.php?session_id=344435,1
http://ebay.com.update-payment-user.click/signin.php?user=96108,1
http://121.177.3.184/wellsfargo/update-payment.php?session_id=933868,1
https://blog.ox.ac.uk/contact?ref=home&id=72267&lang=en,0
https://arxiv.org/abs/1706.03762,0
https://api.wikipedia.org/explore/popular,0
http://auth-appleid-confirm-identity-update-now.work/index.html,1
http://secure.portal.crypto-wallet-online-portal.ml/confirm.aspx,1
https://support.stackoverflow.com/docs?ref=home&id=79265&lang=en,0
https://blog.forbes.com/company/careers,0
https://blog.bloomberg.com/explore/popular?ref=home&id=8152&lang=en,0
http://173.203.251.107:8888/amazon/login.php?session_id=459376,1
https://status.microsoft.com/privacy?ref=home&id=39680&lang=en,0
http://secure.auth.appleid-online-portal.tk/confirm.aspx,1
http://chase.com.recover-access-center.loan/signin.php?user=53953,1
http://116.153.138.40/ebay/verify-account.php?session_id=586173,1
https://api.docker.com/articles/overview,0
https://blog.nih.gov/docs?ref=home&id=2792&lang=en,0
http://wellsfargo.com.recover-access-user.loan/signin.php?user=10208,1
https://support.bankofamerica.com/company/careers,0
http://t.co/mf5xgqM,1
http://verify.session.paypal-online-portal.top/confirm.aspx,1
http://netflix.com.claim-bonus-portal.xyz/signin.php?user=71220,1
http://rb.gy/yY21eFR,1
https://api.bankofamerica.com/company/careers,0
http://90.137.156.221/bankofamerica/login.php?session_id=154673,1
https://blog.bloomberg.com/contact?ref=home&id=54271&lang=en,0
http://75.31.247.179/appleid/confirm-identity.php?session_id=829937,1
https://status.cam.ac.uk/features,0
https://developer.stanford.edu/faq?ref=home&id=8146&lang=en,0
https://status.python.org/api/v1/status,0
https://www.google.com/resources/whitepapers,0
https://support.bankofamerica.com/features?ref=home&id=88946&lang=en,0
https://www.github.com/blog/post/2024/01?ref=home&id=71932&lang=en,0
https://support.fidelity.com/company/careers,0
https://status.mit.edu/docs,0
http://client-bankofamerica-update-payment-update-now.ga/index.html,1
http://verify.session.wellsfargo-online-portal.top/confirm.aspx,1
http://bit.ly/hkuxJrN,1
https://support.bankofamerica.com/archive/2023/12/summary?ref=home&id=18556&lang=en,0
https://docs.stanford.edu/products/catalog,0
http://secure-paypal-confirm-identity-update-now.top/index.html,1
https://www.nasa.gov/explore/popular,0
http://secure.session.appleid-online-portal.ga/confirm.aspx,1
https://developer.mozilla.org/resources/whitepapers,0
https://api.mozilla.org/archive/2023/12/summary,0
https://api.amazon.com/faq,0
https://support.stanford.edu/api/v1/status?ref=home&id=31595&lang=en,0
http://amazon.com.unlock-account-session.click/signin.php?user=23207,1
http://secure.portal.appleid-online-portal.loan/confirm.aspx,1
https://apache.org/company/careers,0
http://crypto-wallet.com.unlock-account-auth.ga/signin.php?user=69515,1
https://api.chase.com/features?ref=home&id=87374&lang=en,0
http://session-bankofamerica-security-alert-update-now.racing/index.html,1
https://status.wikipedia.org/docs?ref=home&id=14487&lang=en,0
https://www.fidelity.com/company/careers,0
http://user-amazon-verify-account-update-now.work/index.html,1
http://160.203.170.158/chase/verify-account.php?session_id=887803,1
http://ebay.com.update-payment-session.racing/signin.php?user=82478,1
http://user-chase-verify-account-update-now.loan/index.html,1
https://support.nih.gov,0
https://api.w3schools.com/api/v1/status,0
https://docs.python.org/features,0
https://status.stanford.edu/contact,0
http://bit.ly/cbQsoFU,1
https://support.stackoverflow.com/terms?ref=home&id=32217&lang=en,0
http://amazon.security-alert-order-refund.cf/confirm.php,1
http://193.61.90.28/chase/claim-bonus.php?session_id=635859,1
http://141.197.111.52:8888/bankofamerica/recover-access.php?session_id=733727,1
http://shorturl.at/07hxMbc,1
https://www.theguardian.com/technology,0
http://bit.ly/alfO2zY,1
http://user-wellsfargo-update-payment-update-now.download/index.html,1
https://developer.cloudflare.com/help/center/guide?ref=home&id=96317&lang=en,0
http://appleid.com.update-payment-billing.ga/signin.php?user=75878,1
http://user-ebay-claim-bonus-update-now.ml/index.html,1
http://123.174.114.60/crypto-wallet/unlock-account.php?session_id=742349,1
http://crypto-wallet.com.signin-portal.ml/signin.php?user=75161,1
http://48.19.19.147:9000/amazon/unlock-account.php?session_id=256085,1
http://chase-bank.com:9000/auth/signin-user-verification,1
http://paypal.com.confirm-identity-user.cf/signin.php?user=96661,1
http://193.139.85.6/netflix/security-alert.php?session_id=363592,1
http://121.226.250.106/bankofamerica/security-alert.php?session_id=961613,1
https://api.mit.edu/contact,0
http://appleid.com.signin-center.click/signin.php?user=81938,1
http://shorturl.at/txCcI1s,1
http://auth-chase-confirm-identity-update-now.work/index.html,1
http://crypto-wallet.com.signin-secure.click/signin.php?user=95767,1
http://tinyurl.com/0d38aI8,1
https://blog.microsoft.com/api/v1/status?ref=home&id=82232&lang=en,0
https://telegram.org,0
https://support.bloomberg.com/terms,0
http://account.auth.bankofamerica-online-portal.click/confirm.aspx,1
https://developer.mozilla.org/features,0
https://www.fidelity.com/terms,0
https://forbes.com/archive/2023/12/summary,0
https://apple.com/articles/overview?ref=home&id=37458&lang=en,0
http://account.portal.appleid-online-portal.click/confirm.aspx,1
https://status.w3schools.com/faq,0
https://status.bloomberg.com/contact,0
https://developer.python.org/blog/post/2024/01,0
https://api.cam.ac.uk/help/center/guide,0
https://api.reuters.com/contact?ref=home&id=30067&lang=en,0
http://session-amazon-recover-access-update-now.gq/index.html,1
http://119.61.189.110:8888/netflix/signin.php?session_id=622952,1
https://support.stackoverflow.com/api/v1/status?ref=home&id=18188&lang=en,0
https://api.forbes.com/products/catalog,0
http://91.108.4.12/netflix/billing-update-required/,1
https://support.w3schools.com/features?ref=home&id=98471&lang=en,0
http://login.session.bankofamerica-online-portal.top/confirm.aspx,1
http://user-amazon-security-alert-update-now.ml/index.html,1
http://appleid.com.verify-account-secure.cf/signin.php?user=25000,1
https://status.shopify.com/features,0
http://ebay.com.security-alert-center.gq/signin.php?user=73809,1
http://141.214.109.175/microsoft/claim-bonus.php?session_id=370589,1
https://support.medium.com/docs,0
https://support.python.org/pricing,0
https://cam.ac.uk/privacy?ref=home&id=29534&lang=en,0
https://api.medium.com/explore/popular,0
http://microsoft.com.login-session.click/signin.php?user=36041,1
http://portal-wellsfargo-verify-account-update-now.gq/index.html,1
http://208.248.138.210/bankofamerica/update-payment.php?session_id=621718,1
http://billing-bankofamerica-claim-bonus-update-now.ml/index.html,1
https://api.shopify.com/company/careers?ref=home&id=79311&lang=en,0
http://appleid.com.recover-access-client.download/signin.php?user=27991,1
https://docs.amazon.com/pricing?ref=home&id=47548&lang=en,0
http://155.43.228.9/ebay/security-alert.php?session_id=407729,1
http://shorturl.at/QkdwD6h,1
http://bit.ly/aZLjTXm,1
https://w3schools.com/resources/whitepapers?ref=home&id=73255&lang=en,0
http://account.session.wellsfargo-online-portal.work/confirm.aspx,1
http://wellsfargo.com.recover-access-billing.racing/signin.php?user=28355,1
https://forbes.com/archive/2023/12/summary,0
https://developer.linuxfoundation.org/contact,0
http://amazon.com.confirm-identity-billing.download/signin.php?user=91844,1
https://www.w3schools.com/privacy?ref=home&id=27253&lang=en,0
https://support.python.org/privacy?ref=home&id=98110&lang=en,0
http://account.portal.appleid-online-portal.racing/confirm.aspx,1
http://rb.gy/U6ngnrz,1
http://account.session.amazon-online-portal.work/confirm.aspx,1
https://www.docker.com/terms,0
http://verify.portal.chase-online-portal.ga/confirm.aspx,1
https://api.amazon.com/articles/overview,0
https://developer.stanford.edu,0
https://nasa.gov/api/v1/status,0
https://stanford.edu/features,0
http://bankofamerica.com.claim-bonus-auth.ml/signin.php?user=49441,1
http://bit.ly/XiKd33n,1
http://176.61.75.11/appleid/security-alert.php?session_id=383571,1
http://148.177.196.201:9000/chase/signin.php?session_id=894122,1
http://verify.session.microsoft-online-portal.cf/confirm.aspx,1
http://134.235.65.129:8888/paypal/security-alert.php?session_id=772844,1
http://account.portal.netflix-online-portal.cf/confirm.aspx,1
https://forbes.com/docs,0
https://docs.bankofamerica.com/faq,0
http://204.183.235.99/bankofamerica/signin.php?session_id=297995,1
http://rb.gy/AB5E8Zi,1
https://docs.stanford.edu/about,0
http://rb.gy/o3zajxY,1
https://api.stanford.edu/docs,0
http://164.246.161.20/netflix/confirm-identity.php?session_id=428817,1
https://support.bankofamerica.com/help/center/guide,0
http://wellsfargo.com.verify-account-center.loan/signin.php?user=72111,1
https://w3schools.com/contact,0
http://bankofamerica.com.verify-account-user.download/signin.php?user=70856,1
http://bankofamerica.com.login-secure.gq/signin.php?user=25031,1
http://secure-paypal-update-payment-update-now.top/index.html,1
http://bit.ly/JEIHDIj,1
http://amazon.com.login-user.top/signin.php?user=88959,1
http://login.auth.chase-online-portal.click/confirm.aspx,1
https://developer.ox.ac.uk/resources/whitepapers,0
http://verify.session.netflix-online-portal.top/confirm.aspx,1
https://api.nasa.gov/explore/popular,0
https://www.nih.gov/contact?ref=home&id=78015&lang=en,0
http://rb.gy/tfOc6lb,1
https://apache.org/features,0
http://202.21.20.187:8080/netflix/signin.php?session_id=188693,1
http://billing-amazon-recover-access-update-now.xyz/index.html,1
https://api.shopify.com/help/center/guide?ref=home&id=48124&lang=en,0
https://api.apache.org/articles/overview,0
http://center-paypal-login-update-now.gq/index.html,1
https://api.reuters.com?ref=home&id=27137&lang=en,0
http://verify.session.crypto-wallet-online-portal.work/confirm.aspx,1
http://159.132.160.87/bankofamerica/unlock-account.php?session_id=528818,1
https://support.github.com/contact?ref=home&id=31339&lang=en,0
https://blog.ox.ac.uk/blog/post/2024/01,0
https://docs.amazon.com/explore/popular,0
https://forbes.com/faq,0
https://reuters.com/resources/whitepapers,0
http://billing-appleid-verify-account-update-now.loan/index.html,1
https://blog.bloomberg.com/privacy,0
http://126.211.50.175/chase/update-payment.php?session_id=201295,1
http://account.portal.crypto-wallet-online-portal.cf/confirm.aspx,1
https://www.stripe.com/explore/popular,0
http://amazon.com.update-payment-billing.ga/signin.php?user=79125,1
http://account.auth.crypto-wallet-online-portal.xyz/confirm.aspx,1
https://www.w3schools.com/archive/2023/12/summary,0
https://developer.nasa.gov/about,0
http://amazon.com.security-alert-portal.ga/signin.php?user=39350,1
http://client-wellsfargo-recover-access-update-now.work/index.html,1
http://session-paypal-security-alert-update-now.ml/index.html,1
http://center-bankofamerica-claim-bonus-update-now.tk/index.html,1
https://amazon.com/company/careers?ref=home&id=81623&lang=en,0
http://193.2.13.198/bankofamerica/update-payment.php?session_id=492843,1
https://stackoverflow.com/about,0
https://support.amazon.com/terms,0
http://chase.com.verify-account-center.gq/signin.php?user=24464,1
https://status.ox.ac.uk/terms?ref=home&id=13676&lang=en,0
http://116.147.103.206/netflix/signin.php?session_id=706279,1
https://support.medium.com,0
http://tinyurl.com/fFjhEjO,1
https://developer.w3schools.com/products/catalog,0
https://support.forbes.com/blog/post/2024/01?ref=home&id=13571&lang=en,0
https://docs.bloomberg.com/blog/post/2024/01,0
https://api.chase.com/about,0
http://wellsfargo.com.unlock-account-center.cf/signin.php?user=29722,1
http://shorturl.at/i1L9rPz,1
http://paypal.com.security-alert-session.ml/signin.php?user=42759,1
http://amazon.com.update-payment-center.gq/signin.php?user=16990,1
https://w3schools.com/api/v1/status,0
https://docs.stackoverflow.com/help/center/guide,0
http://t.co/pQxy435,1
http://user-microsoft-unlock-account-update-now.xyz/index.html,1
http://shorturl.at/C4bVfi4,1
https://stackexchange.com,0
https://support.wikipedia.org/docs,0
http://secure-chase-signin-update-now.click/index.html,1
https://api.microsoft.com/articles/overview,0
https://blog.mit.edu/products/catalog?ref=home&id=8989&lang=en,0
http://verify.auth.crypto-wallet-online-portal.click/confirm.aspx,1
https://docs.linuxfoundation.org/resources/whitepapers,0
http://120.217.49.110/bankofamerica/update-payment.php?session_id=994376,1
http://crypto-wallet.com.unlock-account-user.loan/signin.php?user=56152,1
http://bit.ly/oAEVVKU,1
https://nasa.gov/features?ref=home&id=28125&lang=en,0
http://billing-crypto-wallet-security-alert-update-now.download/index.html,1
http://login.portal.appleid-online-portal.loan/confirm.aspx,1
http://bit.ly/MKbR5ex,1
http://billing-amazon-security-alert-update-now.cf/index.html,1
http://app1e-device-finder.com/icloud/find,1
https://www.nature.com/api/v1/status,0
http://microsoft.com.claim-bonus-session.xyz/signin.php?user=90684,1
http://paypal.com.update-payment-session.work/signin.php?user=92557,1
https://blog.stripe.com/articles/overview,0
http://shorturl.at/ZEnm6Yq,1
https://google.com?ref=home&id=81495&lang=en,0
http://secure.portal.amazon-online-portal.xyz/confirm.aspx,1
http://microsoft.com.signin-auth.gq/signin.php?user=44754,1
http://65.78.206.189/wellsfargo/unlock-account.php?session_id=467820,1
http://verify.session.paypal-online-portal.loan/confirm.aspx,1
https://blog.apple.com/about?ref=home&id=89299&lang=en,0
https://docs.reuters.com/blog/post/2024/01,0
https://wikipedia.org/about,0
https://blog.mit.edu/api/v1/status,0
https://www.amazon.com/about,0
https://developer.stanford.edu/terms,0
http://40.40.68.77/microsoft/signin.php?session_id=401663,1
http://paypal.com.recover-access-user.top/signin.php?user=63495,1
https://support.linuxfoundation.org/pricing,0
http://t.co/Y8Qu8Ji,1
https://developer.mozilla.org/terms?ref=home&id=51351&lang=en,0
http://tinyurl.com/lalJLb8,1
http://session-paypal-confirm-identity-update-now.download/index.html,1
https://www.cloudflare.com/pricing?ref=home&id=7626&lang=en,0
http://crypto-wallet.com.verify-account-billing.racing/signin.php?user=73234,1
http://bankofamerica.com.login-billing.loan/signin.php?user=70322,1
https://www.medium.com/about,0
https://cam.ac.uk/help/center/guide?ref=home&id=50615&lang=en,0
http://client-appleid-signin-update-now.racing/index.html,1
http://session-appleid-recover-access-update-now.ga/index.html,1
http://67.147.187.251/ebay/signin.php?session_id=822106,1
https://developer.stanford.edu/contact,0
https://stackoverflow.com/pricing,0
https://status.amazon.com/blog/post/2024/01?ref=home&id=32571&lang=en,0
http://verify.session.amazon-online-portal.click/confirm.aspx,1
http://161.62.246.88/paypal/recover-access.php?session_id=348243,1
http://verify-identity-documents.ml/upload.php,1
https://status.stanford.edu/products/catalog,0
https://support.mozilla.org/resources/whitepapers,0
http://login.portal.chase-online-portal.cf/confirm.aspx,1
http://shorturl.at/GPqZf3v,1
https://api.nasa.gov/contact,0
https://www.nasa.gov/blog/post/2024/01,0
http://login.session.amazon-online-portal.top/confirm.aspx,1
http://shorturl.at/7LlRFOq,1
http://rb.gy/Hpk6Rg9,1
https://support.mozilla.org/pricing,0
https://python.org/features,0
http://161.241.174.95/appleid/login.php?session_id=615530,1
https://blog.mit.edu/articles/overview,0
http://microsoft.com.recover-access-session.tk/signin.php?user=29443,1
https://api.stackoverflow.com/docs,0
http://microsoft.com.confirm-identity-user.ga/signin.php?user=82450,1
https://developer.python.org,0
http://account.session.appleid-online-portal.gq/confirm.aspx,1
http://chase.com.signin-portal.top/signin.php?user=15017,1
https://support.chase.com,0
http://secure.auth.bankofamerica-online-portal.ml/confirm.aspx,1
http://bit.ly/q7lyGgX,1
http://155.191.86.67/wellsfargo/recover-access.php?session_id=949363,1
http://bankofamerica.com.claim-bonus-portal.top/signin.php?user=73525,1
http://bankofamerica.com.security-alert-user.work/signin.php?user=81071,1
https://www.netflix.com/browse,0
http://amazon.com.security-alert-secure.work/signin.php?user=91744,1
http://100.237.186.154:8888/microsoft/recover-access.php?session_id=774865,1
http://chase.com.login-auth.loan/signin.php?user=94498,1
http://auth-chase-claim-bonus-update-now.xyz/index.html,1
http://ebay.com.signin-center.work/signin.php?user=40497,1
http://session-ebay-security-alert-update-now.top/index.html,1
http://secure.session.appleid-online-portal.top/confirm.aspx,1
https://support.stripe.com/contact?ref=home&id=80498&lang=en,0
https://support.forbes.com/privacy,0
https://docs.wikipedia.org/articles/overview,0
http://151.76.185.237/amazon/claim-bonus.php?session_id=489684,1
https://www.chase.com,0
https://developer.reuters.com/about,0
https://blog.python.org/pricing,0
https://developer.apple.com?ref=home&id=70531&lang=en,0
http://faceb00k-security-notifications.com/checkpoint,1
http://session-amazon-security-alert-update-now.cf/index.html,1
https://www.microsoft.com/faq?ref=home&id=59073&lang=en,0
http://58.190.236.91/microsoft/confirm-identity.php?session_id=876677,1
https://www.w3schools.com/resources/whitepapers,0
http://portal-netflix-claim-bonus-update-now.work/index.html,1
https://www.wellsfargo.com,0
https://api.stripe.com/search?category=all&sort=date,0
http://wellsfargo.com.recover-access-secure.download/signin.php?user=54729,1
https://huggingface.co/models,0
https://blog.ox.ac.uk/products/catalog,0
https://api.bloomberg.com/search?category=all&sort=date,0
https://www.stackoverflow.com/features?ref=home&id=99608&lang=en,0
http://bit.ly/hibvQiB,1
https://blog.google.com/search?category=all&sort=date,0
http://account.portal.netflix-online-portal.ga/confirm.aspx,1
https://support.apple.com/features,0
https://support.forbes.com/docs,0
http://117.71.118.52/chase/security-alert.php?session_id=704190,1
http://is.gd/gdxMvcO,1
https://www.mozilla.org/faq?ref=home&id=62824&lang=en,0
http://ebay.com.confirm-identity-client.ml/signin.php?user=40462,1
http://152.3.120.10/wellsfargo/unlock-account.php?session_id=683646,1
http://crypto-wallet.com.signin-billing.racing/signin.php?user=43947,1
https://docs.nih.gov/api/v1/status,0
https://docs.wikipedia.org/resources/whitepapers?ref=home&id=24176&lang=en,0
http://secure.auth.bankofamerica-online-portal.cf/confirm.aspx,1
http://tinyurl.com/CYkJ6lr,1
https://developer.stackoverflow.com/api/v1/status,0
https://blog.cloudflare.com/terms,0
http://bit.ly/nxOHObV,1
https://status.chase.com/about?ref=home&id=83074&lang=en,0
https://docs.wikipedia.org/company/careers,0
http://wellsfargo.com.recover-access-center.ml/signin.php?user=36462,1
https://status.apache.org/search?category=all&sort=date,0
https://wikipedia.org/resources/whitepapers,0
https://developer.nasa.gov/help/center/guide?ref=home&id=38858&lang=en,0
https://support.medium.com,0
http://account.auth.crypto-wallet-online-portal.cf/confirm.aspx,1
http://appleid.com.recover-access-secure.ml/signin.php?user=50537,1
https://www.ox.ac.uk/resources/whitepapers,0
http://is.gd/myJI9Gp,1
https://docs.w3schools.com/terms,0
http://account.session.amazon-online-portal.top/confirm.aspx,1
http://auth-wellsfargo-signin-update-now.cf/index.html,1
https://developer.linuxfoundation.org/api/v1/status,0
https://developer.amazon.com/privacy,0
https://docs.nature.com/contact,0
http://70.23.220.155/appleid/confirm-identity.php?session_id=779378,1
http://tinyurl.com/TcCVG8D,1
https://developer.chase.com/resources/whitepapers,0
https://support.bankofamerica.com/about?ref=home&id=18146&lang=en,0
http://user-netflix-confirm-identity-update-now.tk/index.html,1
http://auth-amazon-unlock-account-update-now.top/index.html,1
http://101.69.22.251/crypto-wallet/login.php?session_id=928611,1
https://www.linuxfoundation.org,0
http://appleid.com.update-payment-auth.loan/signin.php?user=59570,1
http://shorturl.at/ilbVaqz,1
https://docs.docker.com/blog/post/2024/01,0
http://tinyurl.com/MrUPimL,1
http://140.143.210.138:8080/ebay/unlock-account.php?session_id=890110,1
https://support.fidelity.com/about?ref=home&id=75443&lang=en,0
https://developer.medium.com/contact?ref=home&id=53187&lang=en,0
https://developer.docker.com/help/center/guide?ref=home&id=74608&lang=en,0
http://portal-netflix-claim-bonus-update-now.gq/index.html,1
https://developer.python.org/faq,0
https://api.bankofamerica.com/search?category=all&sort=date?ref=home&id=74905&lang=en,0
https://w3schools.com/explore/popular?ref=home&id=34126&lang=en,0
http://billing-amazon-confirm-identity-update-now.download/index.html,1
http://microsoft.com.signin-secure.cf/signin.php?user=34596,1
https://developer.apple.com/contact,0
http://173.197.169.191/amazon/login.php?session_id=427305,1
http://verify.session.bankofamerica-online-portal.ga/confirm.aspx,1
https://python.org/blog/post/2024/01,0
https://www.stackoverflow.com/faq?ref=home&id=67353&lang=en,0
http://shorturl.at/neMGXMR,1
http://crypto-wallet.com.claim-bonus-user.download/signin.php?user=54909,1
https://www.nih.gov/health-information,0
http://shorturl.at/62n65OM,1
http://netflix.com.login-billing.xyz/signin.php?user=78464,1
https://status.nature.com/explore/popular,0
http://t.co/JvNBNZc,1
https://blog.bankofamerica.com/search?category=all&sort=date,0
http://bit.ly/34cNefX,1
https://support.apple.com/search?category=all&sort=date,0
https://blog.docker.com,0
http://is.gd/UHqyARV,1
http://login.portal.chase-online-portal.gq/confirm.aspx,1
https://www.fidelity.com/blog/post/2024/01,0
http://127.252.22.248/appleid/verify-account.php?session_id=889327,1
https://docs.shopify.com/api/v1/status?ref=home&id=61901&lang=en,0
http://215.163.139.205/crypto-wallet/security-alert.php?session_id=460234,1
http://bankofamerica.com.update-payment-session.xyz/signin.php?user=59425,1
http://bit.ly/8uZnTYR,1
https://status.shopify.com/products/catalog?ref=home&id=8518&lang=en,0
https://status.stanford.edu/features,0
https://forbes.com/privacy,0
http://auth-bankofamerica-confirm-identity-update-now.download/index.html,1
https://blog.ox.ac.uk/blog/post/2024/01?ref=home&id=27100&lang=en,0
http://login.session.amazon-online-portal.xyz/confirm.aspx,1
http://secure.auth.paypal-online-portal.xyz/confirm.aspx,1
http://136.99.6.29:8080/paypal/login.php?session_id=380658,1
https://blog.chase.com/resources/whitepapers,0
https://chase.com/contact,0
http://shorturl.at/sf7ID4H,1
http://wellsfargo.com.claim-bonus-auth.ga/signin.php?user=16621,1
https://www.ebay.com/itm/123456789012,0
https://www.amazon.com/help/center/guide,0
https://blog.nih.gov/resources/whitepapers,0
http://verify.auth.appleid-online-portal.click/confirm.aspx,1
http://rb.gy/Hkxv78J,1
http://netflix.com.confirm-identity-portal.tk/signin.php?user=37292,1
https://docs.apple.com/privacy?ref=home&id=45966&lang=en,0
https://api.ox.ac.uk/company/careers,0
http://tinyurl.com/r2haOi2,1
http://secure.session.bankofamerica-online-portal.download/confirm.aspx,1
http://center-amazon-verify-account-update-now.top/index.html,1
http://rb.gy/tyCeYOw,1
http://verify.portal.appleid-online-portal.ml/confirm.aspx,1
http://tinyurl.com/xh4pHVh,1
http://122.111.217.105/amazon/signin.php?session_id=589251,1
http://t.co/OQrv8IU,1
https://developer.stanford.edu/blog/post/2024/01,0
https://www.microsoft.com/contact,0
http://login.portal.netflix-online-portal.work/confirm.aspx,1
https://w3schools.com/help/center/guide?ref=home&id=46519&lang=en,0
https://github.com/docs?ref=home&id=50689&lang=en,0
http://124.7.73.175/chase/confirm-identity.php?session_id=211222,1
http://microsoft.com.signin-center.top/signin.php?user=59756,1
http://117.214.173.141/microsoft/verify-account.php?session_id=221297,1
https://zoom.us/join,0
http://t.co/Ls8GOio,1
http://netflix.com.recover-access-client.click/signin.php?user=39151,1
http://client-wellsfargo-update-payment-update-now.tk/index.html,1
http://87.176.130.221:8088/microsoft/recover-access.php?session_id=163766,1
https://developer.apple.com/archive/2023/12/summary,0
http://ebay.com.claim-bonus-user.work/signin.php?user=49326,1
https://status.forbes.com/blog/post/2024/01?ref=home&id=68215&lang=en,0
https://www.youtube.com/watch?v=dQw4w9WgXcQ,0
http://billing-netflix-unlock-account-update-now.download/index.html,1
https://status.shopify.com/contact,0
http://173.28.116.117/paypal/update-payment.php?session_id=514828,1
